run_id,orientation,temperature_K,chemical_seed,velocity_seed,strain_bin,strain_mean,stress_GPa_mean,raw_samples
compact_100_chem20260825_T300_rate0p005,100,300,20260825,20260901,0,0.00044999999999991575,0.030293519,10
compact_100_chem20260825_T300_rate0p005,100,300,20260825,20260901,1,0.0014500000000000001,0.11546094,10
compact_100_chem20260825_T300_rate0p005,100,300,20260825,20260901,2,0.00245,0.19637745,10
compact_100_chem20260825_T300_rate0p005,100,300,20260825,20260901,3,0.0034500000000000004,0.13130706,10
compact_100_chem20260825_T300_rate0p005,100,300,20260825,20260901,4,0.00445,0.27572551,10
compact_100_chem20260825_T300_rate0p005,100,300,20260825,20260901,5,0.005450000000000001,0.3582056,10
compact_100_chem20260825_T300_rate0p005,100,300,20260825,20260901,6,0.00645,0.3760061,10
compact_100_chem20260825_T300_rate0p005,100,300,20260825,20260901,7,0.007450000000000001,0.505954,10
compact_100_chem20260825_T300_rate0p005,100,300,20260825,20260901,8,0.008450000000000001,0.4800593999999999,10
compact_100_chem20260825_T300_rate0p005,100,300,20260825,20260901,9,0.00945,0.6623015000000001,10
compact_100_chem20260825_T300_rate0p005,100,300,20260825,20260901,10,0.010450000000000001,0.7119357,10
compact_100_chem20260825_T300_rate0p005,100,300,20260825,20260901,11,0.011450000000000002,0.7652193,10
compact_100_chem20260825_T300_rate0p005,100,300,20260825,20260901,12,0.01245,0.8870785,10
compact_100_chem20260825_T300_rate0p005,100,300,20260825,20260901,13,0.013449999999999998,0.8489300999999999,10
compact_100_chem20260825_T300_rate0p005,100,300,20260825,20260901,14,0.01445,0.9555836,10
compact_100_chem20260825_T300_rate0p005,100,300,20260825,20260901,15,0.01545,0.9149206,10
compact_100_chem20260825_T300_rate0p005,100,300,20260825,20260901,16,0.01645,1.0704083,10
compact_100_chem20260825_T300_rate0p005,100,300,20260825,20260901,17,0.01745,1.187961,10
compact_100_chem20260825_T300_rate0p005,100,300,20260825,20260901,18,0.01845,1.15623,10
compact_100_chem20260825_T300_rate0p005,100,300,20260825,20260901,19,0.019450000000000002,1.1994159,10
compact_100_chem20260825_T300_rate0p005,100,300,20260825,20260901,20,0.02045,1.1919499999999998,10
compact_100_chem20260825_T300_rate0p005,100,300,20260825,20260901,21,0.02145,1.338435,10
compact_100_chem20260825_T300_rate0p005,100,300,20260825,20260901,22,0.02245,1.473875,10
compact_100_chem20260825_T300_rate0p005,100,300,20260825,20260901,23,0.023450000000000002,1.459491,10
compact_100_chem20260825_T300_rate0p005,100,300,20260825,20260901,24,0.02445,1.558182,10
compact_100_chem20260825_T300_rate0p005,100,300,20260825,20260901,25,0.02545,1.5394260000000002,10
compact_100_chem20260825_T300_rate0p005,100,300,20260825,20260901,26,0.026449999999999994,1.6391909999999998,10
compact_100_chem20260825_T300_rate0p005,100,300,20260825,20260901,27,0.027449999999999995,1.7273500000000002,10
compact_100_chem20260825_T300_rate0p005,100,300,20260825,20260901,28,0.028449999999999996,1.804267,10
compact_100_chem20260825_T300_rate0p005,100,300,20260825,20260901,29,0.029449999999999997,1.847664,10
compact_100_chem20260825_T300_rate0p005,100,300,20260825,20260901,30,0.030449999999999998,1.91418,10
compact_100_chem20260825_T300_rate0p005,100,300,20260825,20260901,31,0.03144999999999999,1.94161,10
compact_100_chem20260825_T300_rate0p005,100,300,20260825,20260901,32,0.03244999999999999,2.0109839999999997,10
compact_100_chem20260825_T300_rate0p005,100,300,20260825,20260901,33,0.033449999999999994,2.0110099999999997,10
compact_100_chem20260825_T300_rate0p005,100,300,20260825,20260901,34,0.034449999999999995,2.1310469999999997,10
compact_100_chem20260825_T300_rate0p005,100,300,20260825,20260901,35,0.035449999999999995,2.1213240000000004,10
compact_100_chem20260825_T300_rate0p005,100,300,20260825,20260901,36,0.036449999999999996,2.210584,10
compact_100_chem20260825_T300_rate0p005,100,300,20260825,20260901,37,0.03745,2.3052720000000004,10
compact_100_chem20260825_T300_rate0p005,100,300,20260825,20260901,38,0.03845,2.212319,10
compact_100_chem20260825_T300_rate0p005,100,300,20260825,20260901,39,0.03945,2.434432,10
compact_100_chem20260825_T300_rate0p005,100,300,20260825,20260901,40,0.04045,2.415647,10
compact_100_chem20260825_T300_rate0p005,100,300,20260825,20260901,41,0.04145,2.4775419999999997,10
compact_100_chem20260825_T300_rate0p005,100,300,20260825,20260901,42,0.04245,2.463206,10
compact_100_chem20260825_T300_rate0p005,100,300,20260825,20260901,43,0.04345,2.6725280000000002,10
compact_100_chem20260825_T300_rate0p005,100,300,20260825,20260901,44,0.04445,2.5224159999999998,10
compact_100_chem20260825_T300_rate0p005,100,300,20260825,20260901,45,0.045450000000000004,2.6245140000000005,10
compact_100_chem20260825_T300_rate0p005,100,300,20260825,20260901,46,0.04645,2.774972,10
compact_100_chem20260825_T300_rate0p005,100,300,20260825,20260901,47,0.04745,2.7572330000000003,10
compact_100_chem20260825_T300_rate0p005,100,300,20260825,20260901,48,0.04845,2.9096819999999997,10
compact_100_chem20260825_T300_rate0p005,100,300,20260825,20260901,49,0.04945,2.775057,10
compact_100_chem20260825_T300_rate0p005,100,300,20260825,20260901,50,0.050449999999999995,2.901462,10
compact_100_chem20260825_T300_rate0p005,100,300,20260825,20260901,51,0.051449999999999996,2.893846,10
compact_100_chem20260825_T300_rate0p005,100,300,20260825,20260901,52,0.05245,2.983032,10
compact_100_chem20260825_T300_rate0p005,100,300,20260825,20260901,53,0.05345,3.030693,10
compact_100_chem20260825_T300_rate0p005,100,300,20260825,20260901,54,0.05445,3.058363,10
compact_100_chem20260825_T300_rate0p005,100,300,20260825,20260901,55,0.05545,3.119383,10
compact_100_chem20260825_T300_rate0p005,100,300,20260825,20260901,56,0.05645,3.1949639999999997,10
compact_100_chem20260825_T300_rate0p005,100,300,20260825,20260901,57,0.05744999999999999,3.250394,10
compact_100_chem20260825_T300_rate0p005,100,300,20260825,20260901,58,0.05844999999999999,3.1820829999999996,10
compact_100_chem20260825_T300_rate0p005,100,300,20260825,20260901,59,0.05944999999999999,3.29351,10
compact_100_chem20260825_T300_rate0p005,100,300,20260825,20260901,60,0.06044999999999999,3.3593850000000005,10
compact_100_chem20260825_T300_rate0p005,100,300,20260825,20260901,61,0.06144999999999999,3.362331,10
compact_100_chem20260825_T300_rate0p005,100,300,20260825,20260901,62,0.06244999999999999,3.3060489999999993,10
compact_100_chem20260825_T300_rate0p005,100,300,20260825,20260901,63,0.06344999999999999,3.472634,10
compact_100_chem20260825_T300_rate0p005,100,300,20260825,20260901,64,0.06444999999999998,3.510373,10
compact_100_chem20260825_T300_rate0p005,100,300,20260825,20260901,65,0.06544999999999998,3.364353,10
compact_100_chem20260825_T300_rate0p005,100,300,20260825,20260901,66,0.06644999999999998,3.5359339999999997,10
compact_100_chem20260825_T300_rate0p005,100,300,20260825,20260901,67,0.06744999999999998,3.6187959999999997,10
compact_100_chem20260825_T300_rate0p005,100,300,20260825,20260901,68,0.06844999999999998,3.651160999999999,10
compact_100_chem20260825_T300_rate0p005,100,300,20260825,20260901,69,0.06944999999999998,3.6480650000000003,10
compact_100_chem20260825_T300_rate0p005,100,300,20260825,20260901,70,0.07044999999999998,3.696432,10
compact_100_chem20260825_T300_rate0p005,100,300,20260825,20260901,71,0.07144999999999999,3.6737119999999996,10
compact_100_chem20260825_T300_rate0p005,100,300,20260825,20260901,72,0.07244999999999999,3.697132,10
compact_100_chem20260825_T300_rate0p005,100,300,20260825,20260901,73,0.07344999999999999,3.847157,10
compact_100_chem20260825_T300_rate0p005,100,300,20260825,20260901,74,0.07444999999999999,3.770828999999999,10
compact_100_chem20260825_T300_rate0p005,100,300,20260825,20260901,75,0.07544999999999999,3.884788999999999,10
compact_100_chem20260825_T300_rate0p005,100,300,20260825,20260901,76,0.07644999999999999,3.907682,10
compact_100_chem20260825_T300_rate0p005,100,300,20260825,20260901,77,0.07744999999999999,3.923108,10
compact_100_chem20260825_T300_rate0p005,100,300,20260825,20260901,78,0.07844999999999999,3.685088999999999,10
compact_100_chem20260825_T300_rate0p005,100,300,20260825,20260901,79,0.07944999999999999,3.930558,10
compact_100_chem20260825_T300_rate0p005,100,300,20260825,20260901,80,0.08045,4.0079389999999995,10
compact_100_chem20260825_T300_rate0p005,100,300,20260825,20260901,81,0.08145,3.9289539999999996,10
compact_100_chem20260825_T300_rate0p005,100,300,20260825,20260901,82,0.08245,4.096792000000001,10
compact_100_chem20260825_T300_rate0p005,100,300,20260825,20260901,83,0.08345,4.058694,10
compact_100_chem20260825_T300_rate0p005,100,300,20260825,20260901,84,0.08445,4.011687,10
compact_100_chem20260825_T300_rate0p005,100,300,20260825,20260901,85,0.08545,4.165757999999999,10
compact_100_chem20260825_T300_rate0p005,100,300,20260825,20260901,86,0.08645,4.125843000000001,10
compact_100_chem20260825_T300_rate0p005,100,300,20260825,20260901,87,0.08745,4.016634,10
compact_100_chem20260825_T300_rate0p005,100,300,20260825,20260901,88,0.08845,4.070014,10
compact_100_chem20260825_T300_rate0p005,100,300,20260825,20260901,89,0.08945,4.158433,10
compact_100_chem20260825_T300_rate0p005,100,300,20260825,20260901,90,0.09045,4.103356,10
compact_100_chem20260825_T300_rate0p005,100,300,20260825,20260901,91,0.09145,4.076523,10
compact_100_chem20260825_T300_rate0p005,100,300,20260825,20260901,92,0.09245,4.140242,10
compact_100_chem20260825_T300_rate0p005,100,300,20260825,20260901,93,0.09345,4.229516,10
compact_100_chem20260825_T300_rate0p005,100,300,20260825,20260901,94,0.09445,4.3097389999999995,10
compact_100_chem20260825_T300_rate0p005,100,300,20260825,20260901,95,0.09545,4.185653,10
compact_100_chem20260825_T300_rate0p005,100,300,20260825,20260901,96,0.09645,4.114794999999999,10
compact_100_chem20260825_T300_rate0p005,100,300,20260825,20260901,97,0.09745,4.216222,10
compact_100_chem20260825_T300_rate0p005,100,300,20260825,20260901,98,0.09845,4.164077000000001,10
compact_100_chem20260825_T300_rate0p005,100,300,20260825,20260901,99,0.09945,4.265185,10
compact_100_chem20260825_T300_rate0p005,100,300,20260825,20260901,100,0.10045,4.233344000000001,10
compact_100_chem20260825_T300_rate0p005,100,300,20260825,20260901,101,0.10145,4.2229149999999995,10
compact_100_chem20260825_T300_rate0p005,100,300,20260825,20260901,102,0.10245,4.099574,10
compact_100_chem20260825_T300_rate0p005,100,300,20260825,20260901,103,0.10345,4.22179,10
compact_100_chem20260825_T300_rate0p005,100,300,20260825,20260901,104,0.10445,4.214897,10
compact_100_chem20260825_T300_rate0p005,100,300,20260825,20260901,105,0.10545,4.1027070000000005,10
compact_100_chem20260825_T300_rate0p005,100,300,20260825,20260901,106,0.10645,4.271247,10
compact_100_chem20260825_T300_rate0p005,100,300,20260825,20260901,107,0.10745,4.25105,10
compact_100_chem20260825_T300_rate0p005,100,300,20260825,20260901,108,0.10845,4.159421,10
compact_100_chem20260825_T300_rate0p005,100,300,20260825,20260901,109,0.10945,4.280737,10
compact_100_chem20260825_T300_rate0p005,100,300,20260825,20260901,110,0.11045,4.1672910000000005,10
compact_100_chem20260825_T300_rate0p005,100,300,20260825,20260901,111,0.11145000000000001,4.137780000000001,10
compact_100_chem20260825_T300_rate0p005,100,300,20260825,20260901,112,0.11245000000000001,4.134794999999999,10
compact_100_chem20260825_T300_rate0p005,100,300,20260825,20260901,113,0.11345000000000001,4.10877,10
compact_100_chem20260825_T300_rate0p005,100,300,20260825,20260901,114,0.11445000000000001,4.183889,10
compact_100_chem20260825_T300_rate0p005,100,300,20260825,20260901,115,0.11545000000000001,4.07051,10
compact_100_chem20260825_T300_rate0p005,100,300,20260825,20260901,116,0.11645000000000001,4.091628000000001,10
compact_100_chem20260825_T300_rate0p005,100,300,20260825,20260901,117,0.11745000000000001,4.076680999999999,10
compact_100_chem20260825_T300_rate0p005,100,300,20260825,20260901,118,0.11844999999999999,4.028074999999999,10
compact_100_chem20260825_T300_rate0p005,100,300,20260825,20260901,119,0.11945000000000001,3.9709949999999994,10
compact_100_chem20260825_T300_rate0p005,100,300,20260825,20260901,120,0.12044999999999999,3.966424000000001,10
compact_100_chem20260825_T300_rate0p005,100,300,20260825,20260901,121,0.12144999999999999,4.0779060000000005,10
compact_100_chem20260825_T300_rate0p005,100,300,20260825,20260901,122,0.12244999999999999,4.101801,10
compact_100_chem20260825_T300_rate0p005,100,300,20260825,20260901,123,0.12344999999999999,4.061995,10
compact_100_chem20260825_T300_rate0p005,100,300,20260825,20260901,124,0.12444999999999999,4.000648,10
compact_100_chem20260825_T300_rate0p005,100,300,20260825,20260901,125,0.12544999999999998,4.096582,10
compact_100_chem20260825_T300_rate0p005,100,300,20260825,20260901,126,0.12645,4.1442559999999995,10
compact_100_chem20260825_T300_rate0p005,100,300,20260825,20260901,127,0.12744999999999998,4.080554,10
compact_100_chem20260825_T300_rate0p005,100,300,20260825,20260901,128,0.12845,3.9726549999999996,10
compact_100_chem20260825_T300_rate0p005,100,300,20260825,20260901,129,0.12944999999999998,3.9951250000000003,10
compact_100_chem20260825_T300_rate0p005,100,300,20260825,20260901,130,0.13045,3.8751380000000006,10
compact_100_chem20260825_T300_rate0p005,100,300,20260825,20260901,131,0.13144999999999998,3.9370509999999994,10
compact_100_chem20260825_T300_rate0p005,100,300,20260825,20260901,132,0.13245,3.9187619999999996,10
compact_100_chem20260825_T300_rate0p005,100,300,20260825,20260901,133,0.13344999999999999,3.936334,10
compact_100_chem20260825_T300_rate0p005,100,300,20260825,20260901,134,0.13445000000000001,3.735548,10
compact_100_chem20260825_T300_rate0p005,100,300,20260825,20260901,135,0.13545,3.7001890000000004,10
compact_100_chem20260825_T300_rate0p005,100,300,20260825,20260901,136,0.13645000000000002,3.748245,10
compact_100_chem20260825_T300_rate0p005,100,300,20260825,20260901,137,0.13745,3.737186,10
compact_100_chem20260825_T300_rate0p005,100,300,20260825,20260901,138,0.13845000000000002,3.7666370000000002,10
compact_100_chem20260825_T300_rate0p005,100,300,20260825,20260901,139,0.13945,3.677908,10
compact_100_chem20260825_T300_rate0p005,100,300,20260825,20260901,140,0.14045000000000002,3.607488,10
compact_100_chem20260825_T300_rate0p005,100,300,20260825,20260901,141,0.14145,3.5939129999999997,10
compact_100_chem20260825_T300_rate0p005,100,300,20260825,20260901,142,0.14245000000000002,3.4077379999999997,10
compact_100_chem20260825_T300_rate0p005,100,300,20260825,20260901,143,0.14345,3.3747219999999998,10
compact_100_chem20260825_T300_rate0p005,100,300,20260825,20260901,144,0.14445000000000002,3.364361,10
compact_100_chem20260825_T300_rate0p005,100,300,20260825,20260901,145,0.14545,3.4283720000000004,10
compact_100_chem20260825_T300_rate0p005,100,300,20260825,20260901,146,0.14645000000000002,3.385013,10
compact_100_chem20260825_T300_rate0p005,100,300,20260825,20260901,147,0.14745,3.2932590000000004,10
compact_100_chem20260825_T300_rate0p005,100,300,20260825,20260901,148,0.14845000000000003,3.1173360000000003,10
compact_100_chem20260825_T300_rate0p005,100,300,20260825,20260901,149,0.14945,3.001713,10
compact_100_chem20260825_T300_rate0p005,100,300,20260825,20260901,150,0.15045000000000003,2.975194,10
compact_100_chem20260825_T300_rate0p005,100,300,20260825,20260901,151,0.15145,2.7685990000000005,10
compact_100_chem20260825_T300_rate0p005,100,300,20260825,20260901,152,0.15245000000000003,2.5829999999999997,10
compact_100_chem20260825_T300_rate0p005,100,300,20260825,20260901,153,0.15345,2.449464,10
compact_100_chem20260825_T300_rate0p005,100,300,20260825,20260901,154,0.15445000000000003,2.269971,10
compact_100_chem20260825_T300_rate0p005,100,300,20260825,20260901,155,0.15545,2.11822,10
compact_100_chem20260825_T300_rate0p005,100,300,20260825,20260901,156,0.15645000000000003,1.957847,10
compact_100_chem20260825_T300_rate0p005,100,300,20260825,20260901,157,0.15745,1.8140129999999999,10
compact_100_chem20260825_T300_rate0p005,100,300,20260825,20260901,158,0.15845000000000004,1.729605,10
compact_100_chem20260825_T300_rate0p005,100,300,20260825,20260901,159,0.15944999999999998,1.911164,10
compact_100_chem20260825_T300_rate0p005,100,300,20260825,20260901,160,0.16045,1.808221,10
compact_100_chem20260825_T300_rate0p005,100,300,20260825,20260901,161,0.16144999999999998,1.9897749999999998,10
compact_100_chem20260825_T300_rate0p005,100,300,20260825,20260901,162,0.16245,1.952189,10
compact_100_chem20260825_T300_rate0p005,100,300,20260825,20260901,163,0.16344999999999998,1.9311349999999998,10
compact_100_chem20260825_T300_rate0p005,100,300,20260825,20260901,164,0.16445,1.858679,10
compact_100_chem20260825_T300_rate0p005,100,300,20260825,20260901,165,0.16544999999999999,1.9227359999999998,10
compact_100_chem20260825_T300_rate0p005,100,300,20260825,20260901,166,0.16645000000000001,1.8830540000000002,10
compact_100_chem20260825_T300_rate0p005,100,300,20260825,20260901,167,0.16745,1.8063180000000003,10
compact_100_chem20260825_T300_rate0p005,100,300,20260825,20260901,168,0.16845000000000002,1.6228849999999997,10
compact_100_chem20260825_T300_rate0p005,100,300,20260825,20260901,169,0.16945,1.629419,10
compact_100_chem20260825_T300_rate0p005,100,300,20260825,20260901,170,0.17045000000000002,1.65847,10
compact_100_chem20260825_T300_rate0p005,100,300,20260825,20260901,171,0.17145,1.64554,10
compact_100_chem20260825_T300_rate0p005,100,300,20260825,20260901,172,0.17245000000000002,1.5814489999999997,10
compact_100_chem20260825_T300_rate0p005,100,300,20260825,20260901,173,0.17345,1.676682,10
compact_100_chem20260825_T300_rate0p005,100,300,20260825,20260901,174,0.17445000000000002,1.793872,10
compact_100_chem20260825_T300_rate0p005,100,300,20260825,20260901,175,0.17545,1.6870660000000002,10
compact_100_chem20260825_T300_rate0p005,100,300,20260825,20260901,176,0.17645000000000002,1.582907,10
compact_100_chem20260825_T300_rate0p005,100,300,20260825,20260901,177,0.17745,1.539349,10
compact_100_chem20260825_T300_rate0p005,100,300,20260825,20260901,178,0.17845,1.519273,10
compact_100_chem20260825_T300_rate0p005,100,300,20260825,20260901,179,0.17944999999999997,1.366997,10
compact_100_chem20260825_T300_rate0p005,100,300,20260825,20260901,180,0.18045,1.3673959999999998,10
compact_100_chem20260825_T300_rate0p005,100,300,20260825,20260901,181,0.18144999999999997,1.4410749999999999,10
compact_100_chem20260825_T300_rate0p005,100,300,20260825,20260901,182,0.18245,1.346455,10
compact_100_chem20260825_T300_rate0p005,100,300,20260825,20260901,183,0.18344999999999997,1.3617329999999999,10
compact_100_chem20260825_T300_rate0p005,100,300,20260825,20260901,184,0.18445,1.350834,10
compact_100_chem20260825_T300_rate0p005,100,300,20260825,20260901,185,0.18544999999999998,1.4064780000000001,10
compact_100_chem20260825_T300_rate0p005,100,300,20260825,20260901,186,0.18645,1.353563,10
compact_100_chem20260825_T300_rate0p005,100,300,20260825,20260901,187,0.18744999999999998,1.306584,10
compact_100_chem20260825_T300_rate0p005,100,300,20260825,20260901,188,0.18845,1.3953590000000002,10
compact_100_chem20260825_T300_rate0p005,100,300,20260825,20260901,189,0.18944999999999998,1.245968,10
compact_100_chem20260825_T300_rate0p005,100,300,20260825,20260901,190,0.19045,1.335435,10
compact_100_chem20260825_T300_rate0p005,100,300,20260825,20260901,191,0.19144999999999998,1.377755,10
compact_100_chem20260825_T300_rate0p005,100,300,20260825,20260901,192,0.19245,1.2832149999999998,10
compact_100_chem20260825_T300_rate0p005,100,300,20260825,20260901,193,0.19344999999999998,1.288141,10
compact_100_chem20260825_T300_rate0p005,100,300,20260825,20260901,194,0.19445,1.3597309999999998,10
compact_100_chem20260825_T300_rate0p005,100,300,20260825,20260901,195,0.19544999999999998,1.3816220000000001,10
compact_100_chem20260825_T300_rate0p005,100,300,20260825,20260901,196,0.19645,1.1792799999999999,10
compact_100_chem20260825_T300_rate0p005,100,300,20260825,20260901,197,0.19745,1.1675619999999998,10
compact_100_chem20260825_T300_rate0p005,100,300,20260825,20260901,198,0.19845000000000002,1.239047,10
compact_100_chem20260825_T300_rate0p005,100,300,20260825,20260901,199,0.19945,1.2770393,10
compact_100_chem20260825_T300_rate0p005,100,300,20260825,20260901,200,0.2,1.45437,1
compact_100_chem20262843_T300_rate0p005,100,300,20262843,20260903,0,0.0004500000000000842,0.083389291,10
compact_100_chem20262843_T300_rate0p005,100,300,20262843,20260903,1,0.0014500000000000001,0.13276452999999996,10
compact_100_chem20262843_T300_rate0p005,100,300,20262843,20260903,2,0.00245,0.24678480000000005,10
compact_100_chem20262843_T300_rate0p005,100,300,20262843,20260903,3,0.0034500000000000004,0.2677247,10
compact_100_chem20262843_T300_rate0p005,100,300,20262843,20260903,4,0.00445,0.40201279999999995,10
compact_100_chem20262843_T300_rate0p005,100,300,20262843,20260903,5,0.005450000000000001,0.4137094,10
compact_100_chem20262843_T300_rate0p005,100,300,20262843,20260903,6,0.00645,0.42404280000000005,10
compact_100_chem20262843_T300_rate0p005,100,300,20262843,20260903,7,0.007450000000000001,0.4917109999999999,10
compact_100_chem20262843_T300_rate0p005,100,300,20262843,20260903,8,0.008450000000000001,0.5778603,10
compact_100_chem20262843_T300_rate0p005,100,300,20262843,20260903,9,0.00945,0.7154319,10
compact_100_chem20262843_T300_rate0p005,100,300,20262843,20260903,10,0.010450000000000001,0.7591828,10
compact_100_chem20262843_T300_rate0p005,100,300,20262843,20260903,11,0.011450000000000002,0.7651838000000001,10
compact_100_chem20262843_T300_rate0p005,100,300,20262843,20260903,12,0.01245,0.8965685999999999,10
compact_100_chem20262843_T300_rate0p005,100,300,20262843,20260903,13,0.013449999999999998,0.8680237999999999,10
compact_100_chem20262843_T300_rate0p005,100,300,20262843,20260903,14,0.01445,0.9508973999999999,10
compact_100_chem20262843_T300_rate0p005,100,300,20262843,20260903,15,0.01545,1.0696197,10
compact_100_chem20262843_T300_rate0p005,100,300,20262843,20260903,16,0.01645,1.1222517999999997,10
compact_100_chem20262843_T300_rate0p005,100,300,20262843,20260903,17,0.01745,1.1147679,10
compact_100_chem20262843_T300_rate0p005,100,300,20262843,20260903,18,0.01845,1.2423389999999999,10
compact_100_chem20262843_T300_rate0p005,100,300,20262843,20260903,19,0.019450000000000002,1.302557,10
compact_100_chem20262843_T300_rate0p005,100,300,20262843,20260903,20,0.02045,1.3088899999999999,10
compact_100_chem20262843_T300_rate0p005,100,300,20262843,20260903,21,0.02145,1.412406,10
compact_100_chem20262843_T300_rate0p005,100,300,20262843,20260903,22,0.02245,1.466449,10
compact_100_chem20262843_T300_rate0p005,100,300,20262843,20260903,23,0.023450000000000002,1.506883,10
compact_100_chem20262843_T300_rate0p005,100,300,20262843,20260903,24,0.02445,1.5237250000000002,10
compact_100_chem20262843_T300_rate0p005,100,300,20262843,20260903,25,0.02545,1.7198520000000002,10
compact_100_chem20262843_T300_rate0p005,100,300,20262843,20260903,26,0.026449999999999994,1.854898,10
compact_100_chem20262843_T300_rate0p005,100,300,20262843,20260903,27,0.027449999999999995,1.724964,10
compact_100_chem20262843_T300_rate0p005,100,300,20262843,20260903,28,0.028449999999999996,1.8591449999999998,10
compact_100_chem20262843_T300_rate0p005,100,300,20262843,20260903,29,0.029449999999999997,1.9282080000000001,10
compact_100_chem20262843_T300_rate0p005,100,300,20262843,20260903,30,0.030449999999999998,1.8935309999999999,10
compact_100_chem20262843_T300_rate0p005,100,300,20262843,20260903,31,0.03144999999999999,2.0255920000000005,10
compact_100_chem20262843_T300_rate0p005,100,300,20262843,20260903,32,0.03244999999999999,2.039554,10
compact_100_chem20262843_T300_rate0p005,100,300,20262843,20260903,33,0.033449999999999994,2.058629,10
compact_100_chem20262843_T300_rate0p005,100,300,20262843,20260903,34,0.034449999999999995,2.248468,10
compact_100_chem20262843_T300_rate0p005,100,300,20262843,20260903,35,0.035449999999999995,2.2625140000000004,10
compact_100_chem20262843_T300_rate0p005,100,300,20262843,20260903,36,0.036449999999999996,2.243021,10
compact_100_chem20262843_T300_rate0p005,100,300,20262843,20260903,37,0.03745,2.371323,10
compact_100_chem20262843_T300_rate0p005,100,300,20262843,20260903,38,0.03845,2.427471,10
compact_100_chem20262843_T300_rate0p005,100,300,20262843,20260903,39,0.03945,2.432857,10
compact_100_chem20262843_T300_rate0p005,100,300,20262843,20260903,40,0.04045,2.466564,10
compact_100_chem20262843_T300_rate0p005,100,300,20262843,20260903,41,0.04145,2.554383,10
compact_100_chem20262843_T300_rate0p005,100,300,20262843,20260903,42,0.04245,2.5922509999999996,10
compact_100_chem20262843_T300_rate0p005,100,300,20262843,20260903,43,0.04345,2.654913,10
compact_100_chem20262843_T300_rate0p005,100,300,20262843,20260903,44,0.04445,2.755995,10
compact_100_chem20262843_T300_rate0p005,100,300,20262843,20260903,45,0.045450000000000004,2.758754,10
compact_100_chem20262843_T300_rate0p005,100,300,20262843,20260903,46,0.04645,2.795901,10
compact_100_chem20262843_T300_rate0p005,100,300,20262843,20260903,47,0.04745,2.8700970000000003,10
compact_100_chem20262843_T300_rate0p005,100,300,20262843,20260903,48,0.04845,2.9057830000000004,10
compact_100_chem20262843_T300_rate0p005,100,300,20262843,20260903,49,0.04945,2.905812,10
compact_100_chem20262843_T300_rate0p005,100,300,20262843,20260903,50,0.050449999999999995,2.9449319999999997,10
compact_100_chem20262843_T300_rate0p005,100,300,20262843,20260903,51,0.051449999999999996,3.0433059999999994,10
compact_100_chem20262843_T300_rate0p005,100,300,20262843,20260903,52,0.05245,3.123997,10
compact_100_chem20262843_T300_rate0p005,100,300,20262843,20260903,53,0.05345,3.113658,10
compact_100_chem20262843_T300_rate0p005,100,300,20262843,20260903,54,0.05445,3.1881250000000003,10
compact_100_chem20262843_T300_rate0p005,100,300,20262843,20260903,55,0.05545,3.220154,10
compact_100_chem20262843_T300_rate0p005,100,300,20262843,20260903,56,0.05645,3.377857,10
compact_100_chem20262843_T300_rate0p005,100,300,20262843,20260903,57,0.05744999999999999,3.339403,10
compact_100_chem20262843_T300_rate0p005,100,300,20262843,20260903,58,0.05844999999999999,3.3287129999999996,10
compact_100_chem20262843_T300_rate0p005,100,300,20262843,20260903,59,0.05944999999999999,3.273628,10
compact_100_chem20262843_T300_rate0p005,100,300,20262843,20260903,60,0.06044999999999999,3.375863,10
compact_100_chem20262843_T300_rate0p005,100,300,20262843,20260903,61,0.06144999999999999,3.4594860000000005,10
compact_100_chem20262843_T300_rate0p005,100,300,20262843,20260903,62,0.06244999999999999,3.528128,10
compact_100_chem20262843_T300_rate0p005,100,300,20262843,20260903,63,0.06344999999999999,3.514945,10
compact_100_chem20262843_T300_rate0p005,100,300,20262843,20260903,64,0.06444999999999998,3.486226,10
compact_100_chem20262843_T300_rate0p005,100,300,20262843,20260903,65,0.06544999999999998,3.5918579999999998,10
compact_100_chem20262843_T300_rate0p005,100,300,20262843,20260903,66,0.06644999999999998,3.740135,10
compact_100_chem20262843_T300_rate0p005,100,300,20262843,20260903,67,0.06744999999999998,3.678864,10
compact_100_chem20262843_T300_rate0p005,100,300,20262843,20260903,68,0.06844999999999998,3.71687,10
compact_100_chem20262843_T300_rate0p005,100,300,20262843,20260903,69,0.06944999999999998,3.7751069999999998,10
compact_100_chem20262843_T300_rate0p005,100,300,20262843,20260903,70,0.07044999999999998,3.8380489999999994,10
compact_100_chem20262843_T300_rate0p005,100,300,20262843,20260903,71,0.07144999999999999,3.7785130000000002,10
compact_100_chem20262843_T300_rate0p005,100,300,20262843,20260903,72,0.07244999999999999,3.832788,10
compact_100_chem20262843_T300_rate0p005,100,300,20262843,20260903,73,0.07344999999999999,3.8571169999999997,10
compact_100_chem20262843_T300_rate0p005,100,300,20262843,20260903,74,0.07444999999999999,3.856153,10
compact_100_chem20262843_T300_rate0p005,100,300,20262843,20260903,75,0.07544999999999999,3.753183,10
compact_100_chem20262843_T300_rate0p005,100,300,20262843,20260903,76,0.07644999999999999,3.9204090000000003,10
compact_100_chem20262843_T300_rate0p005,100,300,20262843,20260903,77,0.07744999999999999,3.949241,10
compact_100_chem20262843_T300_rate0p005,100,300,20262843,20260903,78,0.07844999999999999,3.9858629999999997,10
compact_100_chem20262843_T300_rate0p005,100,300,20262843,20260903,79,0.07944999999999999,4.036607999999999,10
compact_100_chem20262843_T300_rate0p005,100,300,20262843,20260903,80,0.08045,4.059084,10
compact_100_chem20262843_T300_rate0p005,100,300,20262843,20260903,81,0.08145,3.9767409999999996,10
compact_100_chem20262843_T300_rate0p005,100,300,20262843,20260903,82,0.08245,4.088058000000001,10
compact_100_chem20262843_T300_rate0p005,100,300,20262843,20260903,83,0.08345,4.08088,10
compact_100_chem20262843_T300_rate0p005,100,300,20262843,20260903,84,0.08445,4.037566,10
compact_100_chem20262843_T300_rate0p005,100,300,20262843,20260903,85,0.08545,4.1703529999999995,10
compact_100_chem20262843_T300_rate0p005,100,300,20262843,20260903,86,0.08645,4.179971,10
compact_100_chem20262843_T300_rate0p005,100,300,20262843,20260903,87,0.08745,3.981298,10
compact_100_chem20262843_T300_rate0p005,100,300,20262843,20260903,88,0.08845,4.0912749999999996,10
compact_100_chem20262843_T300_rate0p005,100,300,20262843,20260903,89,0.08945,4.207799,10
compact_100_chem20262843_T300_rate0p005,100,300,20262843,20260903,90,0.09045,4.221843999999999,10
compact_100_chem20262843_T300_rate0p005,100,300,20262843,20260903,91,0.09145,4.123424,10
compact_100_chem20262843_T300_rate0p005,100,300,20262843,20260903,92,0.09245,4.179800999999999,10
compact_100_chem20262843_T300_rate0p005,100,300,20262843,20260903,93,0.09345,4.1557770000000005,10
compact_100_chem20262843_T300_rate0p005,100,300,20262843,20260903,94,0.09445,4.302105,10
compact_100_chem20262843_T300_rate0p005,100,300,20262843,20260903,95,0.09545,4.157455000000001,10
compact_100_chem20262843_T300_rate0p005,100,300,20262843,20260903,96,0.09645,4.217015,10
compact_100_chem20262843_T300_rate0p005,100,300,20262843,20260903,97,0.09745,4.144239000000001,10
compact_100_chem20262843_T300_rate0p005,100,300,20262843,20260903,98,0.09845,4.277892,10
compact_100_chem20262843_T300_rate0p005,100,300,20262843,20260903,99,0.09945,4.193906,10
compact_100_chem20262843_T300_rate0p005,100,300,20262843,20260903,100,0.10045,4.086252,10
compact_100_chem20262843_T300_rate0p005,100,300,20262843,20260903,101,0.10145,4.133031,10
compact_100_chem20262843_T300_rate0p005,100,300,20262843,20260903,102,0.10245,4.280893,10
compact_100_chem20262843_T300_rate0p005,100,300,20262843,20260903,103,0.10345,4.127118,10
compact_100_chem20262843_T300_rate0p005,100,300,20262843,20260903,104,0.10445,4.104725,10
compact_100_chem20262843_T300_rate0p005,100,300,20262843,20260903,105,0.10545,4.046863,10
compact_100_chem20262843_T300_rate0p005,100,300,20262843,20260903,106,0.10645,4.018969,10
compact_100_chem20262843_T300_rate0p005,100,300,20262843,20260903,107,0.10745,4.040887,10
compact_100_chem20262843_T300_rate0p005,100,300,20262843,20260903,108,0.10845,4.076124,10
compact_100_chem20262843_T300_rate0p005,100,300,20262843,20260903,109,0.10945,4.179319,10
compact_100_chem20262843_T300_rate0p005,100,300,20262843,20260903,110,0.11045,4.214009,10
compact_100_chem20262843_T300_rate0p005,100,300,20262843,20260903,111,0.11145000000000001,4.2073149999999995,10
compact_100_chem20262843_T300_rate0p005,100,300,20262843,20260903,112,0.11245000000000001,4.31397,10
compact_100_chem20262843_T300_rate0p005,100,300,20262843,20260903,113,0.11345000000000001,4.238758,10
compact_100_chem20262843_T300_rate0p005,100,300,20262843,20260903,114,0.11445000000000001,4.175789,10
compact_100_chem20262843_T300_rate0p005,100,300,20262843,20260903,115,0.11545000000000001,4.067106000000001,10
compact_100_chem20262843_T300_rate0p005,100,300,20262843,20260903,116,0.11645000000000001,4.066879,10
compact_100_chem20262843_T300_rate0p005,100,300,20262843,20260903,117,0.11745000000000001,4.079151,10
compact_100_chem20262843_T300_rate0p005,100,300,20262843,20260903,118,0.11844999999999999,3.983746,10
compact_100_chem20262843_T300_rate0p005,100,300,20262843,20260903,119,0.11945000000000001,3.987462,10
compact_100_chem20262843_T300_rate0p005,100,300,20262843,20260903,120,0.12044999999999999,3.969855,10
compact_100_chem20262843_T300_rate0p005,100,300,20262843,20260903,121,0.12144999999999999,3.8587990000000003,10
compact_100_chem20262843_T300_rate0p005,100,300,20262843,20260903,122,0.12244999999999999,3.9323259999999998,10
compact_100_chem20262843_T300_rate0p005,100,300,20262843,20260903,123,0.12344999999999999,3.8355000000000006,10
compact_100_chem20262843_T300_rate0p005,100,300,20262843,20260903,124,0.12444999999999999,3.822957,10
compact_100_chem20262843_T300_rate0p005,100,300,20262843,20260903,125,0.12544999999999998,3.7779990000000003,10
compact_100_chem20262843_T300_rate0p005,100,300,20262843,20260903,126,0.12645,3.790681,10
compact_100_chem20262843_T300_rate0p005,100,300,20262843,20260903,127,0.12744999999999998,3.817787,10
compact_100_chem20262843_T300_rate0p005,100,300,20262843,20260903,128,0.12845,3.615907,10
compact_100_chem20262843_T300_rate0p005,100,300,20262843,20260903,129,0.12944999999999998,3.5866789999999993,10
compact_100_chem20262843_T300_rate0p005,100,300,20262843,20260903,130,0.13045,3.5957369999999997,10
compact_100_chem20262843_T300_rate0p005,100,300,20262843,20260903,131,0.13144999999999998,3.4301089999999994,10
compact_100_chem20262843_T300_rate0p005,100,300,20262843,20260903,132,0.13245,3.268806,10
compact_100_chem20262843_T300_rate0p005,100,300,20262843,20260903,133,0.13344999999999999,3.272322,10
compact_100_chem20262843_T300_rate0p005,100,300,20262843,20260903,134,0.13445000000000001,3.313978,10
compact_100_chem20262843_T300_rate0p005,100,300,20262843,20260903,135,0.13545,3.3626080000000003,10
compact_100_chem20262843_T300_rate0p005,100,300,20262843,20260903,136,0.13645000000000002,3.259917,10
compact_100_chem20262843_T300_rate0p005,100,300,20262843,20260903,137,0.13745,3.2262280000000003,10
compact_100_chem20262843_T300_rate0p005,100,300,20262843,20260903,138,0.13845000000000002,3.118779,10
compact_100_chem20262843_T300_rate0p005,100,300,20262843,20260903,139,0.13945,3.1917999999999997,10
compact_100_chem20262843_T300_rate0p005,100,300,20262843,20260903,140,0.14045000000000002,3.1561479999999995,10
compact_100_chem20262843_T300_rate0p005,100,300,20262843,20260903,141,0.14145,3.128024,10
compact_100_chem20262843_T300_rate0p005,100,300,20262843,20260903,142,0.14245000000000002,3.041037,10
compact_100_chem20262843_T300_rate0p005,100,300,20262843,20260903,143,0.14345,2.9630079999999994,10
compact_100_chem20262843_T300_rate0p005,100,300,20262843,20260903,144,0.14445000000000002,2.820196,10
compact_100_chem20262843_T300_rate0p005,100,300,20262843,20260903,145,0.14545,2.785831,10
compact_100_chem20262843_T300_rate0p005,100,300,20262843,20260903,146,0.14645000000000002,2.817994,10
compact_100_chem20262843_T300_rate0p005,100,300,20262843,20260903,147,0.14745,2.835508,10
compact_100_chem20262843_T300_rate0p005,100,300,20262843,20260903,148,0.14845000000000003,2.8210189999999997,10
compact_100_chem20262843_T300_rate0p005,100,300,20262843,20260903,149,0.14945,2.8263650000000005,10
compact_100_chem20262843_T300_rate0p005,100,300,20262843,20260903,150,0.15045000000000003,2.7157679999999997,10
compact_100_chem20262843_T300_rate0p005,100,300,20262843,20260903,151,0.15145,2.7361380000000004,10
compact_100_chem20262843_T300_rate0p005,100,300,20262843,20260903,152,0.15245000000000003,2.720278,10
compact_100_chem20262843_T300_rate0p005,100,300,20262843,20260903,153,0.15345,2.706719,10
compact_100_chem20262843_T300_rate0p005,100,300,20262843,20260903,154,0.15445000000000003,2.731346,10
compact_100_chem20262843_T300_rate0p005,100,300,20262843,20260903,155,0.15545,2.586892,10
compact_100_chem20262843_T300_rate0p005,100,300,20262843,20260903,156,0.15645000000000003,2.5693230000000002,10
compact_100_chem20262843_T300_rate0p005,100,300,20262843,20260903,157,0.15745,2.5376649999999996,10
compact_100_chem20262843_T300_rate0p005,100,300,20262843,20260903,158,0.15845000000000004,2.391239,10
compact_100_chem20262843_T300_rate0p005,100,300,20262843,20260903,159,0.15944999999999998,2.178039,10
compact_100_chem20262843_T300_rate0p005,100,300,20262843,20260903,160,0.16045,2.046358,10
compact_100_chem20262843_T300_rate0p005,100,300,20262843,20260903,161,0.16144999999999998,2.1009339999999996,10
compact_100_chem20262843_T300_rate0p005,100,300,20262843,20260903,162,0.16245,2.116272,10
compact_100_chem20262843_T300_rate0p005,100,300,20262843,20260903,163,0.16344999999999998,2.03474,10
compact_100_chem20262843_T300_rate0p005,100,300,20262843,20260903,164,0.16445,2.1890270000000003,10
compact_100_chem20262843_T300_rate0p005,100,300,20262843,20260903,165,0.16544999999999999,2.02642,10
compact_100_chem20262843_T300_rate0p005,100,300,20262843,20260903,166,0.16645000000000001,2.0005,10
compact_100_chem20262843_T300_rate0p005,100,300,20262843,20260903,167,0.16745,1.8804470000000002,10
compact_100_chem20262843_T300_rate0p005,100,300,20262843,20260903,168,0.16845000000000002,1.8910809999999998,10
compact_100_chem20262843_T300_rate0p005,100,300,20262843,20260903,169,0.16945,1.8993220000000002,10
compact_100_chem20262843_T300_rate0p005,100,300,20262843,20260903,170,0.17045000000000002,1.804101,10
compact_100_chem20262843_T300_rate0p005,100,300,20262843,20260903,171,0.17145,1.8552410000000001,10
compact_100_chem20262843_T300_rate0p005,100,300,20262843,20260903,172,0.17245000000000002,1.8273789999999999,10
compact_100_chem20262843_T300_rate0p005,100,300,20262843,20260903,173,0.17345,1.842616,10
compact_100_chem20262843_T300_rate0p005,100,300,20262843,20260903,174,0.17445000000000002,1.986327,10
compact_100_chem20262843_T300_rate0p005,100,300,20262843,20260903,175,0.17545,1.983304,10
compact_100_chem20262843_T300_rate0p005,100,300,20262843,20260903,176,0.17645000000000002,1.9354490000000002,10
compact_100_chem20262843_T300_rate0p005,100,300,20262843,20260903,177,0.17745,1.797609,10
compact_100_chem20262843_T300_rate0p005,100,300,20262843,20260903,178,0.17845,1.8448040000000003,10
compact_100_chem20262843_T300_rate0p005,100,300,20262843,20260903,179,0.17944999999999997,1.649287,10
compact_100_chem20262843_T300_rate0p005,100,300,20262843,20260903,180,0.18045,1.768554,10
compact_100_chem20262843_T300_rate0p005,100,300,20262843,20260903,181,0.18144999999999997,1.768701,10
compact_100_chem20262843_T300_rate0p005,100,300,20262843,20260903,182,0.18245,1.747907,10
compact_100_chem20262843_T300_rate0p005,100,300,20262843,20260903,183,0.18344999999999997,1.594334,10
compact_100_chem20262843_T300_rate0p005,100,300,20262843,20260903,184,0.18445,1.702579,10
compact_100_chem20262843_T300_rate0p005,100,300,20262843,20260903,185,0.18544999999999998,1.7386469999999998,10
compact_100_chem20262843_T300_rate0p005,100,300,20262843,20260903,186,0.18645,1.718281,10
compact_100_chem20262843_T300_rate0p005,100,300,20262843,20260903,187,0.18744999999999998,1.5677029999999998,10
compact_100_chem20262843_T300_rate0p005,100,300,20262843,20260903,188,0.18845,1.5591370000000002,10
compact_100_chem20262843_T300_rate0p005,100,300,20262843,20260903,189,0.18944999999999998,1.5613519999999999,10
compact_100_chem20262843_T300_rate0p005,100,300,20262843,20260903,190,0.19045,1.58781,10
compact_100_chem20262843_T300_rate0p005,100,300,20262843,20260903,191,0.19144999999999998,1.485808,10
compact_100_chem20262843_T300_rate0p005,100,300,20262843,20260903,192,0.19245,1.455011,10
compact_100_chem20262843_T300_rate0p005,100,300,20262843,20260903,193,0.19344999999999998,1.2963635,10
compact_100_chem20262843_T300_rate0p005,100,300,20262843,20260903,194,0.19445,1.406401,10
compact_100_chem20262843_T300_rate0p005,100,300,20262843,20260903,195,0.19544999999999998,1.428588,10
compact_100_chem20262843_T300_rate0p005,100,300,20262843,20260903,196,0.19645,1.440678,10
compact_100_chem20262843_T300_rate0p005,100,300,20262843,20260903,197,0.19745,1.331958,10
compact_100_chem20262843_T300_rate0p005,100,300,20262843,20260903,198,0.19845000000000002,1.4002409999999998,10
compact_100_chem20262843_T300_rate0p005,100,300,20262843,20260903,199,0.19945,1.513155,10
compact_100_chem20262843_T300_rate0p005,100,300,20262843,20260903,200,0.2,1.31395,1
compact_100_chem20264861_T300_rate0p005,100,300,20264861,20260907,0,0.00045000000000010516,0.004729057999999999,10
compact_100_chem20264861_T300_rate0p005,100,300,20264861,20260907,1,0.0014500000000000001,0.04188172590000001,10
compact_100_chem20264861_T300_rate0p005,100,300,20264861,20260907,2,0.00245,0.028921523999999997,10
compact_100_chem20264861_T300_rate0p005,100,300,20264861,20260907,3,0.0034500000000000004,0.17934148,10
compact_100_chem20264861_T300_rate0p005,100,300,20264861,20260907,4,0.00445,0.26358800000000004,10
compact_100_chem20264861_T300_rate0p005,100,300,20264861,20260907,5,0.005450000000000001,0.28563980000000005,10
compact_100_chem20264861_T300_rate0p005,100,300,20264861,20260907,6,0.00645,0.33264569999999993,10
compact_100_chem20264861_T300_rate0p005,100,300,20264861,20260907,7,0.007450000000000001,0.4442546,10
compact_100_chem20264861_T300_rate0p005,100,300,20264861,20260907,8,0.008450000000000001,0.4751948,10
compact_100_chem20264861_T300_rate0p005,100,300,20264861,20260907,9,0.00945,0.5770459000000001,10
compact_100_chem20264861_T300_rate0p005,100,300,20264861,20260907,10,0.010450000000000001,0.5507785999999999,10
compact_100_chem20264861_T300_rate0p005,100,300,20264861,20260907,11,0.011450000000000002,0.6969049,10
compact_100_chem20264861_T300_rate0p005,100,300,20264861,20260907,12,0.01245,0.7932352,10
compact_100_chem20264861_T300_rate0p005,100,300,20264861,20260907,13,0.013449999999999998,0.7208216000000001,10
compact_100_chem20264861_T300_rate0p005,100,300,20264861,20260907,14,0.01445,0.8507686,10
compact_100_chem20264861_T300_rate0p005,100,300,20264861,20260907,15,0.01545,0.9252551999999999,10
compact_100_chem20264861_T300_rate0p005,100,300,20264861,20260907,16,0.01645,0.9340186000000001,10
compact_100_chem20264861_T300_rate0p005,100,300,20264861,20260907,17,0.01745,1.0150700000000001,10
compact_100_chem20264861_T300_rate0p005,100,300,20264861,20260907,18,0.01845,1.120212,10
compact_100_chem20264861_T300_rate0p005,100,300,20264861,20260907,19,0.019450000000000002,1.1804970000000001,10
compact_100_chem20264861_T300_rate0p005,100,300,20264861,20260907,20,0.02045,1.2727920000000001,10
compact_100_chem20264861_T300_rate0p005,100,300,20264861,20260907,21,0.02145,1.321242,10
compact_100_chem20264861_T300_rate0p005,100,300,20264861,20260907,22,0.02245,1.262939,10
compact_100_chem20264861_T300_rate0p005,100,300,20264861,20260907,23,0.023450000000000002,1.369643,10
compact_100_chem20264861_T300_rate0p005,100,300,20264861,20260907,24,0.02445,1.4726879999999998,10
compact_100_chem20264861_T300_rate0p005,100,300,20264861,20260907,25,0.02545,1.496085,10
compact_100_chem20264861_T300_rate0p005,100,300,20264861,20260907,26,0.026449999999999994,1.467829,10
compact_100_chem20264861_T300_rate0p005,100,300,20264861,20260907,27,0.027449999999999995,1.6131920000000002,10
compact_100_chem20264861_T300_rate0p005,100,300,20264861,20260907,28,0.028449999999999996,1.761958,10
compact_100_chem20264861_T300_rate0p005,100,300,20264861,20260907,29,0.029449999999999997,1.6491209999999998,10
compact_100_chem20264861_T300_rate0p005,100,300,20264861,20260907,30,0.030449999999999998,1.8070230000000003,10
compact_100_chem20264861_T300_rate0p005,100,300,20264861,20260907,31,0.03144999999999999,1.785255,10
compact_100_chem20264861_T300_rate0p005,100,300,20264861,20260907,32,0.03244999999999999,1.8527339999999999,10
compact_100_chem20264861_T300_rate0p005,100,300,20264861,20260907,33,0.033449999999999994,2.00787,10
compact_100_chem20264861_T300_rate0p005,100,300,20264861,20260907,34,0.034449999999999995,1.948002,10
compact_100_chem20264861_T300_rate0p005,100,300,20264861,20260907,35,0.035449999999999995,2.048132,10
compact_100_chem20264861_T300_rate0p005,100,300,20264861,20260907,36,0.036449999999999996,2.1161019999999997,10
compact_100_chem20264861_T300_rate0p005,100,300,20264861,20260907,37,0.03745,2.1750529999999997,10
compact_100_chem20264861_T300_rate0p005,100,300,20264861,20260907,38,0.03845,2.234469,10
compact_100_chem20264861_T300_rate0p005,100,300,20264861,20260907,39,0.03945,2.2798410000000002,10
compact_100_chem20264861_T300_rate0p005,100,300,20264861,20260907,40,0.04045,2.3513919999999997,10
compact_100_chem20264861_T300_rate0p005,100,300,20264861,20260907,41,0.04145,2.409191,10
compact_100_chem20264861_T300_rate0p005,100,300,20264861,20260907,42,0.04245,2.455451,10
compact_100_chem20264861_T300_rate0p005,100,300,20264861,20260907,43,0.04345,2.513354,10
compact_100_chem20264861_T300_rate0p005,100,300,20264861,20260907,44,0.04445,2.557389,10
compact_100_chem20264861_T300_rate0p005,100,300,20264861,20260907,45,0.045450000000000004,2.60163,10
compact_100_chem20264861_T300_rate0p005,100,300,20264861,20260907,46,0.04645,2.6286180000000003,10
compact_100_chem20264861_T300_rate0p005,100,300,20264861,20260907,47,0.04745,2.634005,10
compact_100_chem20264861_T300_rate0p005,100,300,20264861,20260907,48,0.04845,2.730405,10
compact_100_chem20264861_T300_rate0p005,100,300,20264861,20260907,49,0.04945,2.7253909999999997,10
compact_100_chem20264861_T300_rate0p005,100,300,20264861,20260907,50,0.050449999999999995,2.7990989999999996,10
compact_100_chem20264861_T300_rate0p005,100,300,20264861,20260907,51,0.051449999999999996,2.881733,10
compact_100_chem20264861_T300_rate0p005,100,300,20264861,20260907,52,0.05245,2.954359,10
compact_100_chem20264861_T300_rate0p005,100,300,20264861,20260907,53,0.05345,2.9449739999999998,10
compact_100_chem20264861_T300_rate0p005,100,300,20264861,20260907,54,0.05445,3.0084569999999995,10
compact_100_chem20264861_T300_rate0p005,100,300,20264861,20260907,55,0.05545,3.0798389999999998,10
compact_100_chem20264861_T300_rate0p005,100,300,20264861,20260907,56,0.05645,3.0688619999999998,10
compact_100_chem20264861_T300_rate0p005,100,300,20264861,20260907,57,0.05744999999999999,3.0782669999999994,10
compact_100_chem20264861_T300_rate0p005,100,300,20264861,20260907,58,0.05844999999999999,3.257843,10
compact_100_chem20264861_T300_rate0p005,100,300,20264861,20260907,59,0.05944999999999999,3.2041759999999995,10
compact_100_chem20264861_T300_rate0p005,100,300,20264861,20260907,60,0.06044999999999999,3.235973,10
compact_100_chem20264861_T300_rate0p005,100,300,20264861,20260907,61,0.06144999999999999,3.3649479999999996,10
compact_100_chem20264861_T300_rate0p005,100,300,20264861,20260907,62,0.06244999999999999,3.2397830000000005,10
compact_100_chem20264861_T300_rate0p005,100,300,20264861,20260907,63,0.06344999999999999,3.36002,10
compact_100_chem20264861_T300_rate0p005,100,300,20264861,20260907,64,0.06444999999999998,3.336528,10
compact_100_chem20264861_T300_rate0p005,100,300,20264861,20260907,65,0.06544999999999998,3.4604799999999996,10
compact_100_chem20264861_T300_rate0p005,100,300,20264861,20260907,66,0.06644999999999998,3.4015859999999996,10
compact_100_chem20264861_T300_rate0p005,100,300,20264861,20260907,67,0.06744999999999998,3.5693439999999996,10
compact_100_chem20264861_T300_rate0p005,100,300,20264861,20260907,68,0.06844999999999998,3.5857299999999994,10
compact_100_chem20264861_T300_rate0p005,100,300,20264861,20260907,69,0.06944999999999998,3.6263980000000005,10
compact_100_chem20264861_T300_rate0p005,100,300,20264861,20260907,70,0.07044999999999998,3.561744,10
compact_100_chem20264861_T300_rate0p005,100,300,20264861,20260907,71,0.07144999999999999,3.6310659999999997,10
compact_100_chem20264861_T300_rate0p005,100,300,20264861,20260907,72,0.07244999999999999,3.6677910000000002,10
compact_100_chem20264861_T300_rate0p005,100,300,20264861,20260907,73,0.07344999999999999,3.6511629999999995,10
compact_100_chem20264861_T300_rate0p005,100,300,20264861,20260907,74,0.07444999999999999,3.686668,10
compact_100_chem20264861_T300_rate0p005,100,300,20264861,20260907,75,0.07544999999999999,3.7830549999999996,10
compact_100_chem20264861_T300_rate0p005,100,300,20264861,20260907,76,0.07644999999999999,3.90008,10
compact_100_chem20264861_T300_rate0p005,100,300,20264861,20260907,77,0.07744999999999999,3.8287570000000004,10
compact_100_chem20264861_T300_rate0p005,100,300,20264861,20260907,78,0.07844999999999999,3.8312150000000003,10
compact_100_chem20264861_T300_rate0p005,100,300,20264861,20260907,79,0.07944999999999999,3.8688269999999996,10
compact_100_chem20264861_T300_rate0p005,100,300,20264861,20260907,80,0.08045,3.896705,10
compact_100_chem20264861_T300_rate0p005,100,300,20264861,20260907,81,0.08145,3.9692239999999996,10
compact_100_chem20264861_T300_rate0p005,100,300,20264861,20260907,82,0.08245,4.005137,10
compact_100_chem20264861_T300_rate0p005,100,300,20264861,20260907,83,0.08345,3.977306,10
compact_100_chem20264861_T300_rate0p005,100,300,20264861,20260907,84,0.08445,3.945234,10
compact_100_chem20264861_T300_rate0p005,100,300,20264861,20260907,85,0.08545,3.9914379999999996,10
compact_100_chem20264861_T300_rate0p005,100,300,20264861,20260907,86,0.08645,4.029738999999999,10
compact_100_chem20264861_T300_rate0p005,100,300,20264861,20260907,87,0.08745,4.0924760000000004,10
compact_100_chem20264861_T300_rate0p005,100,300,20264861,20260907,88,0.08845,4.120092999999999,10
compact_100_chem20264861_T300_rate0p005,100,300,20264861,20260907,89,0.08945,4.1043199999999995,10
compact_100_chem20264861_T300_rate0p005,100,300,20264861,20260907,90,0.09045,4.0300080000000005,10
compact_100_chem20264861_T300_rate0p005,100,300,20264861,20260907,91,0.09145,4.0714809999999995,10
compact_100_chem20264861_T300_rate0p005,100,300,20264861,20260907,92,0.09245,4.243989999999999,10
compact_100_chem20264861_T300_rate0p005,100,300,20264861,20260907,93,0.09345,4.094625000000001,10
compact_100_chem20264861_T300_rate0p005,100,300,20264861,20260907,94,0.09445,4.1882209999999995,10
compact_100_chem20264861_T300_rate0p005,100,300,20264861,20260907,95,0.09545,4.15278,10
compact_100_chem20264861_T300_rate0p005,100,300,20264861,20260907,96,0.09645,4.157041000000001,10
compact_100_chem20264861_T300_rate0p005,100,300,20264861,20260907,97,0.09745,4.227091,10
compact_100_chem20264861_T300_rate0p005,100,300,20264861,20260907,98,0.09845,4.212295,10
compact_100_chem20264861_T300_rate0p005,100,300,20264861,20260907,99,0.09945,4.303596999999999,10
compact_100_chem20264861_T300_rate0p005,100,300,20264861,20260907,100,0.10045,4.235697,10
compact_100_chem20264861_T300_rate0p005,100,300,20264861,20260907,101,0.10145,4.19697,10
compact_100_chem20264861_T300_rate0p005,100,300,20264861,20260907,102,0.10245,4.253100999999999,10
compact_100_chem20264861_T300_rate0p005,100,300,20264861,20260907,103,0.10345,4.237945000000001,10
compact_100_chem20264861_T300_rate0p005,100,300,20264861,20260907,104,0.10445,4.138199,10
compact_100_chem20264861_T300_rate0p005,100,300,20264861,20260907,105,0.10545,4.243729,10
compact_100_chem20264861_T300_rate0p005,100,300,20264861,20260907,106,0.10645,4.336906,10
compact_100_chem20264861_T300_rate0p005,100,300,20264861,20260907,107,0.10745,4.2454719999999995,10
compact_100_chem20264861_T300_rate0p005,100,300,20264861,20260907,108,0.10845,4.343941,10
compact_100_chem20264861_T300_rate0p005,100,300,20264861,20260907,109,0.10945,4.358695999999999,10
compact_100_chem20264861_T300_rate0p005,100,300,20264861,20260907,110,0.11045,4.256552,10
compact_100_chem20264861_T300_rate0p005,100,300,20264861,20260907,111,0.11145000000000001,4.270628,10
compact_100_chem20264861_T300_rate0p005,100,300,20264861,20260907,112,0.11245000000000001,4.1765870000000005,10
compact_100_chem20264861_T300_rate0p005,100,300,20264861,20260907,113,0.11345000000000001,4.10454,10
compact_100_chem20264861_T300_rate0p005,100,300,20264861,20260907,114,0.11445000000000001,4.096317000000001,10
compact_100_chem20264861_T300_rate0p005,100,300,20264861,20260907,115,0.11545000000000001,4.048647,10
compact_100_chem20264861_T300_rate0p005,100,300,20264861,20260907,116,0.11645000000000001,4.024246,10
compact_100_chem20264861_T300_rate0p005,100,300,20264861,20260907,117,0.11745000000000001,4.040108,10
compact_100_chem20264861_T300_rate0p005,100,300,20264861,20260907,118,0.11844999999999999,4.020445,10
compact_100_chem20264861_T300_rate0p005,100,300,20264861,20260907,119,0.11945000000000001,3.9429749999999997,10
compact_100_chem20264861_T300_rate0p005,100,300,20264861,20260907,120,0.12044999999999999,3.8465830000000003,10
compact_100_chem20264861_T300_rate0p005,100,300,20264861,20260907,121,0.12144999999999999,3.725276,10
compact_100_chem20264861_T300_rate0p005,100,300,20264861,20260907,122,0.12244999999999999,3.802299,10
compact_100_chem20264861_T300_rate0p005,100,300,20264861,20260907,123,0.12344999999999999,3.7336749999999994,10
compact_100_chem20264861_T300_rate0p005,100,300,20264861,20260907,124,0.12444999999999999,3.687317999999999,10
compact_100_chem20264861_T300_rate0p005,100,300,20264861,20260907,125,0.12544999999999998,3.69738,10
compact_100_chem20264861_T300_rate0p005,100,300,20264861,20260907,126,0.12645,3.7103220000000006,10
compact_100_chem20264861_T300_rate0p005,100,300,20264861,20260907,127,0.12744999999999998,3.518669,10
compact_100_chem20264861_T300_rate0p005,100,300,20264861,20260907,128,0.12845,3.5100229999999994,10
compact_100_chem20264861_T300_rate0p005,100,300,20264861,20260907,129,0.12944999999999998,3.318287,10
compact_100_chem20264861_T300_rate0p005,100,300,20264861,20260907,130,0.13045,3.3419050000000006,10
compact_100_chem20264861_T300_rate0p005,100,300,20264861,20260907,131,0.13144999999999998,3.319153,10
compact_100_chem20264861_T300_rate0p005,100,300,20264861,20260907,132,0.13245,3.3471850000000005,10
compact_100_chem20264861_T300_rate0p005,100,300,20264861,20260907,133,0.13344999999999999,3.2506120000000003,10
compact_100_chem20264861_T300_rate0p005,100,300,20264861,20260907,134,0.13445000000000001,3.0242599999999995,10
compact_100_chem20264861_T300_rate0p005,100,300,20264861,20260907,135,0.13545,3.100305,10
compact_100_chem20264861_T300_rate0p005,100,300,20264861,20260907,136,0.13645000000000002,3.050709,10
compact_100_chem20264861_T300_rate0p005,100,300,20264861,20260907,137,0.13745,2.901382,10
compact_100_chem20264861_T300_rate0p005,100,300,20264861,20260907,138,0.13845000000000002,2.9113960000000003,10
compact_100_chem20264861_T300_rate0p005,100,300,20264861,20260907,139,0.13945,2.978582,10
compact_100_chem20264861_T300_rate0p005,100,300,20264861,20260907,140,0.14045000000000002,3.0429230000000005,10
compact_100_chem20264861_T300_rate0p005,100,300,20264861,20260907,141,0.14145,3.0675979999999994,10
compact_100_chem20264861_T300_rate0p005,100,300,20264861,20260907,142,0.14245000000000002,2.9894519999999996,10
compact_100_chem20264861_T300_rate0p005,100,300,20264861,20260907,143,0.14345,3.0526129999999996,10
compact_100_chem20264861_T300_rate0p005,100,300,20264861,20260907,144,0.14445000000000002,3.086865,10
compact_100_chem20264861_T300_rate0p005,100,300,20264861,20260907,145,0.14545,3.076806,10
compact_100_chem20264861_T300_rate0p005,100,300,20264861,20260907,146,0.14645000000000002,3.0076460000000003,10
compact_100_chem20264861_T300_rate0p005,100,300,20264861,20260907,147,0.14745,2.8944859999999997,10
compact_100_chem20264861_T300_rate0p005,100,300,20264861,20260907,148,0.14845000000000003,2.85776,10
compact_100_chem20264861_T300_rate0p005,100,300,20264861,20260907,149,0.14945,2.8280900000000004,10
compact_100_chem20264861_T300_rate0p005,100,300,20264861,20260907,150,0.15045000000000003,2.8928789999999998,10
compact_100_chem20264861_T300_rate0p005,100,300,20264861,20260907,151,0.15145,2.760676,10
compact_100_chem20264861_T300_rate0p005,100,300,20264861,20260907,152,0.15245000000000003,2.801159,10
compact_100_chem20264861_T300_rate0p005,100,300,20264861,20260907,153,0.15345,2.8854689999999996,10
compact_100_chem20264861_T300_rate0p005,100,300,20264861,20260907,154,0.15445000000000003,2.844571,10
compact_100_chem20264861_T300_rate0p005,100,300,20264861,20260907,155,0.15545,2.6435640000000005,10
compact_100_chem20264861_T300_rate0p005,100,300,20264861,20260907,156,0.15645000000000003,2.626823,10
compact_100_chem20264861_T300_rate0p005,100,300,20264861,20260907,157,0.15745,2.524629,10
compact_100_chem20264861_T300_rate0p005,100,300,20264861,20260907,158,0.15845000000000004,2.442407,10
compact_100_chem20264861_T300_rate0p005,100,300,20264861,20260907,159,0.15944999999999998,2.226598,10
compact_100_chem20264861_T300_rate0p005,100,300,20264861,20260907,160,0.16045,2.1345430000000003,10
compact_100_chem20264861_T300_rate0p005,100,300,20264861,20260907,161,0.16144999999999998,2.128917,10
compact_100_chem20264861_T300_rate0p005,100,300,20264861,20260907,162,0.16245,1.9868169999999998,10
compact_100_chem20264861_T300_rate0p005,100,300,20264861,20260907,163,0.16344999999999998,2.049358,10
compact_100_chem20264861_T300_rate0p005,100,300,20264861,20260907,164,0.16445,1.9640229999999999,10
compact_100_chem20264861_T300_rate0p005,100,300,20264861,20260907,165,0.16544999999999999,1.872651,10
compact_100_chem20264861_T300_rate0p005,100,300,20264861,20260907,166,0.16645000000000001,2.0166969999999997,10
compact_100_chem20264861_T300_rate0p005,100,300,20264861,20260907,167,0.16745,1.8743349999999999,10
compact_100_chem20264861_T300_rate0p005,100,300,20264861,20260907,168,0.16845000000000002,1.8885959999999997,10
compact_100_chem20264861_T300_rate0p005,100,300,20264861,20260907,169,0.16945,1.9123809999999999,10
compact_100_chem20264861_T300_rate0p005,100,300,20264861,20260907,170,0.17045000000000002,1.968936,10
compact_100_chem20264861_T300_rate0p005,100,300,20264861,20260907,171,0.17145,1.8091380000000001,10
compact_100_chem20264861_T300_rate0p005,100,300,20264861,20260907,172,0.17245000000000002,1.8082369999999997,10
compact_100_chem20264861_T300_rate0p005,100,300,20264861,20260907,173,0.17345,1.690483,10
compact_100_chem20264861_T300_rate0p005,100,300,20264861,20260907,174,0.17445000000000002,1.6925839999999996,10
compact_100_chem20264861_T300_rate0p005,100,300,20264861,20260907,175,0.17545,1.752456,10
compact_100_chem20264861_T300_rate0p005,100,300,20264861,20260907,176,0.17645000000000002,1.8251639999999998,10
compact_100_chem20264861_T300_rate0p005,100,300,20264861,20260907,177,0.17745,1.799929,10
compact_100_chem20264861_T300_rate0p005,100,300,20264861,20260907,178,0.17845,1.747716,10
compact_100_chem20264861_T300_rate0p005,100,300,20264861,20260907,179,0.17944999999999997,1.803604,10
compact_100_chem20264861_T300_rate0p005,100,300,20264861,20260907,180,0.18045,1.7450400000000001,10
compact_100_chem20264861_T300_rate0p005,100,300,20264861,20260907,181,0.18144999999999997,1.8737819999999998,10
compact_100_chem20264861_T300_rate0p005,100,300,20264861,20260907,182,0.18245,1.731018,10
compact_100_chem20264861_T300_rate0p005,100,300,20264861,20260907,183,0.18344999999999997,1.7665769999999998,10
compact_100_chem20264861_T300_rate0p005,100,300,20264861,20260907,184,0.18445,1.647925,10
compact_100_chem20264861_T300_rate0p005,100,300,20264861,20260907,185,0.18544999999999998,1.689644,10
compact_100_chem20264861_T300_rate0p005,100,300,20264861,20260907,186,0.18645,1.780735,10
compact_100_chem20264861_T300_rate0p005,100,300,20264861,20260907,187,0.18744999999999998,1.567834,10
compact_100_chem20264861_T300_rate0p005,100,300,20264861,20260907,188,0.18845,1.6629550000000002,10
compact_100_chem20264861_T300_rate0p005,100,300,20264861,20260907,189,0.18944999999999998,1.621013,10
compact_100_chem20264861_T300_rate0p005,100,300,20264861,20260907,190,0.19045,1.5780610000000002,10
compact_100_chem20264861_T300_rate0p005,100,300,20264861,20260907,191,0.19144999999999998,1.7081250000000001,10
compact_100_chem20264861_T300_rate0p005,100,300,20264861,20260907,192,0.19245,1.6364810000000003,10
compact_100_chem20264861_T300_rate0p005,100,300,20264861,20260907,193,0.19344999999999998,1.5417070000000002,10
compact_100_chem20264861_T300_rate0p005,100,300,20264861,20260907,194,0.19445,1.5935859999999997,10
compact_100_chem20264861_T300_rate0p005,100,300,20264861,20260907,195,0.19544999999999998,1.5648719999999998,10
compact_100_chem20264861_T300_rate0p005,100,300,20264861,20260907,196,0.19645,1.549649,10
compact_100_chem20264861_T300_rate0p005,100,300,20264861,20260907,197,0.19745,1.4414399999999998,10
compact_100_chem20264861_T300_rate0p005,100,300,20264861,20260907,198,0.19845000000000002,1.3669730000000002,10
compact_100_chem20264861_T300_rate0p005,100,300,20264861,20260907,199,0.19945,1.500778,10
compact_100_chem20264861_T300_rate0p005,100,300,20264861,20260907,200,0.2,1.59497,1
compact_100_chem20260825_T1200_rate0p005,100,1200,20260825,20260901,0,0.0004499999999999373,0.05828760000000001,10
compact_100_chem20260825_T1200_rate0p005,100,1200,20260825,20260901,1,0.0014500000000000001,0.09433071,10
compact_100_chem20260825_T1200_rate0p005,100,1200,20260825,20260901,2,0.00245,0.09793188,10
compact_100_chem20260825_T1200_rate0p005,100,1200,20260825,20260901,3,0.0034500000000000004,0.30495884,10
compact_100_chem20260825_T1200_rate0p005,100,1200,20260825,20260901,4,0.00445,0.35096415000000003,10
compact_100_chem20260825_T1200_rate0p005,100,1200,20260825,20260901,5,0.005450000000000001,0.36094879999999996,10
compact_100_chem20260825_T1200_rate0p005,100,1200,20260825,20260901,6,0.00645,0.357668111,10
compact_100_chem20260825_T1200_rate0p005,100,1200,20260825,20260901,7,0.007450000000000001,0.49321390000000004,10
compact_100_chem20260825_T1200_rate0p005,100,1200,20260825,20260901,8,0.008450000000000001,0.5188214,10
compact_100_chem20260825_T1200_rate0p005,100,1200,20260825,20260901,9,0.00945,0.6916502999999999,10
compact_100_chem20260825_T1200_rate0p005,100,1200,20260825,20260901,10,0.010450000000000001,0.4104229999999999,10
compact_100_chem20260825_T1200_rate0p005,100,1200,20260825,20260901,11,0.011450000000000002,0.6738607000000001,10
compact_100_chem20260825_T1200_rate0p005,100,1200,20260825,20260901,12,0.01245,0.7571109999999999,10
compact_100_chem20260825_T1200_rate0p005,100,1200,20260825,20260901,13,0.013449999999999998,0.7055927000000001,10
compact_100_chem20260825_T1200_rate0p005,100,1200,20260825,20260901,14,0.01445,0.9523721999999999,10
compact_100_chem20260825_T1200_rate0p005,100,1200,20260825,20260901,15,0.01545,0.5759180999999999,10
compact_100_chem20260825_T1200_rate0p005,100,1200,20260825,20260901,16,0.01645,1.0194366,10
compact_100_chem20260825_T1200_rate0p005,100,1200,20260825,20260901,17,0.01745,0.9062155000000001,10
compact_100_chem20260825_T1200_rate0p005,100,1200,20260825,20260901,18,0.01845,0.9548918000000001,10
compact_100_chem20260825_T1200_rate0p005,100,1200,20260825,20260901,19,0.019450000000000002,0.9765355,10
compact_100_chem20260825_T1200_rate0p005,100,1200,20260825,20260901,20,0.02045,1.0745109999999998,10
compact_100_chem20260825_T1200_rate0p005,100,1200,20260825,20260901,21,0.02145,1.0849806000000002,10
compact_100_chem20260825_T1200_rate0p005,100,1200,20260825,20260901,22,0.02245,1.150972,10
compact_100_chem20260825_T1200_rate0p005,100,1200,20260825,20260901,23,0.023450000000000002,1.1238074,10
compact_100_chem20260825_T1200_rate0p005,100,1200,20260825,20260901,24,0.02445,1.273482,10
compact_100_chem20260825_T1200_rate0p005,100,1200,20260825,20260901,25,0.02545,1.3635389999999998,10
compact_100_chem20260825_T1200_rate0p005,100,1200,20260825,20260901,26,0.026449999999999994,1.3589259999999999,10
compact_100_chem20260825_T1200_rate0p005,100,1200,20260825,20260901,27,0.027449999999999995,1.5522190000000002,10
compact_100_chem20260825_T1200_rate0p005,100,1200,20260825,20260901,28,0.028449999999999996,1.37027,10
compact_100_chem20260825_T1200_rate0p005,100,1200,20260825,20260901,29,0.029449999999999997,1.5189329999999999,10
compact_100_chem20260825_T1200_rate0p005,100,1200,20260825,20260901,30,0.030449999999999998,1.552188,10
compact_100_chem20260825_T1200_rate0p005,100,1200,20260825,20260901,31,0.03144999999999999,1.623536,10
compact_100_chem20260825_T1200_rate0p005,100,1200,20260825,20260901,32,0.03244999999999999,1.755531,10
compact_100_chem20260825_T1200_rate0p005,100,1200,20260825,20260901,33,0.033449999999999994,1.668196,10
compact_100_chem20260825_T1200_rate0p005,100,1200,20260825,20260901,34,0.034449999999999995,1.801182,10
compact_100_chem20260825_T1200_rate0p005,100,1200,20260825,20260901,35,0.035449999999999995,1.7698429999999998,10
compact_100_chem20260825_T1200_rate0p005,100,1200,20260825,20260901,36,0.036449999999999996,1.68426,10
compact_100_chem20260825_T1200_rate0p005,100,1200,20260825,20260901,37,0.03745,1.8861910000000002,10
compact_100_chem20260825_T1200_rate0p005,100,1200,20260825,20260901,38,0.03845,2.0295150000000004,10
compact_100_chem20260825_T1200_rate0p005,100,1200,20260825,20260901,39,0.03945,1.6974170000000002,10
compact_100_chem20260825_T1200_rate0p005,100,1200,20260825,20260901,40,0.04045,2.186635,10
compact_100_chem20260825_T1200_rate0p005,100,1200,20260825,20260901,41,0.04145,2.0294030000000003,10
compact_100_chem20260825_T1200_rate0p005,100,1200,20260825,20260901,42,0.04245,2.174195,10
compact_100_chem20260825_T1200_rate0p005,100,1200,20260825,20260901,43,0.04345,1.858334,10
compact_100_chem20260825_T1200_rate0p005,100,1200,20260825,20260901,44,0.04445,2.279983,10
compact_100_chem20260825_T1200_rate0p005,100,1200,20260825,20260901,45,0.045450000000000004,2.268017,10
compact_100_chem20260825_T1200_rate0p005,100,1200,20260825,20260901,46,0.04645,2.3371809999999997,10
compact_100_chem20260825_T1200_rate0p005,100,1200,20260825,20260901,47,0.04745,2.254284,10
compact_100_chem20260825_T1200_rate0p005,100,1200,20260825,20260901,48,0.04845,2.311683,10
compact_100_chem20260825_T1200_rate0p005,100,1200,20260825,20260901,49,0.04945,2.2549219999999996,10
compact_100_chem20260825_T1200_rate0p005,100,1200,20260825,20260901,50,0.050449999999999995,2.4017670000000004,10
compact_100_chem20260825_T1200_rate0p005,100,1200,20260825,20260901,51,0.051449999999999996,2.393917,10
compact_100_chem20260825_T1200_rate0p005,100,1200,20260825,20260901,52,0.05245,2.4474910000000003,10
compact_100_chem20260825_T1200_rate0p005,100,1200,20260825,20260901,53,0.05345,2.330726,10
compact_100_chem20260825_T1200_rate0p005,100,1200,20260825,20260901,54,0.05445,2.4300629999999996,10
compact_100_chem20260825_T1200_rate0p005,100,1200,20260825,20260901,55,0.05545,2.362348,10
compact_100_chem20260825_T1200_rate0p005,100,1200,20260825,20260901,56,0.05645,2.479263,10
compact_100_chem20260825_T1200_rate0p005,100,1200,20260825,20260901,57,0.05744999999999999,2.6345549999999998,10
compact_100_chem20260825_T1200_rate0p005,100,1200,20260825,20260901,58,0.05844999999999999,2.5937040000000002,10
compact_100_chem20260825_T1200_rate0p005,100,1200,20260825,20260901,59,0.05944999999999999,2.774216,10
compact_100_chem20260825_T1200_rate0p005,100,1200,20260825,20260901,60,0.06044999999999999,2.4417550000000006,10
compact_100_chem20260825_T1200_rate0p005,100,1200,20260825,20260901,61,0.06144999999999999,2.713034,10
compact_100_chem20260825_T1200_rate0p005,100,1200,20260825,20260901,62,0.06244999999999999,2.573968,10
compact_100_chem20260825_T1200_rate0p005,100,1200,20260825,20260901,63,0.06344999999999999,2.7523430000000007,10
compact_100_chem20260825_T1200_rate0p005,100,1200,20260825,20260901,64,0.06444999999999998,2.5758099999999997,10
compact_100_chem20260825_T1200_rate0p005,100,1200,20260825,20260901,65,0.06544999999999998,2.6745030000000005,10
compact_100_chem20260825_T1200_rate0p005,100,1200,20260825,20260901,66,0.06644999999999998,2.7488389999999994,10
compact_100_chem20260825_T1200_rate0p005,100,1200,20260825,20260901,67,0.06744999999999998,2.7320160000000002,10
compact_100_chem20260825_T1200_rate0p005,100,1200,20260825,20260901,68,0.06844999999999998,2.6928279999999996,10
compact_100_chem20260825_T1200_rate0p005,100,1200,20260825,20260901,69,0.06944999999999998,2.714054,10
compact_100_chem20260825_T1200_rate0p005,100,1200,20260825,20260901,70,0.07044999999999998,2.6313880000000003,10
compact_100_chem20260825_T1200_rate0p005,100,1200,20260825,20260901,71,0.07144999999999999,2.751511,10
compact_100_chem20260825_T1200_rate0p005,100,1200,20260825,20260901,72,0.07244999999999999,2.764648,10
compact_100_chem20260825_T1200_rate0p005,100,1200,20260825,20260901,73,0.07344999999999999,2.784836,10
compact_100_chem20260825_T1200_rate0p005,100,1200,20260825,20260901,74,0.07444999999999999,2.957542,10
compact_100_chem20260825_T1200_rate0p005,100,1200,20260825,20260901,75,0.07544999999999999,2.9314880000000003,10
compact_100_chem20260825_T1200_rate0p005,100,1200,20260825,20260901,76,0.07644999999999999,2.8677479999999997,10
compact_100_chem20260825_T1200_rate0p005,100,1200,20260825,20260901,77,0.07744999999999999,2.8354880000000002,10
compact_100_chem20260825_T1200_rate0p005,100,1200,20260825,20260901,78,0.07844999999999999,2.9360670000000004,10
compact_100_chem20260825_T1200_rate0p005,100,1200,20260825,20260901,79,0.07944999999999999,2.88043,10
compact_100_chem20260825_T1200_rate0p005,100,1200,20260825,20260901,80,0.08045,3.082559,10
compact_100_chem20260825_T1200_rate0p005,100,1200,20260825,20260901,81,0.08145,2.824163,10
compact_100_chem20260825_T1200_rate0p005,100,1200,20260825,20260901,82,0.08245,2.951016,10
compact_100_chem20260825_T1200_rate0p005,100,1200,20260825,20260901,83,0.08345,2.774646,10
compact_100_chem20260825_T1200_rate0p005,100,1200,20260825,20260901,84,0.08445,2.908872,10
compact_100_chem20260825_T1200_rate0p005,100,1200,20260825,20260901,85,0.08545,2.7027039999999998,10
compact_100_chem20260825_T1200_rate0p005,100,1200,20260825,20260901,86,0.08645,3.017892,10
compact_100_chem20260825_T1200_rate0p005,100,1200,20260825,20260901,87,0.08745,2.953401,10
compact_100_chem20260825_T1200_rate0p005,100,1200,20260825,20260901,88,0.08845,3.141334,10
compact_100_chem20260825_T1200_rate0p005,100,1200,20260825,20260901,89,0.08945,2.97529,10
compact_100_chem20260825_T1200_rate0p005,100,1200,20260825,20260901,90,0.09045,2.95395,10
compact_100_chem20260825_T1200_rate0p005,100,1200,20260825,20260901,91,0.09145,2.987905,10
compact_100_chem20260825_T1200_rate0p005,100,1200,20260825,20260901,92,0.09245,2.865597,10
compact_100_chem20260825_T1200_rate0p005,100,1200,20260825,20260901,93,0.09345,2.835458,10
compact_100_chem20260825_T1200_rate0p005,100,1200,20260825,20260901,94,0.09445,3.05784,10
compact_100_chem20260825_T1200_rate0p005,100,1200,20260825,20260901,95,0.09545,2.9307220000000003,10
compact_100_chem20260825_T1200_rate0p005,100,1200,20260825,20260901,96,0.09645,3.065502,10
compact_100_chem20260825_T1200_rate0p005,100,1200,20260825,20260901,97,0.09745,2.825951,10
compact_100_chem20260825_T1200_rate0p005,100,1200,20260825,20260901,98,0.09845,3.075995,10
compact_100_chem20260825_T1200_rate0p005,100,1200,20260825,20260901,99,0.09945,2.847878,10
compact_100_chem20260825_T1200_rate0p005,100,1200,20260825,20260901,100,0.10045,2.873479,10
compact_100_chem20260825_T1200_rate0p005,100,1200,20260825,20260901,101,0.10145,3.001361,10
compact_100_chem20260825_T1200_rate0p005,100,1200,20260825,20260901,102,0.10245,3.256458,10
compact_100_chem20260825_T1200_rate0p005,100,1200,20260825,20260901,103,0.10345,2.843502,10
compact_100_chem20260825_T1200_rate0p005,100,1200,20260825,20260901,104,0.10445,3.163348,10
compact_100_chem20260825_T1200_rate0p005,100,1200,20260825,20260901,105,0.10545,3.0368850000000003,10
compact_100_chem20260825_T1200_rate0p005,100,1200,20260825,20260901,106,0.10645,3.1858809999999997,10
compact_100_chem20260825_T1200_rate0p005,100,1200,20260825,20260901,107,0.10745,2.935525,10
compact_100_chem20260825_T1200_rate0p005,100,1200,20260825,20260901,108,0.10845,3.035318,10
compact_100_chem20260825_T1200_rate0p005,100,1200,20260825,20260901,109,0.10945,2.982603,10
compact_100_chem20260825_T1200_rate0p005,100,1200,20260825,20260901,110,0.11045,2.682885,10
compact_100_chem20260825_T1200_rate0p005,100,1200,20260825,20260901,111,0.11145000000000001,2.846489,10
compact_100_chem20260825_T1200_rate0p005,100,1200,20260825,20260901,112,0.11245000000000001,2.848261,10
compact_100_chem20260825_T1200_rate0p005,100,1200,20260825,20260901,113,0.11345000000000001,3.2448349999999997,10
compact_100_chem20260825_T1200_rate0p005,100,1200,20260825,20260901,114,0.11445000000000001,2.8058129999999997,10
compact_100_chem20260825_T1200_rate0p005,100,1200,20260825,20260901,115,0.11545000000000001,3.107923,10
compact_100_chem20260825_T1200_rate0p005,100,1200,20260825,20260901,116,0.11645000000000001,2.5664309999999997,10
compact_100_chem20260825_T1200_rate0p005,100,1200,20260825,20260901,117,0.11745000000000001,2.9817839999999998,10
compact_100_chem20260825_T1200_rate0p005,100,1200,20260825,20260901,118,0.11844999999999999,2.1663819999999996,10
compact_100_chem20260825_T1200_rate0p005,100,1200,20260825,20260901,119,0.11945000000000001,2.729584,10
compact_100_chem20260825_T1200_rate0p005,100,1200,20260825,20260901,120,0.12044999999999999,2.3567460000000002,10
compact_100_chem20260825_T1200_rate0p005,100,1200,20260825,20260901,121,0.12144999999999999,2.426182,10
compact_100_chem20260825_T1200_rate0p005,100,1200,20260825,20260901,122,0.12244999999999999,2.505217,10
compact_100_chem20260825_T1200_rate0p005,100,1200,20260825,20260901,123,0.12344999999999999,2.261019,10
compact_100_chem20260825_T1200_rate0p005,100,1200,20260825,20260901,124,0.12444999999999999,2.4555309999999997,10
compact_100_chem20260825_T1200_rate0p005,100,1200,20260825,20260901,125,0.12544999999999998,2.550714,10
compact_100_chem20260825_T1200_rate0p005,100,1200,20260825,20260901,126,0.12645,2.6489789999999998,10
compact_100_chem20260825_T1200_rate0p005,100,1200,20260825,20260901,127,0.12744999999999998,2.431512,10
compact_100_chem20260825_T1200_rate0p005,100,1200,20260825,20260901,128,0.12845,2.663908,10
compact_100_chem20260825_T1200_rate0p005,100,1200,20260825,20260901,129,0.12944999999999998,2.532294,10
compact_100_chem20260825_T1200_rate0p005,100,1200,20260825,20260901,130,0.13045,2.6211719999999996,10
compact_100_chem20260825_T1200_rate0p005,100,1200,20260825,20260901,131,0.13144999999999998,2.576728,10
compact_100_chem20260825_T1200_rate0p005,100,1200,20260825,20260901,132,0.13245,2.514585,10
compact_100_chem20260825_T1200_rate0p005,100,1200,20260825,20260901,133,0.13344999999999999,2.373423,10
compact_100_chem20260825_T1200_rate0p005,100,1200,20260825,20260901,134,0.13445000000000001,2.475136,10
compact_100_chem20260825_T1200_rate0p005,100,1200,20260825,20260901,135,0.13545,2.4592479999999997,10
compact_100_chem20260825_T1200_rate0p005,100,1200,20260825,20260901,136,0.13645000000000002,2.201648,10
compact_100_chem20260825_T1200_rate0p005,100,1200,20260825,20260901,137,0.13745,2.012486,10
compact_100_chem20260825_T1200_rate0p005,100,1200,20260825,20260901,138,0.13845000000000002,1.6437800000000002,10
compact_100_chem20260825_T1200_rate0p005,100,1200,20260825,20260901,139,0.13945,2.3790150000000003,10
compact_100_chem20260825_T1200_rate0p005,100,1200,20260825,20260901,140,0.14045000000000002,1.90824,10
compact_100_chem20260825_T1200_rate0p005,100,1200,20260825,20260901,141,0.14145,2.116613,10
compact_100_chem20260825_T1200_rate0p005,100,1200,20260825,20260901,142,0.14245000000000002,2.0080739999999997,10
compact_100_chem20260825_T1200_rate0p005,100,1200,20260825,20260901,143,0.14345,1.534211,10
compact_100_chem20260825_T1200_rate0p005,100,1200,20260825,20260901,144,0.14445000000000002,1.7738479999999999,10
compact_100_chem20260825_T1200_rate0p005,100,1200,20260825,20260901,145,0.14545,1.488251,10
compact_100_chem20260825_T1200_rate0p005,100,1200,20260825,20260901,146,0.14645000000000002,1.8122030000000002,10
compact_100_chem20260825_T1200_rate0p005,100,1200,20260825,20260901,147,0.14745,1.3740839999999999,10
compact_100_chem20260825_T1200_rate0p005,100,1200,20260825,20260901,148,0.14845000000000003,1.5044879999999998,10
compact_100_chem20260825_T1200_rate0p005,100,1200,20260825,20260901,149,0.14945,1.190087,10
compact_100_chem20260825_T1200_rate0p005,100,1200,20260825,20260901,150,0.15045000000000003,1.4148969999999998,10
compact_100_chem20260825_T1200_rate0p005,100,1200,20260825,20260901,151,0.15145,1.315129,10
compact_100_chem20260825_T1200_rate0p005,100,1200,20260825,20260901,152,0.15245000000000003,0.9327133,10
compact_100_chem20260825_T1200_rate0p005,100,1200,20260825,20260901,153,0.15345,1.239904,10
compact_100_chem20260825_T1200_rate0p005,100,1200,20260825,20260901,154,0.15445000000000003,0.6466757,10
compact_100_chem20260825_T1200_rate0p005,100,1200,20260825,20260901,155,0.15545,1.2061011000000001,10
compact_100_chem20260825_T1200_rate0p005,100,1200,20260825,20260901,156,0.15645000000000003,0.9078329,10
compact_100_chem20260825_T1200_rate0p005,100,1200,20260825,20260901,157,0.15745,1.1569904000000002,10
compact_100_chem20260825_T1200_rate0p005,100,1200,20260825,20260901,158,0.15845000000000004,1.1899642,10
compact_100_chem20260825_T1200_rate0p005,100,1200,20260825,20260901,159,0.15944999999999998,0.9967831,10
compact_100_chem20260825_T1200_rate0p005,100,1200,20260825,20260901,160,0.16045,1.1546920999999997,10
compact_100_chem20260825_T1200_rate0p005,100,1200,20260825,20260901,161,0.16144999999999998,0.8854936999999999,10
compact_100_chem20260825_T1200_rate0p005,100,1200,20260825,20260901,162,0.16245,1.1400336,10
compact_100_chem20260825_T1200_rate0p005,100,1200,20260825,20260901,163,0.16344999999999998,1.0055529,10
compact_100_chem20260825_T1200_rate0p005,100,1200,20260825,20260901,164,0.16445,1.1422400000000001,10
compact_100_chem20260825_T1200_rate0p005,100,1200,20260825,20260901,165,0.16544999999999999,0.6358940000000001,10
compact_100_chem20260825_T1200_rate0p005,100,1200,20260825,20260901,166,0.16645000000000001,0.8440256999999999,10
compact_100_chem20260825_T1200_rate0p005,100,1200,20260825,20260901,167,0.16745,0.4828125999999999,10
compact_100_chem20260825_T1200_rate0p005,100,1200,20260825,20260901,168,0.16845000000000002,1.1972565999999998,10
compact_100_chem20260825_T1200_rate0p005,100,1200,20260825,20260901,169,0.16945,0.847467,10
compact_100_chem20260825_T1200_rate0p005,100,1200,20260825,20260901,170,0.17045000000000002,1.2076454,10
compact_100_chem20260825_T1200_rate0p005,100,1200,20260825,20260901,171,0.17145,0.8790298,10
compact_100_chem20260825_T1200_rate0p005,100,1200,20260825,20260901,172,0.17245000000000002,0.7850895,10
compact_100_chem20260825_T1200_rate0p005,100,1200,20260825,20260901,173,0.17345,0.528653,10
compact_100_chem20260825_T1200_rate0p005,100,1200,20260825,20260901,174,0.17445000000000002,1.1835604,10
compact_100_chem20260825_T1200_rate0p005,100,1200,20260825,20260901,175,0.17545,0.8997970000000001,10
compact_100_chem20260825_T1200_rate0p005,100,1200,20260825,20260901,176,0.17645000000000002,1.2280433,10
compact_100_chem20260825_T1200_rate0p005,100,1200,20260825,20260901,177,0.17745,0.789967,10
compact_100_chem20260825_T1200_rate0p005,100,1200,20260825,20260901,178,0.17845,0.5489236,10
compact_100_chem20260825_T1200_rate0p005,100,1200,20260825,20260901,179,0.17944999999999997,0.6119488,10
compact_100_chem20260825_T1200_rate0p005,100,1200,20260825,20260901,180,0.18045,0.7759748999999999,10
compact_100_chem20260825_T1200_rate0p005,100,1200,20260825,20260901,181,0.18144999999999997,0.6996435000000001,10
compact_100_chem20260825_T1200_rate0p005,100,1200,20260825,20260901,182,0.18245,0.5581305999999999,10
compact_100_chem20260825_T1200_rate0p005,100,1200,20260825,20260901,183,0.18344999999999997,0.7563240999999999,10
compact_100_chem20260825_T1200_rate0p005,100,1200,20260825,20260901,184,0.18445,0.46301430000000005,10
compact_100_chem20260825_T1200_rate0p005,100,1200,20260825,20260901,185,0.18544999999999998,0.9647227,10
compact_100_chem20260825_T1200_rate0p005,100,1200,20260825,20260901,186,0.18645,0.7055361,10
compact_100_chem20260825_T1200_rate0p005,100,1200,20260825,20260901,187,0.18744999999999998,0.39579980000000003,10
compact_100_chem20260825_T1200_rate0p005,100,1200,20260825,20260901,188,0.18845,0.8486285,10
compact_100_chem20260825_T1200_rate0p005,100,1200,20260825,20260901,189,0.18944999999999998,0.617537,10
compact_100_chem20260825_T1200_rate0p005,100,1200,20260825,20260901,190,0.19045,0.7768591,10
compact_100_chem20260825_T1200_rate0p005,100,1200,20260825,20260901,191,0.19144999999999998,0.7857632000000001,10
compact_100_chem20260825_T1200_rate0p005,100,1200,20260825,20260901,192,0.19245,0.8285766999999999,10
compact_100_chem20260825_T1200_rate0p005,100,1200,20260825,20260901,193,0.19344999999999998,0.26823124000000004,10
compact_100_chem20260825_T1200_rate0p005,100,1200,20260825,20260901,194,0.19445,0.7448952,10
compact_100_chem20260825_T1200_rate0p005,100,1200,20260825,20260901,195,0.19544999999999998,0.5564190999999999,10
compact_100_chem20260825_T1200_rate0p005,100,1200,20260825,20260901,196,0.19645,0.6727187,10
compact_100_chem20260825_T1200_rate0p005,100,1200,20260825,20260901,197,0.19745,0.5690820000000001,10
compact_100_chem20260825_T1200_rate0p005,100,1200,20260825,20260901,198,0.19845000000000002,0.521119,10
compact_100_chem20260825_T1200_rate0p005,100,1200,20260825,20260901,199,0.19945,0.49357370000000006,10
compact_100_chem20260825_T1200_rate0p005,100,1200,20260825,20260901,200,0.2,0.579559,1
compact_100_chem20262843_T1200_rate0p005,100,1200,20262843,20260903,0,0.00045000000000008374,-0.10870955,10
compact_100_chem20262843_T1200_rate0p005,100,1200,20262843,20260903,1,0.0014500000000000001,-0.11200334999999999,10
compact_100_chem20262843_T1200_rate0p005,100,1200,20262843,20260903,2,0.00245,-0.031265680000000004,10
compact_100_chem20262843_T1200_rate0p005,100,1200,20262843,20260903,3,0.0034500000000000004,0.006699826000000001,10
compact_100_chem20262843_T1200_rate0p005,100,1200,20262843,20260903,4,0.00445,0.22267229000000005,10
compact_100_chem20262843_T1200_rate0p005,100,1200,20262843,20260903,5,0.005450000000000001,0.13942221000000002,10
compact_100_chem20262843_T1200_rate0p005,100,1200,20262843,20260903,6,0.00645,0.5171631499999999,10
compact_100_chem20262843_T1200_rate0p005,100,1200,20262843,20260903,7,0.007450000000000001,0.160746332,10
compact_100_chem20262843_T1200_rate0p005,100,1200,20262843,20260903,8,0.008450000000000001,0.6814578,10
compact_100_chem20262843_T1200_rate0p005,100,1200,20262843,20260903,9,0.00945,-0.06318814000000002,10
compact_100_chem20262843_T1200_rate0p005,100,1200,20262843,20260903,10,0.010450000000000001,0.6906854,10
compact_100_chem20262843_T1200_rate0p005,100,1200,20262843,20260903,11,0.011450000000000002,0.42094424999999996,10
compact_100_chem20262843_T1200_rate0p005,100,1200,20262843,20260903,12,0.01245,0.5916595,10
compact_100_chem20262843_T1200_rate0p005,100,1200,20262843,20260903,13,0.013449999999999998,0.48619200000000007,10
compact_100_chem20262843_T1200_rate0p005,100,1200,20262843,20260903,14,0.01445,0.5792693,10
compact_100_chem20262843_T1200_rate0p005,100,1200,20262843,20260903,15,0.01545,0.5966484999999999,10
compact_100_chem20262843_T1200_rate0p005,100,1200,20262843,20260903,16,0.01645,0.9426981000000001,10
compact_100_chem20262843_T1200_rate0p005,100,1200,20262843,20260903,17,0.01745,0.7516826000000001,10
compact_100_chem20262843_T1200_rate0p005,100,1200,20262843,20260903,18,0.01845,0.8602857,10
compact_100_chem20262843_T1200_rate0p005,100,1200,20262843,20260903,19,0.019450000000000002,0.8910574,10
compact_100_chem20262843_T1200_rate0p005,100,1200,20262843,20260903,20,0.02045,0.898064,10
compact_100_chem20262843_T1200_rate0p005,100,1200,20262843,20260903,21,0.02145,1.0272775,10
compact_100_chem20262843_T1200_rate0p005,100,1200,20262843,20260903,22,0.02245,0.8945472000000001,10
compact_100_chem20262843_T1200_rate0p005,100,1200,20262843,20260903,23,0.023450000000000002,1.3783107,10
compact_100_chem20262843_T1200_rate0p005,100,1200,20262843,20260903,24,0.02445,1.0214760999999999,10
compact_100_chem20262843_T1200_rate0p005,100,1200,20262843,20260903,25,0.02545,1.4464780000000002,10
compact_100_chem20262843_T1200_rate0p005,100,1200,20262843,20260903,26,0.026449999999999994,1.2082069,10
compact_100_chem20262843_T1200_rate0p005,100,1200,20262843,20260903,27,0.027449999999999995,1.113384,10
compact_100_chem20262843_T1200_rate0p005,100,1200,20262843,20260903,28,0.028449999999999996,1.4544561999999999,10
compact_100_chem20262843_T1200_rate0p005,100,1200,20262843,20260903,29,0.029449999999999997,1.2101226999999999,10
compact_100_chem20262843_T1200_rate0p005,100,1200,20262843,20260903,30,0.030449999999999998,1.569651,10
compact_100_chem20262843_T1200_rate0p005,100,1200,20262843,20260903,31,0.03144999999999999,1.3529668,10
compact_100_chem20262843_T1200_rate0p005,100,1200,20262843,20260903,32,0.03244999999999999,1.6757529999999998,10
compact_100_chem20262843_T1200_rate0p005,100,1200,20262843,20260903,33,0.033449999999999994,1.453254,10
compact_100_chem20262843_T1200_rate0p005,100,1200,20262843,20260903,34,0.034449999999999995,1.713214,10
compact_100_chem20262843_T1200_rate0p005,100,1200,20262843,20260903,35,0.035449999999999995,1.747684,10
compact_100_chem20262843_T1200_rate0p005,100,1200,20262843,20260903,36,0.036449999999999996,1.780609,10
compact_100_chem20262843_T1200_rate0p005,100,1200,20262843,20260903,37,0.03745,1.8132229999999996,10
compact_100_chem20262843_T1200_rate0p005,100,1200,20262843,20260903,38,0.03845,1.8378419999999998,10
compact_100_chem20262843_T1200_rate0p005,100,1200,20262843,20260903,39,0.03945,1.7505390000000003,10
compact_100_chem20262843_T1200_rate0p005,100,1200,20262843,20260903,40,0.04045,1.832016,10
compact_100_chem20262843_T1200_rate0p005,100,1200,20262843,20260903,41,0.04145,1.770635,10
compact_100_chem20262843_T1200_rate0p005,100,1200,20262843,20260903,42,0.04245,1.975122,10
compact_100_chem20262843_T1200_rate0p005,100,1200,20262843,20260903,43,0.04345,1.8203409999999998,10
compact_100_chem20262843_T1200_rate0p005,100,1200,20262843,20260903,44,0.04445,2.035367,10
compact_100_chem20262843_T1200_rate0p005,100,1200,20262843,20260903,45,0.045450000000000004,2.077692,10
compact_100_chem20262843_T1200_rate0p005,100,1200,20262843,20260903,46,0.04645,2.158825,10
compact_100_chem20262843_T1200_rate0p005,100,1200,20262843,20260903,47,0.04745,2.1218839999999997,10
compact_100_chem20262843_T1200_rate0p005,100,1200,20262843,20260903,48,0.04845,2.083748,10
compact_100_chem20262843_T1200_rate0p005,100,1200,20262843,20260903,49,0.04945,2.063589,10
compact_100_chem20262843_T1200_rate0p005,100,1200,20262843,20260903,50,0.050449999999999995,2.2609239999999997,10
compact_100_chem20262843_T1200_rate0p005,100,1200,20262843,20260903,51,0.051449999999999996,1.970449,10
compact_100_chem20262843_T1200_rate0p005,100,1200,20262843,20260903,52,0.05245,2.384168,10
compact_100_chem20262843_T1200_rate0p005,100,1200,20262843,20260903,53,0.05345,2.25988,10
compact_100_chem20262843_T1200_rate0p005,100,1200,20262843,20260903,54,0.05445,2.371902,10
compact_100_chem20262843_T1200_rate0p005,100,1200,20262843,20260903,55,0.05545,2.476152,10
compact_100_chem20262843_T1200_rate0p005,100,1200,20262843,20260903,56,0.05645,2.235009,10
compact_100_chem20262843_T1200_rate0p005,100,1200,20262843,20260903,57,0.05744999999999999,2.4689369999999995,10
compact_100_chem20262843_T1200_rate0p005,100,1200,20262843,20260903,58,0.05844999999999999,2.3795960000000003,10
compact_100_chem20262843_T1200_rate0p005,100,1200,20262843,20260903,59,0.05944999999999999,2.4655750000000003,10
compact_100_chem20262843_T1200_rate0p005,100,1200,20262843,20260903,60,0.06044999999999999,2.52033,10
compact_100_chem20262843_T1200_rate0p005,100,1200,20262843,20260903,61,0.06144999999999999,2.72946,10
compact_100_chem20262843_T1200_rate0p005,100,1200,20262843,20260903,62,0.06244999999999999,2.358104,10
compact_100_chem20262843_T1200_rate0p005,100,1200,20262843,20260903,63,0.06344999999999999,2.876825,10
compact_100_chem20262843_T1200_rate0p005,100,1200,20262843,20260903,64,0.06444999999999998,2.5331270000000004,10
compact_100_chem20262843_T1200_rate0p005,100,1200,20262843,20260903,65,0.06544999999999998,2.704624,10
compact_100_chem20262843_T1200_rate0p005,100,1200,20262843,20260903,66,0.06644999999999998,2.557706,10
compact_100_chem20262843_T1200_rate0p005,100,1200,20262843,20260903,67,0.06744999999999998,2.790007,10
compact_100_chem20262843_T1200_rate0p005,100,1200,20262843,20260903,68,0.06844999999999998,2.589877,10
compact_100_chem20262843_T1200_rate0p005,100,1200,20262843,20260903,69,0.06944999999999998,2.734181,10
compact_100_chem20262843_T1200_rate0p005,100,1200,20262843,20260903,70,0.07044999999999998,2.5717030000000003,10
compact_100_chem20262843_T1200_rate0p005,100,1200,20262843,20260903,71,0.07144999999999999,2.9042579999999996,10
compact_100_chem20262843_T1200_rate0p005,100,1200,20262843,20260903,72,0.07244999999999999,2.5987839999999998,10
compact_100_chem20262843_T1200_rate0p005,100,1200,20262843,20260903,73,0.07344999999999999,2.907669,10
compact_100_chem20262843_T1200_rate0p005,100,1200,20262843,20260903,74,0.07444999999999999,2.716599,10
compact_100_chem20262843_T1200_rate0p005,100,1200,20262843,20260903,75,0.07544999999999999,2.855379,10
compact_100_chem20262843_T1200_rate0p005,100,1200,20262843,20260903,76,0.07644999999999999,2.918445,10
compact_100_chem20262843_T1200_rate0p005,100,1200,20262843,20260903,77,0.07744999999999999,2.78078,10
compact_100_chem20262843_T1200_rate0p005,100,1200,20262843,20260903,78,0.07844999999999999,2.8260110000000003,10
compact_100_chem20262843_T1200_rate0p005,100,1200,20262843,20260903,79,0.07944999999999999,2.91273,10
compact_100_chem20262843_T1200_rate0p005,100,1200,20262843,20260903,80,0.08045,2.769418,10
compact_100_chem20262843_T1200_rate0p005,100,1200,20262843,20260903,81,0.08145,2.904008,10
compact_100_chem20262843_T1200_rate0p005,100,1200,20262843,20260903,82,0.08245,2.721936,10
compact_100_chem20262843_T1200_rate0p005,100,1200,20262843,20260903,83,0.08345,2.909102,10
compact_100_chem20262843_T1200_rate0p005,100,1200,20262843,20260903,84,0.08445,2.729189,10
compact_100_chem20262843_T1200_rate0p005,100,1200,20262843,20260903,85,0.08545,3.030862,10
compact_100_chem20262843_T1200_rate0p005,100,1200,20262843,20260903,86,0.08645,2.8650450000000003,10
compact_100_chem20262843_T1200_rate0p005,100,1200,20262843,20260903,87,0.08745,2.8392399999999998,10
compact_100_chem20262843_T1200_rate0p005,100,1200,20262843,20260903,88,0.08845,2.983799,10
compact_100_chem20262843_T1200_rate0p005,100,1200,20262843,20260903,89,0.08945,3.091164,10
compact_100_chem20262843_T1200_rate0p005,100,1200,20262843,20260903,90,0.09045,3.1903040000000003,10
compact_100_chem20262843_T1200_rate0p005,100,1200,20262843,20260903,91,0.09145,3.0332239999999997,10
compact_100_chem20262843_T1200_rate0p005,100,1200,20262843,20260903,92,0.09245,3.09714,10
compact_100_chem20262843_T1200_rate0p005,100,1200,20262843,20260903,93,0.09345,2.880202,10
compact_100_chem20262843_T1200_rate0p005,100,1200,20262843,20260903,94,0.09445,3.3142139999999998,10
compact_100_chem20262843_T1200_rate0p005,100,1200,20262843,20260903,95,0.09545,3.028634,10
compact_100_chem20262843_T1200_rate0p005,100,1200,20262843,20260903,96,0.09645,3.191223,10
compact_100_chem20262843_T1200_rate0p005,100,1200,20262843,20260903,97,0.09745,2.9677509999999994,10
compact_100_chem20262843_T1200_rate0p005,100,1200,20262843,20260903,98,0.09845,2.982893,10
compact_100_chem20262843_T1200_rate0p005,100,1200,20262843,20260903,99,0.09945,2.9480120000000003,10
compact_100_chem20262843_T1200_rate0p005,100,1200,20262843,20260903,100,0.10045,2.8407159999999996,10
compact_100_chem20262843_T1200_rate0p005,100,1200,20262843,20260903,101,0.10145,2.947892,10
compact_100_chem20262843_T1200_rate0p005,100,1200,20262843,20260903,102,0.10245,2.8133989999999995,10
compact_100_chem20262843_T1200_rate0p005,100,1200,20262843,20260903,103,0.10345,3.170746,10
compact_100_chem20262843_T1200_rate0p005,100,1200,20262843,20260903,104,0.10445,2.99773,10
compact_100_chem20262843_T1200_rate0p005,100,1200,20262843,20260903,105,0.10545,2.7349939999999995,10
compact_100_chem20262843_T1200_rate0p005,100,1200,20262843,20260903,106,0.10645,2.865482,10
compact_100_chem20262843_T1200_rate0p005,100,1200,20262843,20260903,107,0.10745,3.1666870000000005,10
compact_100_chem20262843_T1200_rate0p005,100,1200,20262843,20260903,108,0.10845,3.102933,10
compact_100_chem20262843_T1200_rate0p005,100,1200,20262843,20260903,109,0.10945,2.8657489999999997,10
compact_100_chem20262843_T1200_rate0p005,100,1200,20262843,20260903,110,0.11045,3.043656,10
compact_100_chem20262843_T1200_rate0p005,100,1200,20262843,20260903,111,0.11145000000000001,3.039523,10
compact_100_chem20262843_T1200_rate0p005,100,1200,20262843,20260903,112,0.11245000000000001,3.168009,10
compact_100_chem20262843_T1200_rate0p005,100,1200,20262843,20260903,113,0.11345000000000001,3.098634,10
compact_100_chem20262843_T1200_rate0p005,100,1200,20262843,20260903,114,0.11445000000000001,2.8483460000000003,10
compact_100_chem20262843_T1200_rate0p005,100,1200,20262843,20260903,115,0.11545000000000001,3.018785,10
compact_100_chem20262843_T1200_rate0p005,100,1200,20262843,20260903,116,0.11645000000000001,2.800693,10
compact_100_chem20262843_T1200_rate0p005,100,1200,20262843,20260903,117,0.11745000000000001,3.110483,10
compact_100_chem20262843_T1200_rate0p005,100,1200,20262843,20260903,118,0.11844999999999999,2.7977870000000005,10
compact_100_chem20262843_T1200_rate0p005,100,1200,20262843,20260903,119,0.11945000000000001,2.988957,10
compact_100_chem20262843_T1200_rate0p005,100,1200,20262843,20260903,120,0.12044999999999999,2.5123349999999998,10
compact_100_chem20262843_T1200_rate0p005,100,1200,20262843,20260903,121,0.12144999999999999,2.9249440000000004,10
compact_100_chem20262843_T1200_rate0p005,100,1200,20262843,20260903,122,0.12244999999999999,2.813644,10
compact_100_chem20262843_T1200_rate0p005,100,1200,20262843,20260903,123,0.12344999999999999,2.803713,10
compact_100_chem20262843_T1200_rate0p005,100,1200,20262843,20260903,124,0.12444999999999999,2.916633,10
compact_100_chem20262843_T1200_rate0p005,100,1200,20262843,20260903,125,0.12544999999999998,2.5270580000000002,10
compact_100_chem20262843_T1200_rate0p005,100,1200,20262843,20260903,126,0.12645,2.800509,10
compact_100_chem20262843_T1200_rate0p005,100,1200,20262843,20260903,127,0.12744999999999998,2.6927019999999997,10
compact_100_chem20262843_T1200_rate0p005,100,1200,20262843,20260903,128,0.12845,2.601754,10
compact_100_chem20262843_T1200_rate0p005,100,1200,20262843,20260903,129,0.12944999999999998,2.6899729999999997,10
compact_100_chem20262843_T1200_rate0p005,100,1200,20262843,20260903,130,0.13045,2.897504,10
compact_100_chem20262843_T1200_rate0p005,100,1200,20262843,20260903,131,0.13144999999999998,2.582243,10
compact_100_chem20262843_T1200_rate0p005,100,1200,20262843,20260903,132,0.13245,2.9840950000000004,10
compact_100_chem20262843_T1200_rate0p005,100,1200,20262843,20260903,133,0.13344999999999999,2.761102,10
compact_100_chem20262843_T1200_rate0p005,100,1200,20262843,20260903,134,0.13445000000000001,2.66941,10
compact_100_chem20262843_T1200_rate0p005,100,1200,20262843,20260903,135,0.13545,2.3803219999999996,10
compact_100_chem20262843_T1200_rate0p005,100,1200,20262843,20260903,136,0.13645000000000002,2.527074,10
compact_100_chem20262843_T1200_rate0p005,100,1200,20262843,20260903,137,0.13745,2.56599,10
compact_100_chem20262843_T1200_rate0p005,100,1200,20262843,20260903,138,0.13845000000000002,2.748978,10
compact_100_chem20262843_T1200_rate0p005,100,1200,20262843,20260903,139,0.13945,2.554767,10
compact_100_chem20262843_T1200_rate0p005,100,1200,20262843,20260903,140,0.14045000000000002,2.5060209999999996,10
compact_100_chem20262843_T1200_rate0p005,100,1200,20262843,20260903,141,0.14145,2.60987,10
compact_100_chem20262843_T1200_rate0p005,100,1200,20262843,20260903,142,0.14245000000000002,2.4700010000000003,10
compact_100_chem20262843_T1200_rate0p005,100,1200,20262843,20260903,143,0.14345,2.6243830000000004,10
compact_100_chem20262843_T1200_rate0p005,100,1200,20262843,20260903,144,0.14445000000000002,2.618593,10
compact_100_chem20262843_T1200_rate0p005,100,1200,20262843,20260903,145,0.14545,2.520931,10
compact_100_chem20262843_T1200_rate0p005,100,1200,20262843,20260903,146,0.14645000000000002,2.400918,10
compact_100_chem20262843_T1200_rate0p005,100,1200,20262843,20260903,147,0.14745,2.232573,10
compact_100_chem20262843_T1200_rate0p005,100,1200,20262843,20260903,148,0.14845000000000003,2.929837,10
compact_100_chem20262843_T1200_rate0p005,100,1200,20262843,20260903,149,0.14945,2.219577,10
compact_100_chem20262843_T1200_rate0p005,100,1200,20262843,20260903,150,0.15045000000000003,2.84817,10
compact_100_chem20262843_T1200_rate0p005,100,1200,20262843,20260903,151,0.15145,2.1180199999999996,10
compact_100_chem20262843_T1200_rate0p005,100,1200,20262843,20260903,152,0.15245000000000003,2.2835989999999997,10
compact_100_chem20262843_T1200_rate0p005,100,1200,20262843,20260903,153,0.15345,2.2009599999999994,10
compact_100_chem20262843_T1200_rate0p005,100,1200,20262843,20260903,154,0.15445000000000003,2.289557,10
compact_100_chem20262843_T1200_rate0p005,100,1200,20262843,20260903,155,0.15545,2.193037,10
compact_100_chem20262843_T1200_rate0p005,100,1200,20262843,20260903,156,0.15645000000000003,1.97832,10
compact_100_chem20262843_T1200_rate0p005,100,1200,20262843,20260903,157,0.15745,2.010066,10
compact_100_chem20262843_T1200_rate0p005,100,1200,20262843,20260903,158,0.15845000000000004,1.8931429999999998,10
compact_100_chem20262843_T1200_rate0p005,100,1200,20262843,20260903,159,0.15944999999999998,1.6909779999999999,10
compact_100_chem20262843_T1200_rate0p005,100,1200,20262843,20260903,160,0.16045,1.565174,10
compact_100_chem20262843_T1200_rate0p005,100,1200,20262843,20260903,161,0.16144999999999998,1.3396630999999999,10
compact_100_chem20262843_T1200_rate0p005,100,1200,20262843,20260903,162,0.16245,1.301326,10
compact_100_chem20262843_T1200_rate0p005,100,1200,20262843,20260903,163,0.16344999999999998,1.3818119999999998,10
compact_100_chem20262843_T1200_rate0p005,100,1200,20262843,20260903,164,0.16445,1.3715564,10
compact_100_chem20262843_T1200_rate0p005,100,1200,20262843,20260903,165,0.16544999999999999,0.9701322000000001,10
compact_100_chem20262843_T1200_rate0p005,100,1200,20262843,20260903,166,0.16645000000000001,1.4066040000000002,10
compact_100_chem20262843_T1200_rate0p005,100,1200,20262843,20260903,167,0.16745,1.2557870000000002,10
compact_100_chem20262843_T1200_rate0p005,100,1200,20262843,20260903,168,0.16845000000000002,1.2280001999999999,10
compact_100_chem20262843_T1200_rate0p005,100,1200,20262843,20260903,169,0.16945,0.8708202,10
compact_100_chem20262843_T1200_rate0p005,100,1200,20262843,20260903,170,0.17045000000000002,1.1188584000000001,10
compact_100_chem20262843_T1200_rate0p005,100,1200,20262843,20260903,171,0.17145,0.8418801,10
compact_100_chem20262843_T1200_rate0p005,100,1200,20262843,20260903,172,0.17245000000000002,1.0256379,10
compact_100_chem20262843_T1200_rate0p005,100,1200,20262843,20260903,173,0.17345,0.9824200999999999,10
compact_100_chem20262843_T1200_rate0p005,100,1200,20262843,20260903,174,0.17445000000000002,1.0373188,10
compact_100_chem20262843_T1200_rate0p005,100,1200,20262843,20260903,175,0.17545,1.0816686,10
compact_100_chem20262843_T1200_rate0p005,100,1200,20262843,20260903,176,0.17645000000000002,1.2297924,10
compact_100_chem20262843_T1200_rate0p005,100,1200,20262843,20260903,177,0.17745,0.9340259,10
compact_100_chem20262843_T1200_rate0p005,100,1200,20262843,20260903,178,0.17845,1.1078332,10
compact_100_chem20262843_T1200_rate0p005,100,1200,20262843,20260903,179,0.17944999999999997,0.7861464,10
compact_100_chem20262843_T1200_rate0p005,100,1200,20262843,20260903,180,0.18045,0.8104158,10
compact_100_chem20262843_T1200_rate0p005,100,1200,20262843,20260903,181,0.18144999999999997,1.0000148,10
compact_100_chem20262843_T1200_rate0p005,100,1200,20262843,20260903,182,0.18245,1.16175,10
compact_100_chem20262843_T1200_rate0p005,100,1200,20262843,20260903,183,0.18344999999999997,1.1602488999999998,10
compact_100_chem20262843_T1200_rate0p005,100,1200,20262843,20260903,184,0.18445,0.7729978,10
compact_100_chem20262843_T1200_rate0p005,100,1200,20262843,20260903,185,0.18544999999999998,1.2449970000000001,10
compact_100_chem20262843_T1200_rate0p005,100,1200,20262843,20260903,186,0.18645,1.0989333000000001,10
compact_100_chem20262843_T1200_rate0p005,100,1200,20262843,20260903,187,0.18744999999999998,1.0545684,10
compact_100_chem20262843_T1200_rate0p005,100,1200,20262843,20260903,188,0.18845,1.2816364000000002,10
compact_100_chem20262843_T1200_rate0p005,100,1200,20262843,20260903,189,0.18944999999999998,1.0668976000000001,10
compact_100_chem20262843_T1200_rate0p005,100,1200,20262843,20260903,190,0.19045,0.8762788,10
compact_100_chem20262843_T1200_rate0p005,100,1200,20262843,20260903,191,0.19144999999999998,1.064456,10
compact_100_chem20262843_T1200_rate0p005,100,1200,20262843,20260903,192,0.19245,0.9898913999999998,10
compact_100_chem20262843_T1200_rate0p005,100,1200,20262843,20260903,193,0.19344999999999998,0.9976602,10
compact_100_chem20262843_T1200_rate0p005,100,1200,20262843,20260903,194,0.19445,0.6786358,10
compact_100_chem20262843_T1200_rate0p005,100,1200,20262843,20260903,195,0.19544999999999998,0.9094091000000001,10
compact_100_chem20262843_T1200_rate0p005,100,1200,20262843,20260903,196,0.19645,0.7901808000000001,10
compact_100_chem20262843_T1200_rate0p005,100,1200,20262843,20260903,197,0.19745,0.9005939999999999,10
compact_100_chem20262843_T1200_rate0p005,100,1200,20262843,20260903,198,0.19845000000000002,0.469576,10
compact_100_chem20262843_T1200_rate0p005,100,1200,20262843,20260903,199,0.19945,0.8312998,10
compact_100_chem20262843_T1200_rate0p005,100,1200,20262843,20260903,200,0.2,0.545178,1
compact_100_chem20264861_T1200_rate0p005,100,1200,20264861,20260907,0,0.0004499999999999373,0.005333139999999991,10
compact_100_chem20264861_T1200_rate0p005,100,1200,20264861,20260907,1,0.0014500000000000001,0.09769976000000001,10
compact_100_chem20264861_T1200_rate0p005,100,1200,20264861,20260907,2,0.00245,0.1775805876,10
compact_100_chem20264861_T1200_rate0p005,100,1200,20264861,20260907,3,0.0034500000000000004,0.17986545399999998,10
compact_100_chem20264861_T1200_rate0p005,100,1200,20264861,20260907,4,0.00445,0.27660882,10
compact_100_chem20264861_T1200_rate0p005,100,1200,20264861,20260907,5,0.005450000000000001,0.19488068999999997,10
compact_100_chem20264861_T1200_rate0p005,100,1200,20264861,20260907,6,0.00645,0.41768593000000004,10
compact_100_chem20264861_T1200_rate0p005,100,1200,20264861,20260907,7,0.007450000000000001,0.3594217,10
compact_100_chem20264861_T1200_rate0p005,100,1200,20264861,20260907,8,0.008450000000000001,0.5690368,10
compact_100_chem20264861_T1200_rate0p005,100,1200,20264861,20260907,9,0.00945,0.33834594,10
compact_100_chem20264861_T1200_rate0p005,100,1200,20264861,20260907,10,0.010450000000000001,0.7592014,10
compact_100_chem20264861_T1200_rate0p005,100,1200,20264861,20260907,11,0.011450000000000002,0.4298223,10
compact_100_chem20264861_T1200_rate0p005,100,1200,20264861,20260907,12,0.01245,0.8169126,10
compact_100_chem20264861_T1200_rate0p005,100,1200,20264861,20260907,13,0.013449999999999998,0.7448353,10
compact_100_chem20264861_T1200_rate0p005,100,1200,20264861,20260907,14,0.01445,0.8047107,10
compact_100_chem20264861_T1200_rate0p005,100,1200,20264861,20260907,15,0.01545,0.9285873,10
compact_100_chem20264861_T1200_rate0p005,100,1200,20264861,20260907,16,0.01645,0.8474347,10
compact_100_chem20264861_T1200_rate0p005,100,1200,20264861,20260907,17,0.01745,1.0058009,10
compact_100_chem20264861_T1200_rate0p005,100,1200,20264861,20260907,18,0.01845,0.9925447999999999,10
compact_100_chem20264861_T1200_rate0p005,100,1200,20264861,20260907,19,0.019450000000000002,1.0427494000000002,10
compact_100_chem20264861_T1200_rate0p005,100,1200,20264861,20260907,20,0.02045,1.1899549,10
compact_100_chem20264861_T1200_rate0p005,100,1200,20264861,20260907,21,0.02145,0.9266925,10
compact_100_chem20264861_T1200_rate0p005,100,1200,20264861,20260907,22,0.02245,1.220278,10
compact_100_chem20264861_T1200_rate0p005,100,1200,20264861,20260907,23,0.023450000000000002,1.078562,10
compact_100_chem20264861_T1200_rate0p005,100,1200,20264861,20260907,24,0.02445,1.2179831,10
compact_100_chem20264861_T1200_rate0p005,100,1200,20264861,20260907,25,0.02545,1.4885671999999999,10
compact_100_chem20264861_T1200_rate0p005,100,1200,20264861,20260907,26,0.026449999999999994,1.30847,10
compact_100_chem20264861_T1200_rate0p005,100,1200,20264861,20260907,27,0.027449999999999995,1.237066,10
compact_100_chem20264861_T1200_rate0p005,100,1200,20264861,20260907,28,0.028449999999999996,1.636301,10
compact_100_chem20264861_T1200_rate0p005,100,1200,20264861,20260907,29,0.029449999999999997,1.3528159999999998,10
compact_100_chem20264861_T1200_rate0p005,100,1200,20264861,20260907,30,0.030449999999999998,1.5022179999999998,10
compact_100_chem20264861_T1200_rate0p005,100,1200,20264861,20260907,31,0.03144999999999999,1.7616999999999998,10
compact_100_chem20264861_T1200_rate0p005,100,1200,20264861,20260907,32,0.03244999999999999,1.3506269999999998,10
compact_100_chem20264861_T1200_rate0p005,100,1200,20264861,20260907,33,0.033449999999999994,1.840298,10
compact_100_chem20264861_T1200_rate0p005,100,1200,20264861,20260907,34,0.034449999999999995,1.589028,10
compact_100_chem20264861_T1200_rate0p005,100,1200,20264861,20260907,35,0.035449999999999995,1.877064,10
compact_100_chem20264861_T1200_rate0p005,100,1200,20264861,20260907,36,0.036449999999999996,1.6081990000000002,10
compact_100_chem20264861_T1200_rate0p005,100,1200,20264861,20260907,37,0.03745,1.773124,10
compact_100_chem20264861_T1200_rate0p005,100,1200,20264861,20260907,38,0.03845,1.841349,10
compact_100_chem20264861_T1200_rate0p005,100,1200,20264861,20260907,39,0.03945,1.719766,10
compact_100_chem20264861_T1200_rate0p005,100,1200,20264861,20260907,40,0.04045,1.982064,10
compact_100_chem20264861_T1200_rate0p005,100,1200,20264861,20260907,41,0.04145,1.959647,10
compact_100_chem20264861_T1200_rate0p005,100,1200,20264861,20260907,42,0.04245,1.9501369999999998,10
compact_100_chem20264861_T1200_rate0p005,100,1200,20264861,20260907,43,0.04345,1.9947670000000002,10
compact_100_chem20264861_T1200_rate0p005,100,1200,20264861,20260907,44,0.04445,1.847261,10
compact_100_chem20264861_T1200_rate0p005,100,1200,20264861,20260907,45,0.045450000000000004,2.155297,10
compact_100_chem20264861_T1200_rate0p005,100,1200,20264861,20260907,46,0.04645,2.246203,10
compact_100_chem20264861_T1200_rate0p005,100,1200,20264861,20260907,47,0.04745,2.180522,10
compact_100_chem20264861_T1200_rate0p005,100,1200,20264861,20260907,48,0.04845,2.1912239999999996,10
compact_100_chem20264861_T1200_rate0p005,100,1200,20264861,20260907,49,0.04945,2.18997,10
compact_100_chem20264861_T1200_rate0p005,100,1200,20264861,20260907,50,0.050449999999999995,2.2920559999999996,10
compact_100_chem20264861_T1200_rate0p005,100,1200,20264861,20260907,51,0.051449999999999996,2.291542,10
compact_100_chem20264861_T1200_rate0p005,100,1200,20264861,20260907,52,0.05245,2.305941,10
compact_100_chem20264861_T1200_rate0p005,100,1200,20264861,20260907,53,0.05345,2.228367,10
compact_100_chem20264861_T1200_rate0p005,100,1200,20264861,20260907,54,0.05445,2.244129,10
compact_100_chem20264861_T1200_rate0p005,100,1200,20264861,20260907,55,0.05545,2.441492,10
compact_100_chem20264861_T1200_rate0p005,100,1200,20264861,20260907,56,0.05645,2.340781,10
compact_100_chem20264861_T1200_rate0p005,100,1200,20264861,20260907,57,0.05744999999999999,2.467165,10
compact_100_chem20264861_T1200_rate0p005,100,1200,20264861,20260907,58,0.05844999999999999,2.502052,10
compact_100_chem20264861_T1200_rate0p005,100,1200,20264861,20260907,59,0.05944999999999999,2.453949,10
compact_100_chem20264861_T1200_rate0p005,100,1200,20264861,20260907,60,0.06044999999999999,2.722295,10
compact_100_chem20264861_T1200_rate0p005,100,1200,20264861,20260907,61,0.06144999999999999,2.3799020000000004,10
compact_100_chem20264861_T1200_rate0p005,100,1200,20264861,20260907,62,0.06244999999999999,2.5262959999999994,10
compact_100_chem20264861_T1200_rate0p005,100,1200,20264861,20260907,63,0.06344999999999999,2.6794919999999998,10
compact_100_chem20264861_T1200_rate0p005,100,1200,20264861,20260907,64,0.06444999999999998,2.6044739999999997,10
compact_100_chem20264861_T1200_rate0p005,100,1200,20264861,20260907,65,0.06544999999999998,2.794605,10
compact_100_chem20264861_T1200_rate0p005,100,1200,20264861,20260907,66,0.06644999999999998,2.4631359999999995,10
compact_100_chem20264861_T1200_rate0p005,100,1200,20264861,20260907,67,0.06744999999999998,2.689056,10
compact_100_chem20264861_T1200_rate0p005,100,1200,20264861,20260907,68,0.06844999999999998,2.6900779999999997,10
compact_100_chem20264861_T1200_rate0p005,100,1200,20264861,20260907,69,0.06944999999999998,2.567228,10
compact_100_chem20264861_T1200_rate0p005,100,1200,20264861,20260907,70,0.07044999999999998,2.794459,10
compact_100_chem20264861_T1200_rate0p005,100,1200,20264861,20260907,71,0.07144999999999999,2.9154069999999996,10
compact_100_chem20264861_T1200_rate0p005,100,1200,20264861,20260907,72,0.07244999999999999,2.8323980000000004,10
compact_100_chem20264861_T1200_rate0p005,100,1200,20264861,20260907,73,0.07344999999999999,2.6687209999999997,10
compact_100_chem20264861_T1200_rate0p005,100,1200,20264861,20260907,74,0.07444999999999999,2.9834589999999994,10
compact_100_chem20264861_T1200_rate0p005,100,1200,20264861,20260907,75,0.07544999999999999,2.6647800000000004,10
compact_100_chem20264861_T1200_rate0p005,100,1200,20264861,20260907,76,0.07644999999999999,2.861712,10
compact_100_chem20264861_T1200_rate0p005,100,1200,20264861,20260907,77,0.07744999999999999,3.0509189999999995,10
compact_100_chem20264861_T1200_rate0p005,100,1200,20264861,20260907,78,0.07844999999999999,2.6502229999999996,10
compact_100_chem20264861_T1200_rate0p005,100,1200,20264861,20260907,79,0.07944999999999999,2.863873,10
compact_100_chem20264861_T1200_rate0p005,100,1200,20264861,20260907,80,0.08045,2.7611509999999995,10
compact_100_chem20264861_T1200_rate0p005,100,1200,20264861,20260907,81,0.08145,2.873829,10
compact_100_chem20264861_T1200_rate0p005,100,1200,20264861,20260907,82,0.08245,2.790022,10
compact_100_chem20264861_T1200_rate0p005,100,1200,20264861,20260907,83,0.08345,3.096537,10
compact_100_chem20264861_T1200_rate0p005,100,1200,20264861,20260907,84,0.08445,2.5945810000000002,10
compact_100_chem20264861_T1200_rate0p005,100,1200,20264861,20260907,85,0.08545,2.9281119999999996,10
compact_100_chem20264861_T1200_rate0p005,100,1200,20264861,20260907,86,0.08645,2.887388,10
compact_100_chem20264861_T1200_rate0p005,100,1200,20264861,20260907,87,0.08745,3.093478,10
compact_100_chem20264861_T1200_rate0p005,100,1200,20264861,20260907,88,0.08845,3.046162,10
compact_100_chem20264861_T1200_rate0p005,100,1200,20264861,20260907,89,0.08945,2.6894250000000004,10
compact_100_chem20264861_T1200_rate0p005,100,1200,20264861,20260907,90,0.09045,3.032666,10
compact_100_chem20264861_T1200_rate0p005,100,1200,20264861,20260907,91,0.09145,3.027552,10
compact_100_chem20264861_T1200_rate0p005,100,1200,20264861,20260907,92,0.09245,2.8426630000000004,10
compact_100_chem20264861_T1200_rate0p005,100,1200,20264861,20260907,93,0.09345,3.095457,10
compact_100_chem20264861_T1200_rate0p005,100,1200,20264861,20260907,94,0.09445,2.822426,10
compact_100_chem20264861_T1200_rate0p005,100,1200,20264861,20260907,95,0.09545,2.8519020000000004,10
compact_100_chem20264861_T1200_rate0p005,100,1200,20264861,20260907,96,0.09645,2.9541600000000003,10
compact_100_chem20264861_T1200_rate0p005,100,1200,20264861,20260907,97,0.09745,2.849806,10
compact_100_chem20264861_T1200_rate0p005,100,1200,20264861,20260907,98,0.09845,3.059127,10
compact_100_chem20264861_T1200_rate0p005,100,1200,20264861,20260907,99,0.09945,2.7632689999999998,10
compact_100_chem20264861_T1200_rate0p005,100,1200,20264861,20260907,100,0.10045,2.908859,10
compact_100_chem20264861_T1200_rate0p005,100,1200,20264861,20260907,101,0.10145,2.847873,10
compact_100_chem20264861_T1200_rate0p005,100,1200,20264861,20260907,102,0.10245,3.0496450000000004,10
compact_100_chem20264861_T1200_rate0p005,100,1200,20264861,20260907,103,0.10345,2.653136,10
compact_100_chem20264861_T1200_rate0p005,100,1200,20264861,20260907,104,0.10445,2.628889,10
compact_100_chem20264861_T1200_rate0p005,100,1200,20264861,20260907,105,0.10545,2.7319980000000004,10
compact_100_chem20264861_T1200_rate0p005,100,1200,20264861,20260907,106,0.10645,3.069143,10
compact_100_chem20264861_T1200_rate0p005,100,1200,20264861,20260907,107,0.10745,2.7440439999999997,10
compact_100_chem20264861_T1200_rate0p005,100,1200,20264861,20260907,108,0.10845,2.579959,10
compact_100_chem20264861_T1200_rate0p005,100,1200,20264861,20260907,109,0.10945,2.711071,10
compact_100_chem20264861_T1200_rate0p005,100,1200,20264861,20260907,110,0.11045,2.9616170000000004,10
compact_100_chem20264861_T1200_rate0p005,100,1200,20264861,20260907,111,0.11145000000000001,2.916941,10
compact_100_chem20264861_T1200_rate0p005,100,1200,20264861,20260907,112,0.11245000000000001,2.8325000000000005,10
compact_100_chem20264861_T1200_rate0p005,100,1200,20264861,20260907,113,0.11345000000000001,2.7638480000000003,10
compact_100_chem20264861_T1200_rate0p005,100,1200,20264861,20260907,114,0.11445000000000001,2.6942479999999995,10
compact_100_chem20264861_T1200_rate0p005,100,1200,20264861,20260907,115,0.11545000000000001,2.471568,10
compact_100_chem20264861_T1200_rate0p005,100,1200,20264861,20260907,116,0.11645000000000001,2.679725,10
compact_100_chem20264861_T1200_rate0p005,100,1200,20264861,20260907,117,0.11745000000000001,2.591442,10
compact_100_chem20264861_T1200_rate0p005,100,1200,20264861,20260907,118,0.11844999999999999,2.8860419999999998,10
compact_100_chem20264861_T1200_rate0p005,100,1200,20264861,20260907,119,0.11945000000000001,2.643609,10
compact_100_chem20264861_T1200_rate0p005,100,1200,20264861,20260907,120,0.12044999999999999,2.8515749999999995,10
compact_100_chem20264861_T1200_rate0p005,100,1200,20264861,20260907,121,0.12144999999999999,2.8247089999999995,10
compact_100_chem20264861_T1200_rate0p005,100,1200,20264861,20260907,122,0.12244999999999999,2.878325,10
compact_100_chem20264861_T1200_rate0p005,100,1200,20264861,20260907,123,0.12344999999999999,2.804945,10
compact_100_chem20264861_T1200_rate0p005,100,1200,20264861,20260907,124,0.12444999999999999,2.6610139999999998,10
compact_100_chem20264861_T1200_rate0p005,100,1200,20264861,20260907,125,0.12544999999999998,2.37058,10
compact_100_chem20264861_T1200_rate0p005,100,1200,20264861,20260907,126,0.12645,2.5712590000000004,10
compact_100_chem20264861_T1200_rate0p005,100,1200,20264861,20260907,127,0.12744999999999998,2.4310600000000004,10
compact_100_chem20264861_T1200_rate0p005,100,1200,20264861,20260907,128,0.12845,2.306711,10
compact_100_chem20264861_T1200_rate0p005,100,1200,20264861,20260907,129,0.12944999999999998,2.161241,10
compact_100_chem20264861_T1200_rate0p005,100,1200,20264861,20260907,130,0.13045,2.26246,10
compact_100_chem20264861_T1200_rate0p005,100,1200,20264861,20260907,131,0.13144999999999998,2.0769719999999996,10
compact_100_chem20264861_T1200_rate0p005,100,1200,20264861,20260907,132,0.13245,2.274739,10
compact_100_chem20264861_T1200_rate0p005,100,1200,20264861,20260907,133,0.13344999999999999,2.083812,10
compact_100_chem20264861_T1200_rate0p005,100,1200,20264861,20260907,134,0.13445000000000001,2.279054,10
compact_100_chem20264861_T1200_rate0p005,100,1200,20264861,20260907,135,0.13545,1.7653690000000002,10
compact_100_chem20264861_T1200_rate0p005,100,1200,20264861,20260907,136,0.13645000000000002,2.2426519999999996,10
compact_100_chem20264861_T1200_rate0p005,100,1200,20264861,20260907,137,0.13745,1.9002319999999997,10
compact_100_chem20264861_T1200_rate0p005,100,1200,20264861,20260907,138,0.13845000000000002,2.086459,10
compact_100_chem20264861_T1200_rate0p005,100,1200,20264861,20260907,139,0.13945,1.7325009999999998,10
compact_100_chem20264861_T1200_rate0p005,100,1200,20264861,20260907,140,0.14045000000000002,1.9205670000000001,10
compact_100_chem20264861_T1200_rate0p005,100,1200,20264861,20260907,141,0.14145,1.693826,10
compact_100_chem20264861_T1200_rate0p005,100,1200,20264861,20260907,142,0.14245000000000002,1.933295,10
compact_100_chem20264861_T1200_rate0p005,100,1200,20264861,20260907,143,0.14345,1.696877,10
compact_100_chem20264861_T1200_rate0p005,100,1200,20264861,20260907,144,0.14445000000000002,1.8543150000000002,10
compact_100_chem20264861_T1200_rate0p005,100,1200,20264861,20260907,145,0.14545,1.737339,10
compact_100_chem20264861_T1200_rate0p005,100,1200,20264861,20260907,146,0.14645000000000002,1.5511119999999998,10
compact_100_chem20264861_T1200_rate0p005,100,1200,20264861,20260907,147,0.14745,1.647766,10
compact_100_chem20264861_T1200_rate0p005,100,1200,20264861,20260907,148,0.14845000000000003,1.663437,10
compact_100_chem20264861_T1200_rate0p005,100,1200,20264861,20260907,149,0.14945,1.515071,10
compact_100_chem20264861_T1200_rate0p005,100,1200,20264861,20260907,150,0.15045000000000003,1.3145361000000002,10
compact_100_chem20264861_T1200_rate0p005,100,1200,20264861,20260907,151,0.15145,1.0436484,10
compact_100_chem20264861_T1200_rate0p005,100,1200,20264861,20260907,152,0.15245000000000003,1.120803,10
compact_100_chem20264861_T1200_rate0p005,100,1200,20264861,20260907,153,0.15345,1.173291,10
compact_100_chem20264861_T1200_rate0p005,100,1200,20264861,20260907,154,0.15445000000000003,1.4304860000000001,10
compact_100_chem20264861_T1200_rate0p005,100,1200,20264861,20260907,155,0.15545,0.9904673,10
compact_100_chem20264861_T1200_rate0p005,100,1200,20264861,20260907,156,0.15645000000000003,1.488019,10
compact_100_chem20264861_T1200_rate0p005,100,1200,20264861,20260907,157,0.15745,0.97356,10
compact_100_chem20264861_T1200_rate0p005,100,1200,20264861,20260907,158,0.15845000000000004,1.4395457,10
compact_100_chem20264861_T1200_rate0p005,100,1200,20264861,20260907,159,0.15944999999999998,1.0856978,10
compact_100_chem20264861_T1200_rate0p005,100,1200,20264861,20260907,160,0.16045,1.200104,10
compact_100_chem20264861_T1200_rate0p005,100,1200,20264861,20260907,161,0.16144999999999998,1.0730671,10
compact_100_chem20264861_T1200_rate0p005,100,1200,20264861,20260907,162,0.16245,1.0502327999999999,10
compact_100_chem20264861_T1200_rate0p005,100,1200,20264861,20260907,163,0.16344999999999998,0.7786607000000001,10
compact_100_chem20264861_T1200_rate0p005,100,1200,20264861,20260907,164,0.16445,1.0972341,10
compact_100_chem20264861_T1200_rate0p005,100,1200,20264861,20260907,165,0.16544999999999999,0.5368472,10
compact_100_chem20264861_T1200_rate0p005,100,1200,20264861,20260907,166,0.16645000000000001,1.2406575,10
compact_100_chem20264861_T1200_rate0p005,100,1200,20264861,20260907,167,0.16745,0.6092812000000001,10
compact_100_chem20264861_T1200_rate0p005,100,1200,20264861,20260907,168,0.16845000000000002,1.1583074999999998,10
compact_100_chem20264861_T1200_rate0p005,100,1200,20264861,20260907,169,0.16945,1.1324182,10
compact_100_chem20264861_T1200_rate0p005,100,1200,20264861,20260907,170,0.17045000000000002,0.9543149999999999,10
compact_100_chem20264861_T1200_rate0p005,100,1200,20264861,20260907,171,0.17145,1.0021922,10
compact_100_chem20264861_T1200_rate0p005,100,1200,20264861,20260907,172,0.17245000000000002,0.9915419999999999,10
compact_100_chem20264861_T1200_rate0p005,100,1200,20264861,20260907,173,0.17345,1.185898,10
compact_100_chem20264861_T1200_rate0p005,100,1200,20264861,20260907,174,0.17445000000000002,0.6361071,10
compact_100_chem20264861_T1200_rate0p005,100,1200,20264861,20260907,175,0.17545,1.1862464000000001,10
compact_100_chem20264861_T1200_rate0p005,100,1200,20264861,20260907,176,0.17645000000000002,1.0988527,10
compact_100_chem20264861_T1200_rate0p005,100,1200,20264861,20260907,177,0.17745,0.878106,10
compact_100_chem20264861_T1200_rate0p005,100,1200,20264861,20260907,178,0.17845,1.443711,10
compact_100_chem20264861_T1200_rate0p005,100,1200,20264861,20260907,179,0.17944999999999997,0.9614630999999999,10
compact_100_chem20264861_T1200_rate0p005,100,1200,20264861,20260907,180,0.18045,1.3200788,10
compact_100_chem20264861_T1200_rate0p005,100,1200,20264861,20260907,181,0.18144999999999997,0.9050024000000001,10
compact_100_chem20264861_T1200_rate0p005,100,1200,20264861,20260907,182,0.18245,1.1147649000000002,10
compact_100_chem20264861_T1200_rate0p005,100,1200,20264861,20260907,183,0.18344999999999997,1.0843979000000001,10
compact_100_chem20264861_T1200_rate0p005,100,1200,20264861,20260907,184,0.18445,1.0982116,10
compact_100_chem20264861_T1200_rate0p005,100,1200,20264861,20260907,185,0.18544999999999998,0.93527,10
compact_100_chem20264861_T1200_rate0p005,100,1200,20264861,20260907,186,0.18645,1.1078584,10
compact_100_chem20264861_T1200_rate0p005,100,1200,20264861,20260907,187,0.18744999999999998,0.9260720999999998,10
compact_100_chem20264861_T1200_rate0p005,100,1200,20264861,20260907,188,0.18845,0.9658407999999999,10
compact_100_chem20264861_T1200_rate0p005,100,1200,20264861,20260907,189,0.18944999999999998,0.8647951,10
compact_100_chem20264861_T1200_rate0p005,100,1200,20264861,20260907,190,0.19045,0.8760362,10
compact_100_chem20264861_T1200_rate0p005,100,1200,20264861,20260907,191,0.19144999999999998,0.7520241000000001,10
compact_100_chem20264861_T1200_rate0p005,100,1200,20264861,20260907,192,0.19245,0.8664398,10
compact_100_chem20264861_T1200_rate0p005,100,1200,20264861,20260907,193,0.19344999999999998,0.6409884,10
compact_100_chem20264861_T1200_rate0p005,100,1200,20264861,20260907,194,0.19445,0.9345113999999999,10
compact_100_chem20264861_T1200_rate0p005,100,1200,20264861,20260907,195,0.19544999999999998,0.7570676000000001,10
compact_100_chem20264861_T1200_rate0p005,100,1200,20264861,20260907,196,0.19645,1.0748989,10
compact_100_chem20264861_T1200_rate0p005,100,1200,20264861,20260907,197,0.19745,0.6425968999999999,10
compact_100_chem20264861_T1200_rate0p005,100,1200,20264861,20260907,198,0.19845000000000002,0.6468134999999999,10
compact_100_chem20264861_T1200_rate0p005,100,1200,20264861,20260907,199,0.19945,0.8706786,10
compact_100_chem20264861_T1200_rate0p005,100,1200,20264861,20260907,200,0.2,0.850065,1
compact_110_chem20260825_T300_rate0p005,110,300,20260825,20260901,0,0.0004500000000001275,0.08230803900000001,10
compact_110_chem20260825_T300_rate0p005,110,300,20260825,20260901,1,0.0014500000000000001,0.18607316499999998,10
compact_110_chem20260825_T300_rate0p005,110,300,20260825,20260901,2,0.00245,0.2616788,10
compact_110_chem20260825_T300_rate0p005,110,300,20260825,20260901,3,0.0034500000000000004,0.30516010000000005,10
compact_110_chem20260825_T300_rate0p005,110,300,20260825,20260901,4,0.00445,0.4678338,10
compact_110_chem20260825_T300_rate0p005,110,300,20260825,20260901,5,0.005450000000000001,0.5004061,10
compact_110_chem20260825_T300_rate0p005,110,300,20260825,20260901,6,0.00645,0.6790493,10
compact_110_chem20260825_T300_rate0p005,110,300,20260825,20260901,7,0.007450000000000001,0.6715828,10
compact_110_chem20260825_T300_rate0p005,110,300,20260825,20260901,8,0.008450000000000001,0.7881035,10
compact_110_chem20260825_T300_rate0p005,110,300,20260825,20260901,9,0.00945,0.9620675999999999,10
compact_110_chem20260825_T300_rate0p005,110,300,20260825,20260901,10,0.010450000000000001,0.9601811000000001,10
compact_110_chem20260825_T300_rate0p005,110,300,20260825,20260901,11,0.011450000000000002,1.0222699,10
compact_110_chem20260825_T300_rate0p005,110,300,20260825,20260901,12,0.01245,1.0848321,10
compact_110_chem20260825_T300_rate0p005,110,300,20260825,20260901,13,0.013449999999999998,1.195499,10
compact_110_chem20260825_T300_rate0p005,110,300,20260825,20260901,14,0.01445,1.369827,10
compact_110_chem20260825_T300_rate0p005,110,300,20260825,20260901,15,0.01545,1.3910509999999998,10
compact_110_chem20260825_T300_rate0p005,110,300,20260825,20260901,16,0.01645,1.495908,10
compact_110_chem20260825_T300_rate0p005,110,300,20260825,20260901,17,0.01745,1.561351,10
compact_110_chem20260825_T300_rate0p005,110,300,20260825,20260901,18,0.01845,1.652802,10
compact_110_chem20260825_T300_rate0p005,110,300,20260825,20260901,19,0.019450000000000002,1.7015239999999998,10
compact_110_chem20260825_T300_rate0p005,110,300,20260825,20260901,20,0.02045,1.879542,10
compact_110_chem20260825_T300_rate0p005,110,300,20260825,20260901,21,0.02145,1.996598,10
compact_110_chem20260825_T300_rate0p005,110,300,20260825,20260901,22,0.02245,2.0395429999999997,10
compact_110_chem20260825_T300_rate0p005,110,300,20260825,20260901,23,0.023450000000000002,2.157962,10
compact_110_chem20260825_T300_rate0p005,110,300,20260825,20260901,24,0.02445,2.2874950000000003,10
compact_110_chem20260825_T300_rate0p005,110,300,20260825,20260901,25,0.02545,2.327591,10
compact_110_chem20260825_T300_rate0p005,110,300,20260825,20260901,26,0.026449999999999994,2.4161490000000003,10
compact_110_chem20260825_T300_rate0p005,110,300,20260825,20260901,27,0.027449999999999995,2.4897199999999997,10
compact_110_chem20260825_T300_rate0p005,110,300,20260825,20260901,28,0.028449999999999996,2.6653309999999997,10
compact_110_chem20260825_T300_rate0p005,110,300,20260825,20260901,29,0.029449999999999997,2.742214,10
compact_110_chem20260825_T300_rate0p005,110,300,20260825,20260901,30,0.030449999999999998,2.817468,10
compact_110_chem20260825_T300_rate0p005,110,300,20260825,20260901,31,0.03144999999999999,2.885514,10
compact_110_chem20260825_T300_rate0p005,110,300,20260825,20260901,32,0.03244999999999999,3.011303,10
compact_110_chem20260825_T300_rate0p005,110,300,20260825,20260901,33,0.033449999999999994,3.0767049999999996,10
compact_110_chem20260825_T300_rate0p005,110,300,20260825,20260901,34,0.034449999999999995,3.2364400000000004,10
compact_110_chem20260825_T300_rate0p005,110,300,20260825,20260901,35,0.035449999999999995,3.360396,10
compact_110_chem20260825_T300_rate0p005,110,300,20260825,20260901,36,0.036449999999999996,3.3420560000000004,10
compact_110_chem20260825_T300_rate0p005,110,300,20260825,20260901,37,0.03745,3.4324060000000003,10
compact_110_chem20260825_T300_rate0p005,110,300,20260825,20260901,38,0.03845,3.535297000000001,10
compact_110_chem20260825_T300_rate0p005,110,300,20260825,20260901,39,0.03945,3.6717029999999995,10
compact_110_chem20260825_T300_rate0p005,110,300,20260825,20260901,40,0.04045,3.7302789999999995,10
compact_110_chem20260825_T300_rate0p005,110,300,20260825,20260901,41,0.04145,3.85364,10
compact_110_chem20260825_T300_rate0p005,110,300,20260825,20260901,42,0.04245,3.9419529999999994,10
compact_110_chem20260825_T300_rate0p005,110,300,20260825,20260901,43,0.04345,4.017704,10
compact_110_chem20260825_T300_rate0p005,110,300,20260825,20260901,44,0.04445,4.145901,10
compact_110_chem20260825_T300_rate0p005,110,300,20260825,20260901,45,0.045450000000000004,4.247523999999999,10
compact_110_chem20260825_T300_rate0p005,110,300,20260825,20260901,46,0.04645,4.272159,10
compact_110_chem20260825_T300_rate0p005,110,300,20260825,20260901,47,0.04745,4.394491,10
compact_110_chem20260825_T300_rate0p005,110,300,20260825,20260901,48,0.04845,4.4760599999999995,10
compact_110_chem20260825_T300_rate0p005,110,300,20260825,20260901,49,0.04945,4.622561,10
compact_110_chem20260825_T300_rate0p005,110,300,20260825,20260901,50,0.050449999999999995,4.676163,10
compact_110_chem20260825_T300_rate0p005,110,300,20260825,20260901,51,0.051449999999999996,4.728259,10
compact_110_chem20260825_T300_rate0p005,110,300,20260825,20260901,52,0.05245,4.945046,10
compact_110_chem20260825_T300_rate0p005,110,300,20260825,20260901,53,0.05345,5.015882,10
compact_110_chem20260825_T300_rate0p005,110,300,20260825,20260901,54,0.05445,5.1681669999999995,10
compact_110_chem20260825_T300_rate0p005,110,300,20260825,20260901,55,0.05545,5.179078,10
compact_110_chem20260825_T300_rate0p005,110,300,20260825,20260901,56,0.05645,5.288956000000001,10
compact_110_chem20260825_T300_rate0p005,110,300,20260825,20260901,57,0.05744999999999999,5.379174999999999,10
compact_110_chem20260825_T300_rate0p005,110,300,20260825,20260901,58,0.05844999999999999,5.478736,10
compact_110_chem20260825_T300_rate0p005,110,300,20260825,20260901,59,0.05944999999999999,5.601465,10
compact_110_chem20260825_T300_rate0p005,110,300,20260825,20260901,60,0.06044999999999999,5.692691999999999,10
compact_110_chem20260825_T300_rate0p005,110,300,20260825,20260901,61,0.06144999999999999,5.7702100000000005,10
compact_110_chem20260825_T300_rate0p005,110,300,20260825,20260901,62,0.06244999999999999,5.877217,10
compact_110_chem20260825_T300_rate0p005,110,300,20260825,20260901,63,0.06344999999999999,6.005976,10
compact_110_chem20260825_T300_rate0p005,110,300,20260825,20260901,64,0.06444999999999998,5.994044,10
compact_110_chem20260825_T300_rate0p005,110,300,20260825,20260901,65,0.06544999999999998,6.093967,10
compact_110_chem20260825_T300_rate0p005,110,300,20260825,20260901,66,0.06644999999999998,6.29277,10
compact_110_chem20260825_T300_rate0p005,110,300,20260825,20260901,67,0.06744999999999998,6.37113,10
compact_110_chem20260825_T300_rate0p005,110,300,20260825,20260901,68,0.06844999999999998,6.494491999999999,10
compact_110_chem20260825_T300_rate0p005,110,300,20260825,20260901,69,0.06944999999999998,6.5762930000000015,10
compact_110_chem20260825_T300_rate0p005,110,300,20260825,20260901,70,0.07044999999999998,6.639374999999999,10
compact_110_chem20260825_T300_rate0p005,110,300,20260825,20260901,71,0.07144999999999999,6.716381,10
compact_110_chem20260825_T300_rate0p005,110,300,20260825,20260901,72,0.07244999999999999,6.846540999999999,10
compact_110_chem20260825_T300_rate0p005,110,300,20260825,20260901,73,0.07344999999999999,6.925904,10
compact_110_chem20260825_T300_rate0p005,110,300,20260825,20260901,74,0.07444999999999999,6.977482,10
compact_110_chem20260825_T300_rate0p005,110,300,20260825,20260901,75,0.07544999999999999,7.146647999999999,10
compact_110_chem20260825_T300_rate0p005,110,300,20260825,20260901,76,0.07644999999999999,7.323870000000001,10
compact_110_chem20260825_T300_rate0p005,110,300,20260825,20260901,77,0.07744999999999999,7.381545,10
compact_110_chem20260825_T300_rate0p005,110,300,20260825,20260901,78,0.07844999999999999,7.425225,10
compact_110_chem20260825_T300_rate0p005,110,300,20260825,20260901,79,0.07944999999999999,7.452924,10
compact_110_chem20260825_T300_rate0p005,110,300,20260825,20260901,80,0.08045,7.678287,10
compact_110_chem20260825_T300_rate0p005,110,300,20260825,20260901,81,0.08145,7.827669,10
compact_110_chem20260825_T300_rate0p005,110,300,20260825,20260901,82,0.08245,7.851954999999999,10
compact_110_chem20260825_T300_rate0p005,110,300,20260825,20260901,83,0.08345,7.939094,10
compact_110_chem20260825_T300_rate0p005,110,300,20260825,20260901,84,0.08445,7.934454000000001,10
compact_110_chem20260825_T300_rate0p005,110,300,20260825,20260901,85,0.08545,8.201294999999998,10
compact_110_chem20260825_T300_rate0p005,110,300,20260825,20260901,86,0.08645,8.274882,10
compact_110_chem20260825_T300_rate0p005,110,300,20260825,20260901,87,0.08745,8.347448,10
compact_110_chem20260825_T300_rate0p005,110,300,20260825,20260901,88,0.08845,8.383582,10
compact_110_chem20260825_T300_rate0p005,110,300,20260825,20260901,89,0.08945,8.543071000000001,10
compact_110_chem20260825_T300_rate0p005,110,300,20260825,20260901,90,0.09045,8.515832,10
compact_110_chem20260825_T300_rate0p005,110,300,20260825,20260901,91,0.09145,8.628597000000001,10
compact_110_chem20260825_T300_rate0p005,110,300,20260825,20260901,92,0.09245,8.739394,10
compact_110_chem20260825_T300_rate0p005,110,300,20260825,20260901,93,0.09345,8.811792,10
compact_110_chem20260825_T300_rate0p005,110,300,20260825,20260901,94,0.09445,8.882782000000002,10
compact_110_chem20260825_T300_rate0p005,110,300,20260825,20260901,95,0.09545,8.990803,10
compact_110_chem20260825_T300_rate0p005,110,300,20260825,20260901,96,0.09645,9.159572,10
compact_110_chem20260825_T300_rate0p005,110,300,20260825,20260901,97,0.09745,9.204333,10
compact_110_chem20260825_T300_rate0p005,110,300,20260825,20260901,98,0.09845,9.253522,10
compact_110_chem20260825_T300_rate0p005,110,300,20260825,20260901,99,0.09945,9.366682999999998,10
compact_110_chem20260825_T300_rate0p005,110,300,20260825,20260901,100,0.10045,9.448753,10
compact_110_chem20260825_T300_rate0p005,110,300,20260825,20260901,101,0.10145,9.486832000000001,10
compact_110_chem20260825_T300_rate0p005,110,300,20260825,20260901,102,0.10245,9.617359,10
compact_110_chem20260825_T300_rate0p005,110,300,20260825,20260901,103,0.10345,9.689309999999999,10
compact_110_chem20260825_T300_rate0p005,110,300,20260825,20260901,104,0.10445,9.737668,10
compact_110_chem20260825_T300_rate0p005,110,300,20260825,20260901,105,0.10545,9.643286000000002,10
compact_110_chem20260825_T300_rate0p005,110,300,20260825,20260901,106,0.10645,9.657004,10
compact_110_chem20260825_T300_rate0p005,110,300,20260825,20260901,107,0.10745,9.555482,10
compact_110_chem20260825_T300_rate0p005,110,300,20260825,20260901,108,0.10845,9.427504,10
compact_110_chem20260825_T300_rate0p005,110,300,20260825,20260901,109,0.10945,9.293617999999999,10
compact_110_chem20260825_T300_rate0p005,110,300,20260825,20260901,110,0.11045,8.951317999999999,10
compact_110_chem20260825_T300_rate0p005,110,300,20260825,20260901,111,0.11145000000000001,8.903138,10
compact_110_chem20260825_T300_rate0p005,110,300,20260825,20260901,112,0.11245000000000001,8.713726,10
compact_110_chem20260825_T300_rate0p005,110,300,20260825,20260901,113,0.11345000000000001,8.536579,10
compact_110_chem20260825_T300_rate0p005,110,300,20260825,20260901,114,0.11445000000000001,8.100534999999999,10
compact_110_chem20260825_T300_rate0p005,110,300,20260825,20260901,115,0.11545000000000001,7.815430000000001,10
compact_110_chem20260825_T300_rate0p005,110,300,20260825,20260901,116,0.11645000000000001,7.4922889999999995,10
compact_110_chem20260825_T300_rate0p005,110,300,20260825,20260901,117,0.11745000000000001,7.27178,10
compact_110_chem20260825_T300_rate0p005,110,300,20260825,20260901,118,0.11844999999999999,7.121256,10
compact_110_chem20260825_T300_rate0p005,110,300,20260825,20260901,119,0.11945000000000001,6.833088999999999,10
compact_110_chem20260825_T300_rate0p005,110,300,20260825,20260901,120,0.12044999999999999,6.585221,10
compact_110_chem20260825_T300_rate0p005,110,300,20260825,20260901,121,0.12144999999999999,6.349825,10
compact_110_chem20260825_T300_rate0p005,110,300,20260825,20260901,122,0.12244999999999999,6.111833,10
compact_110_chem20260825_T300_rate0p005,110,300,20260825,20260901,123,0.12344999999999999,5.944661,10
compact_110_chem20260825_T300_rate0p005,110,300,20260825,20260901,124,0.12444999999999999,5.754494,10
compact_110_chem20260825_T300_rate0p005,110,300,20260825,20260901,125,0.12544999999999998,5.543857999999999,10
compact_110_chem20260825_T300_rate0p005,110,300,20260825,20260901,126,0.12645,5.261269,10
compact_110_chem20260825_T300_rate0p005,110,300,20260825,20260901,127,0.12744999999999998,5.213198,10
compact_110_chem20260825_T300_rate0p005,110,300,20260825,20260901,128,0.12845,5.176728,10
compact_110_chem20260825_T300_rate0p005,110,300,20260825,20260901,129,0.12944999999999998,5.094593,10
compact_110_chem20260825_T300_rate0p005,110,300,20260825,20260901,130,0.13045,5.061766,10
compact_110_chem20260825_T300_rate0p005,110,300,20260825,20260901,131,0.13144999999999998,4.958825,10
compact_110_chem20260825_T300_rate0p005,110,300,20260825,20260901,132,0.13245,4.954466,10
compact_110_chem20260825_T300_rate0p005,110,300,20260825,20260901,133,0.13344999999999999,4.91825,10
compact_110_chem20260825_T300_rate0p005,110,300,20260825,20260901,134,0.13445000000000001,4.838197,10
compact_110_chem20260825_T300_rate0p005,110,300,20260825,20260901,135,0.13545,4.737589,10
compact_110_chem20260825_T300_rate0p005,110,300,20260825,20260901,136,0.13645000000000002,4.777715,10
compact_110_chem20260825_T300_rate0p005,110,300,20260825,20260901,137,0.13745,4.788748,10
compact_110_chem20260825_T300_rate0p005,110,300,20260825,20260901,138,0.13845000000000002,4.938671,10
compact_110_chem20260825_T300_rate0p005,110,300,20260825,20260901,139,0.13945,4.93045,10
compact_110_chem20260825_T300_rate0p005,110,300,20260825,20260901,140,0.14045000000000002,5.043366000000001,10
compact_110_chem20260825_T300_rate0p005,110,300,20260825,20260901,141,0.14145,5.015495000000001,10
compact_110_chem20260825_T300_rate0p005,110,300,20260825,20260901,142,0.14245000000000002,5.092466,10
compact_110_chem20260825_T300_rate0p005,110,300,20260825,20260901,143,0.14345,5.105994000000001,10
compact_110_chem20260825_T300_rate0p005,110,300,20260825,20260901,144,0.14445000000000002,5.0385860000000005,10
compact_110_chem20260825_T300_rate0p005,110,300,20260825,20260901,145,0.14545,5.167116999999999,10
compact_110_chem20260825_T300_rate0p005,110,300,20260825,20260901,146,0.14645000000000002,5.095317,10
compact_110_chem20260825_T300_rate0p005,110,300,20260825,20260901,147,0.14745,5.267081,10
compact_110_chem20260825_T300_rate0p005,110,300,20260825,20260901,148,0.14845000000000003,5.457047,10
compact_110_chem20260825_T300_rate0p005,110,300,20260825,20260901,149,0.14945,5.460995999999999,10
compact_110_chem20260825_T300_rate0p005,110,300,20260825,20260901,150,0.15045000000000003,5.505107999999999,10
compact_110_chem20260825_T300_rate0p005,110,300,20260825,20260901,151,0.15145,5.630909,10
compact_110_chem20260825_T300_rate0p005,110,300,20260825,20260901,152,0.15245000000000003,5.678275,10
compact_110_chem20260825_T300_rate0p005,110,300,20260825,20260901,153,0.15345,5.654907,10
compact_110_chem20260825_T300_rate0p005,110,300,20260825,20260901,154,0.15445000000000003,5.631548,10
compact_110_chem20260825_T300_rate0p005,110,300,20260825,20260901,155,0.15545,5.620617,10
compact_110_chem20260825_T300_rate0p005,110,300,20260825,20260901,156,0.15645000000000003,5.831886,10
compact_110_chem20260825_T300_rate0p005,110,300,20260825,20260901,157,0.15745,5.801336,10
compact_110_chem20260825_T300_rate0p005,110,300,20260825,20260901,158,0.15845000000000004,5.847992,10
compact_110_chem20260825_T300_rate0p005,110,300,20260825,20260901,159,0.15944999999999998,5.81776,10
compact_110_chem20260825_T300_rate0p005,110,300,20260825,20260901,160,0.16045,5.791621999999999,10
compact_110_chem20260825_T300_rate0p005,110,300,20260825,20260901,161,0.16144999999999998,5.770038,10
compact_110_chem20260825_T300_rate0p005,110,300,20260825,20260901,162,0.16245,5.745336999999999,10
compact_110_chem20260825_T300_rate0p005,110,300,20260825,20260901,163,0.16344999999999998,5.582199999999999,10
compact_110_chem20260825_T300_rate0p005,110,300,20260825,20260901,164,0.16445,5.497770999999999,10
compact_110_chem20260825_T300_rate0p005,110,300,20260825,20260901,165,0.16544999999999999,5.3510919999999995,10
compact_110_chem20260825_T300_rate0p005,110,300,20260825,20260901,166,0.16645000000000001,5.043479,10
compact_110_chem20260825_T300_rate0p005,110,300,20260825,20260901,167,0.16745,4.7233350000000005,10
compact_110_chem20260825_T300_rate0p005,110,300,20260825,20260901,168,0.16845000000000002,4.480459999999999,10
compact_110_chem20260825_T300_rate0p005,110,300,20260825,20260901,169,0.16945,4.3327480000000005,10
compact_110_chem20260825_T300_rate0p005,110,300,20260825,20260901,170,0.17045000000000002,3.997262,10
compact_110_chem20260825_T300_rate0p005,110,300,20260825,20260901,171,0.17145,3.6311050000000002,10
compact_110_chem20260825_T300_rate0p005,110,300,20260825,20260901,172,0.17245000000000002,3.2199579999999997,10
compact_110_chem20260825_T300_rate0p005,110,300,20260825,20260901,173,0.17345,3.1066480000000003,10
compact_110_chem20260825_T300_rate0p005,110,300,20260825,20260901,174,0.17445000000000002,2.9781950000000004,10
compact_110_chem20260825_T300_rate0p005,110,300,20260825,20260901,175,0.17545,2.919035,10
compact_110_chem20260825_T300_rate0p005,110,300,20260825,20260901,176,0.17645000000000002,2.999027,10
compact_110_chem20260825_T300_rate0p005,110,300,20260825,20260901,177,0.17745,3.055319,10
compact_110_chem20260825_T300_rate0p005,110,300,20260825,20260901,178,0.17845,3.176881,10
compact_110_chem20260825_T300_rate0p005,110,300,20260825,20260901,179,0.17944999999999997,3.2477899999999997,10
compact_110_chem20260825_T300_rate0p005,110,300,20260825,20260901,180,0.18045,3.311491,10
compact_110_chem20260825_T300_rate0p005,110,300,20260825,20260901,181,0.18144999999999997,3.3864929999999993,10
compact_110_chem20260825_T300_rate0p005,110,300,20260825,20260901,182,0.18245,3.4377509999999996,10
compact_110_chem20260825_T300_rate0p005,110,300,20260825,20260901,183,0.18344999999999997,3.5328450000000005,10
compact_110_chem20260825_T300_rate0p005,110,300,20260825,20260901,184,0.18445,3.541225,10
compact_110_chem20260825_T300_rate0p005,110,300,20260825,20260901,185,0.18544999999999998,3.672551,10
compact_110_chem20260825_T300_rate0p005,110,300,20260825,20260901,186,0.18645,3.794641,10
compact_110_chem20260825_T300_rate0p005,110,300,20260825,20260901,187,0.18744999999999998,3.829526,10
compact_110_chem20260825_T300_rate0p005,110,300,20260825,20260901,188,0.18845,3.8910180000000003,10
compact_110_chem20260825_T300_rate0p005,110,300,20260825,20260901,189,0.18944999999999998,4.064237,10
compact_110_chem20260825_T300_rate0p005,110,300,20260825,20260901,190,0.19045,4.029646,10
compact_110_chem20260825_T300_rate0p005,110,300,20260825,20260901,191,0.19144999999999998,4.020007,10
compact_110_chem20260825_T300_rate0p005,110,300,20260825,20260901,192,0.19245,4.172229,10
compact_110_chem20260825_T300_rate0p005,110,300,20260825,20260901,193,0.19344999999999998,4.274865,10
compact_110_chem20260825_T300_rate0p005,110,300,20260825,20260901,194,0.19445,4.404466000000001,10
compact_110_chem20260825_T300_rate0p005,110,300,20260825,20260901,195,0.19544999999999998,4.43335,10
compact_110_chem20260825_T300_rate0p005,110,300,20260825,20260901,196,0.19645,4.555055999999999,10
compact_110_chem20260825_T300_rate0p005,110,300,20260825,20260901,197,0.19745,4.594749,10
compact_110_chem20260825_T300_rate0p005,110,300,20260825,20260901,198,0.19845000000000002,4.650785999999999,10
compact_110_chem20260825_T300_rate0p005,110,300,20260825,20260901,199,0.19945,4.672601,10
compact_110_chem20260825_T300_rate0p005,110,300,20260825,20260901,200,0.2,4.82705,1
compact_110_chem20262843_T300_rate0p005,110,300,20262843,20260903,0,0.00045000000000012765,-0.032843159999999996,10
compact_110_chem20262843_T300_rate0p005,110,300,20262843,20260903,1,0.0014500000000000001,0.09794193999999998,10
compact_110_chem20262843_T300_rate0p005,110,300,20262843,20260903,2,0.00245,0.14558323999999997,10
compact_110_chem20262843_T300_rate0p005,110,300,20262843,20260903,3,0.0034500000000000004,0.217653457,10
compact_110_chem20262843_T300_rate0p005,110,300,20262843,20260903,4,0.00445,0.32499029,10
compact_110_chem20262843_T300_rate0p005,110,300,20262843,20260903,5,0.005450000000000001,0.3316374,10
compact_110_chem20262843_T300_rate0p005,110,300,20262843,20260903,6,0.00645,0.5409368999999999,10
compact_110_chem20262843_T300_rate0p005,110,300,20262843,20260903,7,0.007450000000000001,0.5880331999999999,10
compact_110_chem20262843_T300_rate0p005,110,300,20262843,20260903,8,0.008450000000000001,0.6051429,10
compact_110_chem20262843_T300_rate0p005,110,300,20262843,20260903,9,0.00945,0.8346012999999999,10
compact_110_chem20262843_T300_rate0p005,110,300,20262843,20260903,10,0.010450000000000001,0.8798992999999999,10
compact_110_chem20262843_T300_rate0p005,110,300,20262843,20260903,11,0.011450000000000002,0.9101171000000001,10
compact_110_chem20262843_T300_rate0p005,110,300,20262843,20260903,12,0.01245,1.0007309,10
compact_110_chem20262843_T300_rate0p005,110,300,20262843,20260903,13,0.013449999999999998,1.1600658,10
compact_110_chem20262843_T300_rate0p005,110,300,20262843,20260903,14,0.01445,1.2467489999999999,10
compact_110_chem20262843_T300_rate0p005,110,300,20262843,20260903,15,0.01545,1.267487,10
compact_110_chem20262843_T300_rate0p005,110,300,20262843,20260903,16,0.01645,1.3451170000000001,10
compact_110_chem20262843_T300_rate0p005,110,300,20262843,20260903,17,0.01745,1.503672,10
compact_110_chem20262843_T300_rate0p005,110,300,20262843,20260903,18,0.01845,1.5870859999999998,10
compact_110_chem20262843_T300_rate0p005,110,300,20262843,20260903,19,0.019450000000000002,1.660529,10
compact_110_chem20262843_T300_rate0p005,110,300,20262843,20260903,20,0.02045,1.7796560000000003,10
compact_110_chem20262843_T300_rate0p005,110,300,20262843,20260903,21,0.02145,1.8514549999999996,10
compact_110_chem20262843_T300_rate0p005,110,300,20262843,20260903,22,0.02245,1.933924,10
compact_110_chem20262843_T300_rate0p005,110,300,20262843,20260903,23,0.023450000000000002,2.0615980000000005,10
compact_110_chem20262843_T300_rate0p005,110,300,20262843,20260903,24,0.02445,2.096374,10
compact_110_chem20262843_T300_rate0p005,110,300,20262843,20260903,25,0.02545,2.191773,10
compact_110_chem20262843_T300_rate0p005,110,300,20262843,20260903,26,0.026449999999999994,2.3230959999999996,10
compact_110_chem20262843_T300_rate0p005,110,300,20262843,20260903,27,0.027449999999999995,2.4467290000000004,10
compact_110_chem20262843_T300_rate0p005,110,300,20262843,20260903,28,0.028449999999999996,2.5178130000000003,10
compact_110_chem20262843_T300_rate0p005,110,300,20262843,20260903,29,0.029449999999999997,2.5475529999999997,10
compact_110_chem20262843_T300_rate0p005,110,300,20262843,20260903,30,0.030449999999999998,2.7134600000000004,10
compact_110_chem20262843_T300_rate0p005,110,300,20262843,20260903,31,0.03144999999999999,2.768186,10
compact_110_chem20262843_T300_rate0p005,110,300,20262843,20260903,32,0.03244999999999999,2.873509,10
compact_110_chem20262843_T300_rate0p005,110,300,20262843,20260903,33,0.033449999999999994,3.013961,10
compact_110_chem20262843_T300_rate0p005,110,300,20262843,20260903,34,0.034449999999999995,3.060664,10
compact_110_chem20262843_T300_rate0p005,110,300,20262843,20260903,35,0.035449999999999995,3.1141099999999997,10
compact_110_chem20262843_T300_rate0p005,110,300,20262843,20260903,36,0.036449999999999996,3.2845109999999997,10
compact_110_chem20262843_T300_rate0p005,110,300,20262843,20260903,37,0.03745,3.363028,10
compact_110_chem20262843_T300_rate0p005,110,300,20262843,20260903,38,0.03845,3.4946460000000004,10
compact_110_chem20262843_T300_rate0p005,110,300,20262843,20260903,39,0.03945,3.5333909999999995,10
compact_110_chem20262843_T300_rate0p005,110,300,20262843,20260903,40,0.04045,3.652978,10
compact_110_chem20262843_T300_rate0p005,110,300,20262843,20260903,41,0.04145,3.734395,10
compact_110_chem20262843_T300_rate0p005,110,300,20262843,20260903,42,0.04245,3.848417,10
compact_110_chem20262843_T300_rate0p005,110,300,20262843,20260903,43,0.04345,3.937219,10
compact_110_chem20262843_T300_rate0p005,110,300,20262843,20260903,44,0.04445,4.034049,10
compact_110_chem20262843_T300_rate0p005,110,300,20262843,20260903,45,0.045450000000000004,4.178388,10
compact_110_chem20262843_T300_rate0p005,110,300,20262843,20260903,46,0.04645,4.2815970000000005,10
compact_110_chem20262843_T300_rate0p005,110,300,20262843,20260903,47,0.04745,4.37508,10
compact_110_chem20262843_T300_rate0p005,110,300,20262843,20260903,48,0.04845,4.499542,10
compact_110_chem20262843_T300_rate0p005,110,300,20262843,20260903,49,0.04945,4.561097000000001,10
compact_110_chem20262843_T300_rate0p005,110,300,20262843,20260903,50,0.050449999999999995,4.533130000000001,10
compact_110_chem20262843_T300_rate0p005,110,300,20262843,20260903,51,0.051449999999999996,4.721655999999999,10
compact_110_chem20262843_T300_rate0p005,110,300,20262843,20260903,52,0.05245,4.836854,10
compact_110_chem20262843_T300_rate0p005,110,300,20262843,20260903,53,0.05345,4.900493,10
compact_110_chem20262843_T300_rate0p005,110,300,20262843,20260903,54,0.05445,5.079351,10
compact_110_chem20262843_T300_rate0p005,110,300,20262843,20260903,55,0.05545,5.090022,10
compact_110_chem20262843_T300_rate0p005,110,300,20262843,20260903,56,0.05645,5.229372,10
compact_110_chem20262843_T300_rate0p005,110,300,20262843,20260903,57,0.05744999999999999,5.277543,10
compact_110_chem20262843_T300_rate0p005,110,300,20262843,20260903,58,0.05844999999999999,5.476896999999999,10
compact_110_chem20262843_T300_rate0p005,110,300,20262843,20260903,59,0.05944999999999999,5.457334999999999,10
compact_110_chem20262843_T300_rate0p005,110,300,20262843,20260903,60,0.06044999999999999,5.639404000000001,10
compact_110_chem20262843_T300_rate0p005,110,300,20262843,20260903,61,0.06144999999999999,5.768419,10
compact_110_chem20262843_T300_rate0p005,110,300,20262843,20260903,62,0.06244999999999999,5.805134,10
compact_110_chem20262843_T300_rate0p005,110,300,20262843,20260903,63,0.06344999999999999,5.899653,10
compact_110_chem20262843_T300_rate0p005,110,300,20262843,20260903,64,0.06444999999999998,5.98626,10
compact_110_chem20262843_T300_rate0p005,110,300,20262843,20260903,65,0.06544999999999998,6.149015,10
compact_110_chem20262843_T300_rate0p005,110,300,20262843,20260903,66,0.06644999999999998,6.255253000000001,10
compact_110_chem20262843_T300_rate0p005,110,300,20262843,20260903,67,0.06744999999999998,6.268881,10
compact_110_chem20262843_T300_rate0p005,110,300,20262843,20260903,68,0.06844999999999998,6.407192,10
compact_110_chem20262843_T300_rate0p005,110,300,20262843,20260903,69,0.06944999999999998,6.532585,10
compact_110_chem20262843_T300_rate0p005,110,300,20262843,20260903,70,0.07044999999999998,6.621011,10
compact_110_chem20262843_T300_rate0p005,110,300,20262843,20260903,71,0.07144999999999999,6.733566000000001,10
compact_110_chem20262843_T300_rate0p005,110,300,20262843,20260903,72,0.07244999999999999,6.808051000000001,10
compact_110_chem20262843_T300_rate0p005,110,300,20262843,20260903,73,0.07344999999999999,6.9882919999999995,10
compact_110_chem20262843_T300_rate0p005,110,300,20262843,20260903,74,0.07444999999999999,7.010781,10
compact_110_chem20262843_T300_rate0p005,110,300,20262843,20260903,75,0.07544999999999999,7.133548,10
compact_110_chem20262843_T300_rate0p005,110,300,20262843,20260903,76,0.07644999999999999,7.257617999999999,10
compact_110_chem20262843_T300_rate0p005,110,300,20262843,20260903,77,0.07744999999999999,7.351159,10
compact_110_chem20262843_T300_rate0p005,110,300,20262843,20260903,78,0.07844999999999999,7.397998000000001,10
compact_110_chem20262843_T300_rate0p005,110,300,20262843,20260903,79,0.07944999999999999,7.511742,10
compact_110_chem20262843_T300_rate0p005,110,300,20262843,20260903,80,0.08045,7.573129,10
compact_110_chem20262843_T300_rate0p005,110,300,20262843,20260903,81,0.08145,7.714938000000001,10
compact_110_chem20262843_T300_rate0p005,110,300,20262843,20260903,82,0.08245,7.846807000000001,10
compact_110_chem20262843_T300_rate0p005,110,300,20262843,20260903,83,0.08345,7.906567000000001,10
compact_110_chem20262843_T300_rate0p005,110,300,20262843,20260903,84,0.08445,8.020350999999998,10
compact_110_chem20262843_T300_rate0p005,110,300,20262843,20260903,85,0.08545,8.072123999999999,10
compact_110_chem20262843_T300_rate0p005,110,300,20262843,20260903,86,0.08645,8.216508000000001,10
compact_110_chem20262843_T300_rate0p005,110,300,20262843,20260903,87,0.08745,8.357351,10
compact_110_chem20262843_T300_rate0p005,110,300,20262843,20260903,88,0.08845,8.422787,10
compact_110_chem20262843_T300_rate0p005,110,300,20262843,20260903,89,0.08945,8.407,10
compact_110_chem20262843_T300_rate0p005,110,300,20262843,20260903,90,0.09045,8.623372,10
compact_110_chem20262843_T300_rate0p005,110,300,20262843,20260903,91,0.09145,8.736678000000001,10
compact_110_chem20262843_T300_rate0p005,110,300,20262843,20260903,92,0.09245,8.765919,10
compact_110_chem20262843_T300_rate0p005,110,300,20262843,20260903,93,0.09345,8.894071,10
compact_110_chem20262843_T300_rate0p005,110,300,20262843,20260903,94,0.09445,8.978171999999999,10
compact_110_chem20262843_T300_rate0p005,110,300,20262843,20260903,95,0.09545,9.076054,10
compact_110_chem20262843_T300_rate0p005,110,300,20262843,20260903,96,0.09645,9.203732,10
compact_110_chem20262843_T300_rate0p005,110,300,20262843,20260903,97,0.09745,9.291343,10
compact_110_chem20262843_T300_rate0p005,110,300,20262843,20260903,98,0.09845,9.361591,10
compact_110_chem20262843_T300_rate0p005,110,300,20262843,20260903,99,0.09945,9.374148,10
compact_110_chem20262843_T300_rate0p005,110,300,20262843,20260903,100,0.10045,9.444994000000001,10
compact_110_chem20262843_T300_rate0p005,110,300,20262843,20260903,101,0.10145,9.559428999999998,10
compact_110_chem20262843_T300_rate0p005,110,300,20262843,20260903,102,0.10245,9.65707,10
compact_110_chem20262843_T300_rate0p005,110,300,20262843,20260903,103,0.10345,9.764067,10
compact_110_chem20262843_T300_rate0p005,110,300,20262843,20260903,104,0.10445,9.842364,10
compact_110_chem20262843_T300_rate0p005,110,300,20262843,20260903,105,0.10545,9.913948999999999,10
compact_110_chem20262843_T300_rate0p005,110,300,20262843,20260903,106,0.10645,10.005403000000001,10
compact_110_chem20262843_T300_rate0p005,110,300,20262843,20260903,107,0.10745,10.13128,10
compact_110_chem20262843_T300_rate0p005,110,300,20262843,20260903,108,0.10845,10.16508,10
compact_110_chem20262843_T300_rate0p005,110,300,20262843,20260903,109,0.10945,10.140980000000003,10
compact_110_chem20262843_T300_rate0p005,110,300,20262843,20260903,110,0.11045,10.30399,10
compact_110_chem20262843_T300_rate0p005,110,300,20262843,20260903,111,0.11145000000000001,10.216839999999998,10
compact_110_chem20262843_T300_rate0p005,110,300,20262843,20260903,112,0.11245000000000001,10.197849999999999,10
compact_110_chem20262843_T300_rate0p005,110,300,20262843,20260903,113,0.11345000000000001,10.143229999999999,10
compact_110_chem20262843_T300_rate0p005,110,300,20262843,20260903,114,0.11445000000000001,10.137251000000001,10
compact_110_chem20262843_T300_rate0p005,110,300,20262843,20260903,115,0.11545000000000001,10.005215,10
compact_110_chem20262843_T300_rate0p005,110,300,20262843,20260903,116,0.11645000000000001,9.976559,10
compact_110_chem20262843_T300_rate0p005,110,300,20262843,20260903,117,0.11745000000000001,9.915071999999999,10
compact_110_chem20262843_T300_rate0p005,110,300,20262843,20260903,118,0.11844999999999999,9.935596,10
compact_110_chem20262843_T300_rate0p005,110,300,20262843,20260903,119,0.11945000000000001,9.629337,10
compact_110_chem20262843_T300_rate0p005,110,300,20262843,20260903,120,0.12044999999999999,9.338786,10
compact_110_chem20262843_T300_rate0p005,110,300,20262843,20260903,121,0.12144999999999999,9.069138,10
compact_110_chem20262843_T300_rate0p005,110,300,20262843,20260903,122,0.12244999999999999,8.644486,10
compact_110_chem20262843_T300_rate0p005,110,300,20262843,20260903,123,0.12344999999999999,8.081271,10
compact_110_chem20262843_T300_rate0p005,110,300,20262843,20260903,124,0.12444999999999999,7.784239000000001,10
compact_110_chem20262843_T300_rate0p005,110,300,20262843,20260903,125,0.12544999999999998,7.262212,10
compact_110_chem20262843_T300_rate0p005,110,300,20262843,20260903,126,0.12645,6.6103250000000005,10
compact_110_chem20262843_T300_rate0p005,110,300,20262843,20260903,127,0.12744999999999998,6.080145,10
compact_110_chem20262843_T300_rate0p005,110,300,20262843,20260903,128,0.12845,5.622464,10
compact_110_chem20262843_T300_rate0p005,110,300,20262843,20260903,129,0.12944999999999998,5.212657,10
compact_110_chem20262843_T300_rate0p005,110,300,20262843,20260903,130,0.13045,5.049713,10
compact_110_chem20262843_T300_rate0p005,110,300,20262843,20260903,131,0.13144999999999998,4.972329,10
compact_110_chem20262843_T300_rate0p005,110,300,20262843,20260903,132,0.13245,4.747777,10
compact_110_chem20262843_T300_rate0p005,110,300,20262843,20260903,133,0.13344999999999999,4.645103,10
compact_110_chem20262843_T300_rate0p005,110,300,20262843,20260903,134,0.13445000000000001,4.54435,10
compact_110_chem20262843_T300_rate0p005,110,300,20262843,20260903,135,0.13545,4.698393,10
compact_110_chem20262843_T300_rate0p005,110,300,20262843,20260903,136,0.13645000000000002,4.84176,10
compact_110_chem20262843_T300_rate0p005,110,300,20262843,20260903,137,0.13745,4.8548279999999995,10
compact_110_chem20262843_T300_rate0p005,110,300,20262843,20260903,138,0.13845000000000002,4.932574999999999,10
compact_110_chem20262843_T300_rate0p005,110,300,20262843,20260903,139,0.13945,4.978942,10
compact_110_chem20262843_T300_rate0p005,110,300,20262843,20260903,140,0.14045000000000002,4.988484,10
compact_110_chem20262843_T300_rate0p005,110,300,20262843,20260903,141,0.14145,5.064245,10
compact_110_chem20262843_T300_rate0p005,110,300,20262843,20260903,142,0.14245000000000002,5.3004500000000005,10
compact_110_chem20262843_T300_rate0p005,110,300,20262843,20260903,143,0.14345,5.187444,10
compact_110_chem20262843_T300_rate0p005,110,300,20262843,20260903,144,0.14445000000000002,5.203793,10
compact_110_chem20262843_T300_rate0p005,110,300,20262843,20260903,145,0.14545,5.291516,10
compact_110_chem20262843_T300_rate0p005,110,300,20262843,20260903,146,0.14645000000000002,5.409318999999999,10
compact_110_chem20262843_T300_rate0p005,110,300,20262843,20260903,147,0.14745,5.513363000000001,10
compact_110_chem20262843_T300_rate0p005,110,300,20262843,20260903,148,0.14845000000000003,5.6262810000000005,10
compact_110_chem20262843_T300_rate0p005,110,300,20262843,20260903,149,0.14945,5.650551999999999,10
compact_110_chem20262843_T300_rate0p005,110,300,20262843,20260903,150,0.15045000000000003,5.701722,10
compact_110_chem20262843_T300_rate0p005,110,300,20262843,20260903,151,0.15145,5.743575,10
compact_110_chem20262843_T300_rate0p005,110,300,20262843,20260903,152,0.15245000000000003,5.829172,10
compact_110_chem20262843_T300_rate0p005,110,300,20262843,20260903,153,0.15345,5.720656,10
compact_110_chem20262843_T300_rate0p005,110,300,20262843,20260903,154,0.15445000000000003,5.631416,10
compact_110_chem20262843_T300_rate0p005,110,300,20262843,20260903,155,0.15545,5.510973,10
compact_110_chem20262843_T300_rate0p005,110,300,20262843,20260903,156,0.15645000000000003,5.369619999999999,10
compact_110_chem20262843_T300_rate0p005,110,300,20262843,20260903,157,0.15745,5.276617,10
compact_110_chem20262843_T300_rate0p005,110,300,20262843,20260903,158,0.15845000000000004,5.092381999999999,10
compact_110_chem20262843_T300_rate0p005,110,300,20262843,20260903,159,0.15944999999999998,4.958875000000001,10
compact_110_chem20262843_T300_rate0p005,110,300,20262843,20260903,160,0.16045,4.797586,10
compact_110_chem20262843_T300_rate0p005,110,300,20262843,20260903,161,0.16144999999999998,4.534919,10
compact_110_chem20262843_T300_rate0p005,110,300,20262843,20260903,162,0.16245,4.388953,10
compact_110_chem20262843_T300_rate0p005,110,300,20262843,20260903,163,0.16344999999999998,4.243264999999999,10
compact_110_chem20262843_T300_rate0p005,110,300,20262843,20260903,164,0.16445,4.084748,10
compact_110_chem20262843_T300_rate0p005,110,300,20262843,20260903,165,0.16544999999999999,3.995164,10
compact_110_chem20262843_T300_rate0p005,110,300,20262843,20260903,166,0.16645000000000001,3.896725,10
compact_110_chem20262843_T300_rate0p005,110,300,20262843,20260903,167,0.16745,3.876423,10
compact_110_chem20262843_T300_rate0p005,110,300,20262843,20260903,168,0.16845000000000002,3.6686360000000002,10
compact_110_chem20262843_T300_rate0p005,110,300,20262843,20260903,169,0.16945,3.620167,10
compact_110_chem20262843_T300_rate0p005,110,300,20262843,20260903,170,0.17045000000000002,3.4172629999999997,10
compact_110_chem20262843_T300_rate0p005,110,300,20262843,20260903,171,0.17145,3.066665,10
compact_110_chem20262843_T300_rate0p005,110,300,20262843,20260903,172,0.17245000000000002,2.9914509999999996,10
compact_110_chem20262843_T300_rate0p005,110,300,20262843,20260903,173,0.17345,2.9574349999999994,10
compact_110_chem20262843_T300_rate0p005,110,300,20262843,20260903,174,0.17445000000000002,3.023356,10
compact_110_chem20262843_T300_rate0p005,110,300,20262843,20260903,175,0.17545,3.063581,10
compact_110_chem20262843_T300_rate0p005,110,300,20262843,20260903,176,0.17645000000000002,3.0053980000000005,10
compact_110_chem20262843_T300_rate0p005,110,300,20262843,20260903,177,0.17745,3.113053,10
compact_110_chem20262843_T300_rate0p005,110,300,20262843,20260903,178,0.17845,3.190708,10
compact_110_chem20262843_T300_rate0p005,110,300,20262843,20260903,179,0.17944999999999997,3.2151709999999993,10
compact_110_chem20262843_T300_rate0p005,110,300,20262843,20260903,180,0.18045,3.3215129999999995,10
compact_110_chem20262843_T300_rate0p005,110,300,20262843,20260903,181,0.18144999999999997,3.398498,10
compact_110_chem20262843_T300_rate0p005,110,300,20262843,20260903,182,0.18245,3.5033280000000007,10
compact_110_chem20262843_T300_rate0p005,110,300,20262843,20260903,183,0.18344999999999997,3.5653769999999994,10
compact_110_chem20262843_T300_rate0p005,110,300,20262843,20260903,184,0.18445,3.5401940000000005,10
compact_110_chem20262843_T300_rate0p005,110,300,20262843,20260903,185,0.18544999999999998,3.6787970000000003,10
compact_110_chem20262843_T300_rate0p005,110,300,20262843,20260903,186,0.18645,3.789634999999999,10
compact_110_chem20262843_T300_rate0p005,110,300,20262843,20260903,187,0.18744999999999998,3.7808900000000003,10
compact_110_chem20262843_T300_rate0p005,110,300,20262843,20260903,188,0.18845,3.9090439999999993,10
compact_110_chem20262843_T300_rate0p005,110,300,20262843,20260903,189,0.18944999999999998,3.9876739999999997,10
compact_110_chem20262843_T300_rate0p005,110,300,20262843,20260903,190,0.19045,4.004421,10
compact_110_chem20262843_T300_rate0p005,110,300,20262843,20260903,191,0.19144999999999998,4.1271189999999995,10
compact_110_chem20262843_T300_rate0p005,110,300,20262843,20260903,192,0.19245,4.225048,10
compact_110_chem20262843_T300_rate0p005,110,300,20262843,20260903,193,0.19344999999999998,4.251056,10
compact_110_chem20262843_T300_rate0p005,110,300,20262843,20260903,194,0.19445,4.320845,10
compact_110_chem20262843_T300_rate0p005,110,300,20262843,20260903,195,0.19544999999999998,4.5151840000000005,10
compact_110_chem20262843_T300_rate0p005,110,300,20262843,20260903,196,0.19645,4.483981999999999,10
compact_110_chem20262843_T300_rate0p005,110,300,20262843,20260903,197,0.19745,4.5779570000000005,10
compact_110_chem20262843_T300_rate0p005,110,300,20262843,20260903,198,0.19845000000000002,4.655181000000001,10
compact_110_chem20262843_T300_rate0p005,110,300,20262843,20260903,199,0.19945,4.742341000000001,10
compact_110_chem20262843_T300_rate0p005,110,300,20262843,20260903,200,0.2,4.7978,1
compact_110_chem20264861_T300_rate0p005,110,300,20264861,20260907,0,0.0004499999999998933,-0.06579023580000001,10
compact_110_chem20264861_T300_rate0p005,110,300,20264861,20260907,1,0.0014500000000000001,-0.039139556000000006,10
compact_110_chem20264861_T300_rate0p005,110,300,20264861,20260907,2,0.00245,0.05366417,10
compact_110_chem20264861_T300_rate0p005,110,300,20264861,20260907,3,0.0034500000000000004,0.2009195,10
compact_110_chem20264861_T300_rate0p005,110,300,20264861,20260907,4,0.00445,0.18943247,10
compact_110_chem20264861_T300_rate0p005,110,300,20264861,20260907,5,0.005450000000000001,0.2739959999999999,10
compact_110_chem20264861_T300_rate0p005,110,300,20264861,20260907,6,0.00645,0.4759868,10
compact_110_chem20264861_T300_rate0p005,110,300,20264861,20260907,7,0.007450000000000001,0.5129124,10
compact_110_chem20264861_T300_rate0p005,110,300,20264861,20260907,8,0.008450000000000001,0.5508047,10
compact_110_chem20264861_T300_rate0p005,110,300,20264861,20260907,9,0.00945,0.6359271000000001,10
compact_110_chem20264861_T300_rate0p005,110,300,20264861,20260907,10,0.010450000000000001,0.7789725000000001,10
compact_110_chem20264861_T300_rate0p005,110,300,20264861,20260907,11,0.011450000000000002,0.8498525000000001,10
compact_110_chem20264861_T300_rate0p005,110,300,20264861,20260907,12,0.01245,0.9425217,10
compact_110_chem20264861_T300_rate0p005,110,300,20264861,20260907,13,0.013449999999999998,1.0804081,10
compact_110_chem20264861_T300_rate0p005,110,300,20264861,20260907,14,0.01445,0.9901368000000002,10
compact_110_chem20264861_T300_rate0p005,110,300,20264861,20260907,15,0.01545,1.1631160000000003,10
compact_110_chem20264861_T300_rate0p005,110,300,20264861,20260907,16,0.01645,1.2718080000000003,10
compact_110_chem20264861_T300_rate0p005,110,300,20264861,20260907,17,0.01745,1.408225,10
compact_110_chem20264861_T300_rate0p005,110,300,20264861,20260907,18,0.01845,1.4128589999999999,10
compact_110_chem20264861_T300_rate0p005,110,300,20264861,20260907,19,0.019450000000000002,1.526004,10
compact_110_chem20264861_T300_rate0p005,110,300,20264861,20260907,20,0.02045,1.6769610000000004,10
compact_110_chem20264861_T300_rate0p005,110,300,20264861,20260907,21,0.02145,1.6830349999999998,10
compact_110_chem20264861_T300_rate0p005,110,300,20264861,20260907,22,0.02245,1.737323,10
compact_110_chem20264861_T300_rate0p005,110,300,20264861,20260907,23,0.023450000000000002,1.8324390000000002,10
compact_110_chem20264861_T300_rate0p005,110,300,20264861,20260907,24,0.02445,1.9542519999999999,10
compact_110_chem20264861_T300_rate0p005,110,300,20264861,20260907,25,0.02545,2.0613029999999997,10
compact_110_chem20264861_T300_rate0p005,110,300,20264861,20260907,26,0.026449999999999994,2.1032719999999996,10
compact_110_chem20264861_T300_rate0p005,110,300,20264861,20260907,27,0.027449999999999995,2.298298,10
compact_110_chem20264861_T300_rate0p005,110,300,20264861,20260907,28,0.028449999999999996,2.3150269999999997,10
compact_110_chem20264861_T300_rate0p005,110,300,20264861,20260907,29,0.029449999999999997,2.4318479999999996,10
compact_110_chem20264861_T300_rate0p005,110,300,20264861,20260907,30,0.030449999999999998,2.4379859999999995,10
compact_110_chem20264861_T300_rate0p005,110,300,20264861,20260907,31,0.03144999999999999,2.618782,10
compact_110_chem20264861_T300_rate0p005,110,300,20264861,20260907,32,0.03244999999999999,2.8037499999999995,10
compact_110_chem20264861_T300_rate0p005,110,300,20264861,20260907,33,0.033449999999999994,2.7575000000000003,10
compact_110_chem20264861_T300_rate0p005,110,300,20264861,20260907,34,0.034449999999999995,2.830285,10
compact_110_chem20264861_T300_rate0p005,110,300,20264861,20260907,35,0.035449999999999995,3.015139,10
compact_110_chem20264861_T300_rate0p005,110,300,20264861,20260907,36,0.036449999999999996,3.082461,10
compact_110_chem20264861_T300_rate0p005,110,300,20264861,20260907,37,0.03745,3.1837660000000003,10
compact_110_chem20264861_T300_rate0p005,110,300,20264861,20260907,38,0.03845,3.22466,10
compact_110_chem20264861_T300_rate0p005,110,300,20264861,20260907,39,0.03945,3.306519,10
compact_110_chem20264861_T300_rate0p005,110,300,20264861,20260907,40,0.04045,3.476813,10
compact_110_chem20264861_T300_rate0p005,110,300,20264861,20260907,41,0.04145,3.4914949999999996,10
compact_110_chem20264861_T300_rate0p005,110,300,20264861,20260907,42,0.04245,3.6084959999999997,10
compact_110_chem20264861_T300_rate0p005,110,300,20264861,20260907,43,0.04345,3.7325760000000003,10
compact_110_chem20264861_T300_rate0p005,110,300,20264861,20260907,44,0.04445,3.790894,10
compact_110_chem20264861_T300_rate0p005,110,300,20264861,20260907,45,0.045450000000000004,3.9212350000000002,10
compact_110_chem20264861_T300_rate0p005,110,300,20264861,20260907,46,0.04645,4.028626999999999,10
compact_110_chem20264861_T300_rate0p005,110,300,20264861,20260907,47,0.04745,4.081018,10
compact_110_chem20264861_T300_rate0p005,110,300,20264861,20260907,48,0.04845,4.126512,10
compact_110_chem20264861_T300_rate0p005,110,300,20264861,20260907,49,0.04945,4.287823,10
compact_110_chem20264861_T300_rate0p005,110,300,20264861,20260907,50,0.050449999999999995,4.313911,10
compact_110_chem20264861_T300_rate0p005,110,300,20264861,20260907,51,0.051449999999999996,4.475106000000001,10
compact_110_chem20264861_T300_rate0p005,110,300,20264861,20260907,52,0.05245,4.546091,10
compact_110_chem20264861_T300_rate0p005,110,300,20264861,20260907,53,0.05345,4.643395,10
compact_110_chem20264861_T300_rate0p005,110,300,20264861,20260907,54,0.05445,4.776661000000001,10
compact_110_chem20264861_T300_rate0p005,110,300,20264861,20260907,55,0.05545,4.893945,10
compact_110_chem20264861_T300_rate0p005,110,300,20264861,20260907,56,0.05645,4.922033000000001,10
compact_110_chem20264861_T300_rate0p005,110,300,20264861,20260907,57,0.05744999999999999,5.02761,10
compact_110_chem20264861_T300_rate0p005,110,300,20264861,20260907,58,0.05844999999999999,5.1620289999999995,10
compact_110_chem20264861_T300_rate0p005,110,300,20264861,20260907,59,0.05944999999999999,5.264940000000001,10
compact_110_chem20264861_T300_rate0p005,110,300,20264861,20260907,60,0.06044999999999999,5.358956,10
compact_110_chem20264861_T300_rate0p005,110,300,20264861,20260907,61,0.06144999999999999,5.393368000000001,10
compact_110_chem20264861_T300_rate0p005,110,300,20264861,20260907,62,0.06244999999999999,5.506575,10
compact_110_chem20264861_T300_rate0p005,110,300,20264861,20260907,63,0.06344999999999999,5.599087,10
compact_110_chem20264861_T300_rate0p005,110,300,20264861,20260907,64,0.06444999999999998,5.725073,10
compact_110_chem20264861_T300_rate0p005,110,300,20264861,20260907,65,0.06544999999999998,5.828621999999999,10
compact_110_chem20264861_T300_rate0p005,110,300,20264861,20260907,66,0.06644999999999998,5.984768999999999,10
compact_110_chem20264861_T300_rate0p005,110,300,20264861,20260907,67,0.06744999999999998,5.975961,10
compact_110_chem20264861_T300_rate0p005,110,300,20264861,20260907,68,0.06844999999999998,6.098396,10
compact_110_chem20264861_T300_rate0p005,110,300,20264861,20260907,69,0.06944999999999998,6.1979489999999995,10
compact_110_chem20264861_T300_rate0p005,110,300,20264861,20260907,70,0.07044999999999998,6.302846,10
compact_110_chem20264861_T300_rate0p005,110,300,20264861,20260907,71,0.07144999999999999,6.338737,10
compact_110_chem20264861_T300_rate0p005,110,300,20264861,20260907,72,0.07244999999999999,6.486758999999999,10
compact_110_chem20264861_T300_rate0p005,110,300,20264861,20260907,73,0.07344999999999999,6.620255,10
compact_110_chem20264861_T300_rate0p005,110,300,20264861,20260907,74,0.07444999999999999,6.647891999999999,10
compact_110_chem20264861_T300_rate0p005,110,300,20264861,20260907,75,0.07544999999999999,6.7596229999999995,10
compact_110_chem20264861_T300_rate0p005,110,300,20264861,20260907,76,0.07644999999999999,6.881036,10
compact_110_chem20264861_T300_rate0p005,110,300,20264861,20260907,77,0.07744999999999999,6.991808000000001,10
compact_110_chem20264861_T300_rate0p005,110,300,20264861,20260907,78,0.07844999999999999,7.081344,10
compact_110_chem20264861_T300_rate0p005,110,300,20264861,20260907,79,0.07944999999999999,7.1748460000000005,10
compact_110_chem20264861_T300_rate0p005,110,300,20264861,20260907,80,0.08045,7.260071999999999,10
compact_110_chem20264861_T300_rate0p005,110,300,20264861,20260907,81,0.08145,7.403673,10
compact_110_chem20264861_T300_rate0p005,110,300,20264861,20260907,82,0.08245,7.403922999999999,10
compact_110_chem20264861_T300_rate0p005,110,300,20264861,20260907,83,0.08345,7.527335000000001,10
compact_110_chem20264861_T300_rate0p005,110,300,20264861,20260907,84,0.08445,7.628125,10
compact_110_chem20264861_T300_rate0p005,110,300,20264861,20260907,85,0.08545,7.748786,10
compact_110_chem20264861_T300_rate0p005,110,300,20264861,20260907,86,0.08645,7.840456999999999,10
compact_110_chem20264861_T300_rate0p005,110,300,20264861,20260907,87,0.08745,7.872932999999999,10
compact_110_chem20264861_T300_rate0p005,110,300,20264861,20260907,88,0.08845,8.034699,10
compact_110_chem20264861_T300_rate0p005,110,300,20264861,20260907,89,0.08945,8.099543,10
compact_110_chem20264861_T300_rate0p005,110,300,20264861,20260907,90,0.09045,8.211155000000002,10
compact_110_chem20264861_T300_rate0p005,110,300,20264861,20260907,91,0.09145,8.311573,10
compact_110_chem20264861_T300_rate0p005,110,300,20264861,20260907,92,0.09245,8.395468000000001,10
compact_110_chem20264861_T300_rate0p005,110,300,20264861,20260907,93,0.09345,8.518705,10
compact_110_chem20264861_T300_rate0p005,110,300,20264861,20260907,94,0.09445,8.557092,10
compact_110_chem20264861_T300_rate0p005,110,300,20264861,20260907,95,0.09545,8.596661000000001,10
compact_110_chem20264861_T300_rate0p005,110,300,20264861,20260907,96,0.09645,8.636023999999999,10
compact_110_chem20264861_T300_rate0p005,110,300,20264861,20260907,97,0.09745,8.765517999999998,10
compact_110_chem20264861_T300_rate0p005,110,300,20264861,20260907,98,0.09845,8.841963000000002,10
compact_110_chem20264861_T300_rate0p005,110,300,20264861,20260907,99,0.09945,8.928586,10
compact_110_chem20264861_T300_rate0p005,110,300,20264861,20260907,100,0.10045,8.994403,10
compact_110_chem20264861_T300_rate0p005,110,300,20264861,20260907,101,0.10145,9.042904000000002,10
compact_110_chem20264861_T300_rate0p005,110,300,20264861,20260907,102,0.10245,9.162431999999999,10
compact_110_chem20264861_T300_rate0p005,110,300,20264861,20260907,103,0.10345,9.192012,10
compact_110_chem20264861_T300_rate0p005,110,300,20264861,20260907,104,0.10445,9.113805,10
compact_110_chem20264861_T300_rate0p005,110,300,20264861,20260907,105,0.10545,9.092065,10
compact_110_chem20264861_T300_rate0p005,110,300,20264861,20260907,106,0.10645,9.119513,10
compact_110_chem20264861_T300_rate0p005,110,300,20264861,20260907,107,0.10745,9.046699,10
compact_110_chem20264861_T300_rate0p005,110,300,20264861,20260907,108,0.10845,8.943175,10
compact_110_chem20264861_T300_rate0p005,110,300,20264861,20260907,109,0.10945,9.022621000000001,10
compact_110_chem20264861_T300_rate0p005,110,300,20264861,20260907,110,0.11045,8.934231999999998,10
compact_110_chem20264861_T300_rate0p005,110,300,20264861,20260907,111,0.11145000000000001,9.014332,10
compact_110_chem20264861_T300_rate0p005,110,300,20264861,20260907,112,0.11245000000000001,9.08596,10
compact_110_chem20264861_T300_rate0p005,110,300,20264861,20260907,113,0.11345000000000001,9.065085,10
compact_110_chem20264861_T300_rate0p005,110,300,20264861,20260907,114,0.11445000000000001,9.005489,10
compact_110_chem20264861_T300_rate0p005,110,300,20264861,20260907,115,0.11545000000000001,9.122371999999999,10
compact_110_chem20264861_T300_rate0p005,110,300,20264861,20260907,116,0.11645000000000001,9.097502,10
compact_110_chem20264861_T300_rate0p005,110,300,20264861,20260907,117,0.11745000000000001,8.959917,10
compact_110_chem20264861_T300_rate0p005,110,300,20264861,20260907,118,0.11844999999999999,8.849228000000002,10
compact_110_chem20264861_T300_rate0p005,110,300,20264861,20260907,119,0.11945000000000001,8.806127,10
compact_110_chem20264861_T300_rate0p005,110,300,20264861,20260907,120,0.12044999999999999,8.668037,10
compact_110_chem20264861_T300_rate0p005,110,300,20264861,20260907,121,0.12144999999999999,8.383201,10
compact_110_chem20264861_T300_rate0p005,110,300,20264861,20260907,122,0.12244999999999999,8.126614,10
compact_110_chem20264861_T300_rate0p005,110,300,20264861,20260907,123,0.12344999999999999,7.677104,10
compact_110_chem20264861_T300_rate0p005,110,300,20264861,20260907,124,0.12444999999999999,7.259099000000001,10
compact_110_chem20264861_T300_rate0p005,110,300,20264861,20260907,125,0.12544999999999998,6.600942999999999,10
compact_110_chem20264861_T300_rate0p005,110,300,20264861,20260907,126,0.12645,5.6413530000000005,10
compact_110_chem20264861_T300_rate0p005,110,300,20264861,20260907,127,0.12744999999999998,5.01536,10
compact_110_chem20264861_T300_rate0p005,110,300,20264861,20260907,128,0.12845,4.679963000000001,10
compact_110_chem20264861_T300_rate0p005,110,300,20264861,20260907,129,0.12944999999999998,4.488054,10
compact_110_chem20264861_T300_rate0p005,110,300,20264861,20260907,130,0.13045,4.538522,10
compact_110_chem20264861_T300_rate0p005,110,300,20264861,20260907,131,0.13144999999999998,4.553106,10
compact_110_chem20264861_T300_rate0p005,110,300,20264861,20260907,132,0.13245,4.535908000000001,10
compact_110_chem20264861_T300_rate0p005,110,300,20264861,20260907,133,0.13344999999999999,4.6784550000000005,10
compact_110_chem20264861_T300_rate0p005,110,300,20264861,20260907,134,0.13445000000000001,4.767049000000001,10
compact_110_chem20264861_T300_rate0p005,110,300,20264861,20260907,135,0.13545,4.718666,10
compact_110_chem20264861_T300_rate0p005,110,300,20264861,20260907,136,0.13645000000000002,4.795116999999999,10
compact_110_chem20264861_T300_rate0p005,110,300,20264861,20260907,137,0.13745,4.94657,10
compact_110_chem20264861_T300_rate0p005,110,300,20264861,20260907,138,0.13845000000000002,5.01327,10
compact_110_chem20264861_T300_rate0p005,110,300,20264861,20260907,139,0.13945,5.151448,10
compact_110_chem20264861_T300_rate0p005,110,300,20264861,20260907,140,0.14045000000000002,5.246732,10
compact_110_chem20264861_T300_rate0p005,110,300,20264861,20260907,141,0.14145,5.29902,10
compact_110_chem20264861_T300_rate0p005,110,300,20264861,20260907,142,0.14245000000000002,5.384600000000001,10
compact_110_chem20264861_T300_rate0p005,110,300,20264861,20260907,143,0.14345,5.488584999999999,10
compact_110_chem20264861_T300_rate0p005,110,300,20264861,20260907,144,0.14445000000000002,5.496599000000001,10
compact_110_chem20264861_T300_rate0p005,110,300,20264861,20260907,145,0.14545,5.622676,10
compact_110_chem20264861_T300_rate0p005,110,300,20264861,20260907,146,0.14645000000000002,5.777861,10
compact_110_chem20264861_T300_rate0p005,110,300,20264861,20260907,147,0.14745,5.838683,10
compact_110_chem20264861_T300_rate0p005,110,300,20264861,20260907,148,0.14845000000000003,5.929539,10
compact_110_chem20264861_T300_rate0p005,110,300,20264861,20260907,149,0.14945,6.107363999999999,10
compact_110_chem20264861_T300_rate0p005,110,300,20264861,20260907,150,0.15045000000000003,6.061312,10
compact_110_chem20264861_T300_rate0p005,110,300,20264861,20260907,151,0.15145,6.141144,10
compact_110_chem20264861_T300_rate0p005,110,300,20264861,20260907,152,0.15245000000000003,6.239948,10
compact_110_chem20264861_T300_rate0p005,110,300,20264861,20260907,153,0.15345,6.346493000000001,10
compact_110_chem20264861_T300_rate0p005,110,300,20264861,20260907,154,0.15445000000000003,6.464582,10
compact_110_chem20264861_T300_rate0p005,110,300,20264861,20260907,155,0.15545,6.5611109999999995,10
compact_110_chem20264861_T300_rate0p005,110,300,20264861,20260907,156,0.15645000000000003,6.642888999999999,10
compact_110_chem20264861_T300_rate0p005,110,300,20264861,20260907,157,0.15745,6.632683,10
compact_110_chem20264861_T300_rate0p005,110,300,20264861,20260907,158,0.15845000000000004,6.703798000000001,10
compact_110_chem20264861_T300_rate0p005,110,300,20264861,20260907,159,0.15944999999999998,6.8553809999999995,10
compact_110_chem20264861_T300_rate0p005,110,300,20264861,20260907,160,0.16045,6.8851640000000005,10
compact_110_chem20264861_T300_rate0p005,110,300,20264861,20260907,161,0.16144999999999998,6.865743,10
compact_110_chem20264861_T300_rate0p005,110,300,20264861,20260907,162,0.16245,6.977335999999999,10
compact_110_chem20264861_T300_rate0p005,110,300,20264861,20260907,163,0.16344999999999998,7.041169000000001,10
compact_110_chem20264861_T300_rate0p005,110,300,20264861,20260907,164,0.16445,7.200164000000001,10
compact_110_chem20264861_T300_rate0p005,110,300,20264861,20260907,165,0.16544999999999999,7.151048,10
compact_110_chem20264861_T300_rate0p005,110,300,20264861,20260907,166,0.16645000000000001,7.215025,10
compact_110_chem20264861_T300_rate0p005,110,300,20264861,20260907,167,0.16745,7.253635,10
compact_110_chem20264861_T300_rate0p005,110,300,20264861,20260907,168,0.16845000000000002,7.268018,10
compact_110_chem20264861_T300_rate0p005,110,300,20264861,20260907,169,0.16945,7.465891000000001,10
compact_110_chem20264861_T300_rate0p005,110,300,20264861,20260907,170,0.17045000000000002,7.5737250000000005,10
compact_110_chem20264861_T300_rate0p005,110,300,20264861,20260907,171,0.17145,7.726114000000001,10
compact_110_chem20264861_T300_rate0p005,110,300,20264861,20260907,172,0.17245000000000002,7.643405,10
compact_110_chem20264861_T300_rate0p005,110,300,20264861,20260907,173,0.17345,7.775112,10
compact_110_chem20264861_T300_rate0p005,110,300,20264861,20260907,174,0.17445000000000002,7.9596540000000005,10
compact_110_chem20264861_T300_rate0p005,110,300,20264861,20260907,175,0.17545,7.8613349999999995,10
compact_110_chem20264861_T300_rate0p005,110,300,20264861,20260907,176,0.17645000000000002,7.93909,10
compact_110_chem20264861_T300_rate0p005,110,300,20264861,20260907,177,0.17745,7.999188999999999,10
compact_110_chem20264861_T300_rate0p005,110,300,20264861,20260907,178,0.17845,7.92641,10
compact_110_chem20264861_T300_rate0p005,110,300,20264861,20260907,179,0.17944999999999997,7.813711,10
compact_110_chem20264861_T300_rate0p005,110,300,20264861,20260907,180,0.18045,7.751908,10
compact_110_chem20264861_T300_rate0p005,110,300,20264861,20260907,181,0.18144999999999997,7.748223,10
compact_110_chem20264861_T300_rate0p005,110,300,20264861,20260907,182,0.18245,7.6184899999999995,10
compact_110_chem20264861_T300_rate0p005,110,300,20264861,20260907,183,0.18344999999999997,7.627423,10
compact_110_chem20264861_T300_rate0p005,110,300,20264861,20260907,184,0.18445,7.47184,10
compact_110_chem20264861_T300_rate0p005,110,300,20264861,20260907,185,0.18544999999999998,7.322642999999999,10
compact_110_chem20264861_T300_rate0p005,110,300,20264861,20260907,186,0.18645,7.03433,10
compact_110_chem20264861_T300_rate0p005,110,300,20264861,20260907,187,0.18744999999999998,6.762595,10
compact_110_chem20264861_T300_rate0p005,110,300,20264861,20260907,188,0.18845,6.3265,10
compact_110_chem20264861_T300_rate0p005,110,300,20264861,20260907,189,0.18944999999999998,5.927351,10
compact_110_chem20264861_T300_rate0p005,110,300,20264861,20260907,190,0.19045,5.546378000000001,10
compact_110_chem20264861_T300_rate0p005,110,300,20264861,20260907,191,0.19144999999999998,5.074368,10
compact_110_chem20264861_T300_rate0p005,110,300,20264861,20260907,192,0.19245,4.770443,10
compact_110_chem20264861_T300_rate0p005,110,300,20264861,20260907,193,0.19344999999999998,4.460213,10
compact_110_chem20264861_T300_rate0p005,110,300,20264861,20260907,194,0.19445,4.249208000000001,10
compact_110_chem20264861_T300_rate0p005,110,300,20264861,20260907,195,0.19544999999999998,4.1469130000000005,10
compact_110_chem20264861_T300_rate0p005,110,300,20264861,20260907,196,0.19645,4.1252189999999995,10
compact_110_chem20264861_T300_rate0p005,110,300,20264861,20260907,197,0.19745,4.051946,10
compact_110_chem20264861_T300_rate0p005,110,300,20264861,20260907,198,0.19845000000000002,4.116746,10
compact_110_chem20264861_T300_rate0p005,110,300,20264861,20260907,199,0.19945,4.222575,10
compact_110_chem20264861_T300_rate0p005,110,300,20264861,20260907,200,0.2,4.32618,1
compact_110_chem20260825_T1200_rate0p005,110,1200,20260825,20260901,0,0.0004499999999999154,-0.13443551000000004,10
compact_110_chem20260825_T1200_rate0p005,110,1200,20260825,20260901,1,0.0014500000000000001,0.013869258,10
compact_110_chem20260825_T1200_rate0p005,110,1200,20260825,20260901,2,0.00245,0.20461036499999996,10
compact_110_chem20260825_T1200_rate0p005,110,1200,20260825,20260901,3,0.0034500000000000004,0.19132509,10
compact_110_chem20260825_T1200_rate0p005,110,1200,20260825,20260901,4,0.00445,0.2633833,10
compact_110_chem20260825_T1200_rate0p005,110,1200,20260825,20260901,5,0.005450000000000001,0.168836883,10
compact_110_chem20260825_T1200_rate0p005,110,1200,20260825,20260901,6,0.00645,0.46124010000000004,10
compact_110_chem20260825_T1200_rate0p005,110,1200,20260825,20260901,7,0.007450000000000001,0.20395333,10
compact_110_chem20260825_T1200_rate0p005,110,1200,20260825,20260901,8,0.008450000000000001,0.7248037,10
compact_110_chem20260825_T1200_rate0p005,110,1200,20260825,20260901,9,0.00945,0.4749824,10
compact_110_chem20260825_T1200_rate0p005,110,1200,20260825,20260901,10,0.010450000000000001,0.6862349,10
compact_110_chem20260825_T1200_rate0p005,110,1200,20260825,20260901,11,0.011450000000000002,0.7768095,10
compact_110_chem20260825_T1200_rate0p005,110,1200,20260825,20260901,12,0.01245,1.0916581000000003,10
compact_110_chem20260825_T1200_rate0p005,110,1200,20260825,20260901,13,0.013449999999999998,1.0820257,10
compact_110_chem20260825_T1200_rate0p005,110,1200,20260825,20260901,14,0.01445,0.7916567999999999,10
compact_110_chem20260825_T1200_rate0p005,110,1200,20260825,20260901,15,0.01545,1.259718,10
compact_110_chem20260825_T1200_rate0p005,110,1200,20260825,20260901,16,0.01645,1.2137468,10
compact_110_chem20260825_T1200_rate0p005,110,1200,20260825,20260901,17,0.01745,1.318405,10
compact_110_chem20260825_T1200_rate0p005,110,1200,20260825,20260901,18,0.01845,1.495593,10
compact_110_chem20260825_T1200_rate0p005,110,1200,20260825,20260901,19,0.019450000000000002,1.306842,10
compact_110_chem20260825_T1200_rate0p005,110,1200,20260825,20260901,20,0.02045,1.568311,10
compact_110_chem20260825_T1200_rate0p005,110,1200,20260825,20260901,21,0.02145,1.54027,10
compact_110_chem20260825_T1200_rate0p005,110,1200,20260825,20260901,22,0.02245,1.8296259999999998,10
compact_110_chem20260825_T1200_rate0p005,110,1200,20260825,20260901,23,0.023450000000000002,1.709488,10
compact_110_chem20260825_T1200_rate0p005,110,1200,20260825,20260901,24,0.02445,1.8230529999999998,10
compact_110_chem20260825_T1200_rate0p005,110,1200,20260825,20260901,25,0.02545,2.130274,10
compact_110_chem20260825_T1200_rate0p005,110,1200,20260825,20260901,26,0.026449999999999994,2.1081890000000003,10
compact_110_chem20260825_T1200_rate0p005,110,1200,20260825,20260901,27,0.027449999999999995,2.23981,10
compact_110_chem20260825_T1200_rate0p005,110,1200,20260825,20260901,28,0.028449999999999996,2.0833350000000004,10
compact_110_chem20260825_T1200_rate0p005,110,1200,20260825,20260901,29,0.029449999999999997,2.202439,10
compact_110_chem20260825_T1200_rate0p005,110,1200,20260825,20260901,30,0.030449999999999998,2.363662,10
compact_110_chem20260825_T1200_rate0p005,110,1200,20260825,20260901,31,0.03144999999999999,2.444644,10
compact_110_chem20260825_T1200_rate0p005,110,1200,20260825,20260901,32,0.03244999999999999,2.5358159999999996,10
compact_110_chem20260825_T1200_rate0p005,110,1200,20260825,20260901,33,0.033449999999999994,2.403572,10
compact_110_chem20260825_T1200_rate0p005,110,1200,20260825,20260901,34,0.034449999999999995,2.679292,10
compact_110_chem20260825_T1200_rate0p005,110,1200,20260825,20260901,35,0.035449999999999995,2.638577,10
compact_110_chem20260825_T1200_rate0p005,110,1200,20260825,20260901,36,0.036449999999999996,2.97325,10
compact_110_chem20260825_T1200_rate0p005,110,1200,20260825,20260901,37,0.03745,3.005426,10
compact_110_chem20260825_T1200_rate0p005,110,1200,20260825,20260901,38,0.03845,2.897131,10
compact_110_chem20260825_T1200_rate0p005,110,1200,20260825,20260901,39,0.03945,3.258209,10
compact_110_chem20260825_T1200_rate0p005,110,1200,20260825,20260901,40,0.04045,3.1387159999999996,10
compact_110_chem20260825_T1200_rate0p005,110,1200,20260825,20260901,41,0.04145,3.383954,10
compact_110_chem20260825_T1200_rate0p005,110,1200,20260825,20260901,42,0.04245,3.293959,10
compact_110_chem20260825_T1200_rate0p005,110,1200,20260825,20260901,43,0.04345,3.3787580000000004,10
compact_110_chem20260825_T1200_rate0p005,110,1200,20260825,20260901,44,0.04445,3.6342839999999996,10
compact_110_chem20260825_T1200_rate0p005,110,1200,20260825,20260901,45,0.045450000000000004,3.5965830000000003,10
compact_110_chem20260825_T1200_rate0p005,110,1200,20260825,20260901,46,0.04645,3.760915,10
compact_110_chem20260825_T1200_rate0p005,110,1200,20260825,20260901,47,0.04745,3.724731,10
compact_110_chem20260825_T1200_rate0p005,110,1200,20260825,20260901,48,0.04845,4.0419,10
compact_110_chem20260825_T1200_rate0p005,110,1200,20260825,20260901,49,0.04945,3.992558,10
compact_110_chem20260825_T1200_rate0p005,110,1200,20260825,20260901,50,0.050449999999999995,4.042229000000001,10
compact_110_chem20260825_T1200_rate0p005,110,1200,20260825,20260901,51,0.051449999999999996,4.131532,10
compact_110_chem20260825_T1200_rate0p005,110,1200,20260825,20260901,52,0.05245,4.208876,10
compact_110_chem20260825_T1200_rate0p005,110,1200,20260825,20260901,53,0.05345,4.4654229999999995,10
compact_110_chem20260825_T1200_rate0p005,110,1200,20260825,20260901,54,0.05445,4.275918,10
compact_110_chem20260825_T1200_rate0p005,110,1200,20260825,20260901,55,0.05545,4.586858000000001,10
compact_110_chem20260825_T1200_rate0p005,110,1200,20260825,20260901,56,0.05645,4.305362,10
compact_110_chem20260825_T1200_rate0p005,110,1200,20260825,20260901,57,0.05744999999999999,4.886436,10
compact_110_chem20260825_T1200_rate0p005,110,1200,20260825,20260901,58,0.05844999999999999,4.728848,10
compact_110_chem20260825_T1200_rate0p005,110,1200,20260825,20260901,59,0.05944999999999999,5.058382,10
compact_110_chem20260825_T1200_rate0p005,110,1200,20260825,20260901,60,0.06044999999999999,4.828765,10
compact_110_chem20260825_T1200_rate0p005,110,1200,20260825,20260901,61,0.06144999999999999,5.077798,10
compact_110_chem20260825_T1200_rate0p005,110,1200,20260825,20260901,62,0.06244999999999999,5.072324,10
compact_110_chem20260825_T1200_rate0p005,110,1200,20260825,20260901,63,0.06344999999999999,5.069164,10
compact_110_chem20260825_T1200_rate0p005,110,1200,20260825,20260901,64,0.06444999999999998,5.252460999999999,10
compact_110_chem20260825_T1200_rate0p005,110,1200,20260825,20260901,65,0.06544999999999998,5.345441,10
compact_110_chem20260825_T1200_rate0p005,110,1200,20260825,20260901,66,0.06644999999999998,5.38169,10
compact_110_chem20260825_T1200_rate0p005,110,1200,20260825,20260901,67,0.06744999999999998,5.342381,10
compact_110_chem20260825_T1200_rate0p005,110,1200,20260825,20260901,68,0.06844999999999998,5.542062,10
compact_110_chem20260825_T1200_rate0p005,110,1200,20260825,20260901,69,0.06944999999999998,5.581229,10
compact_110_chem20260825_T1200_rate0p005,110,1200,20260825,20260901,70,0.07044999999999998,5.941685,10
compact_110_chem20260825_T1200_rate0p005,110,1200,20260825,20260901,71,0.07144999999999999,5.700193999999999,10
compact_110_chem20260825_T1200_rate0p005,110,1200,20260825,20260901,72,0.07244999999999999,5.984763,10
compact_110_chem20260825_T1200_rate0p005,110,1200,20260825,20260901,73,0.07344999999999999,5.901479,10
compact_110_chem20260825_T1200_rate0p005,110,1200,20260825,20260901,74,0.07444999999999999,6.0901629999999995,10
compact_110_chem20260825_T1200_rate0p005,110,1200,20260825,20260901,75,0.07544999999999999,6.169992,10
compact_110_chem20260825_T1200_rate0p005,110,1200,20260825,20260901,76,0.07644999999999999,6.058196,10
compact_110_chem20260825_T1200_rate0p005,110,1200,20260825,20260901,77,0.07744999999999999,6.02395,10
compact_110_chem20260825_T1200_rate0p005,110,1200,20260825,20260901,78,0.07844999999999999,6.219704,10
compact_110_chem20260825_T1200_rate0p005,110,1200,20260825,20260901,79,0.07944999999999999,6.413782,10
compact_110_chem20260825_T1200_rate0p005,110,1200,20260825,20260901,80,0.08045,6.258587,10
compact_110_chem20260825_T1200_rate0p005,110,1200,20260825,20260901,81,0.08145,6.69533,10
compact_110_chem20260825_T1200_rate0p005,110,1200,20260825,20260901,82,0.08245,6.499029,10
compact_110_chem20260825_T1200_rate0p005,110,1200,20260825,20260901,83,0.08345,6.574986,10
compact_110_chem20260825_T1200_rate0p005,110,1200,20260825,20260901,84,0.08445,6.280458,10
compact_110_chem20260825_T1200_rate0p005,110,1200,20260825,20260901,85,0.08545,6.631775,10
compact_110_chem20260825_T1200_rate0p005,110,1200,20260825,20260901,86,0.08645,6.578386,10
compact_110_chem20260825_T1200_rate0p005,110,1200,20260825,20260901,87,0.08745,6.700972999999999,10
compact_110_chem20260825_T1200_rate0p005,110,1200,20260825,20260901,88,0.08845,6.950487,10
compact_110_chem20260825_T1200_rate0p005,110,1200,20260825,20260901,89,0.08945,6.861099,10
compact_110_chem20260825_T1200_rate0p005,110,1200,20260825,20260901,90,0.09045,7.3119060000000005,10
compact_110_chem20260825_T1200_rate0p005,110,1200,20260825,20260901,91,0.09145,7.144718,10
compact_110_chem20260825_T1200_rate0p005,110,1200,20260825,20260901,92,0.09245,6.977087,10
compact_110_chem20260825_T1200_rate0p005,110,1200,20260825,20260901,93,0.09345,7.196146000000001,10
compact_110_chem20260825_T1200_rate0p005,110,1200,20260825,20260901,94,0.09445,7.337967000000001,10
compact_110_chem20260825_T1200_rate0p005,110,1200,20260825,20260901,95,0.09545,6.895771999999999,10
compact_110_chem20260825_T1200_rate0p005,110,1200,20260825,20260901,96,0.09645,6.9363399999999995,10
compact_110_chem20260825_T1200_rate0p005,110,1200,20260825,20260901,97,0.09745,6.6289549999999995,10
compact_110_chem20260825_T1200_rate0p005,110,1200,20260825,20260901,98,0.09845,6.715158,10
compact_110_chem20260825_T1200_rate0p005,110,1200,20260825,20260901,99,0.09945,6.695326,10
compact_110_chem20260825_T1200_rate0p005,110,1200,20260825,20260901,100,0.10045,6.878051000000001,10
compact_110_chem20260825_T1200_rate0p005,110,1200,20260825,20260901,101,0.10145,6.869356000000001,10
compact_110_chem20260825_T1200_rate0p005,110,1200,20260825,20260901,102,0.10245,6.568799999999999,10
compact_110_chem20260825_T1200_rate0p005,110,1200,20260825,20260901,103,0.10345,6.45065,10
compact_110_chem20260825_T1200_rate0p005,110,1200,20260825,20260901,104,0.10445,6.476821000000001,10
compact_110_chem20260825_T1200_rate0p005,110,1200,20260825,20260901,105,0.10545,6.073427000000001,10
compact_110_chem20260825_T1200_rate0p005,110,1200,20260825,20260901,106,0.10645,5.560284,10
compact_110_chem20260825_T1200_rate0p005,110,1200,20260825,20260901,107,0.10745,5.5279739999999995,10
compact_110_chem20260825_T1200_rate0p005,110,1200,20260825,20260901,108,0.10845,5.514266999999999,10
compact_110_chem20260825_T1200_rate0p005,110,1200,20260825,20260901,109,0.10945,5.468512,10
compact_110_chem20260825_T1200_rate0p005,110,1200,20260825,20260901,110,0.11045,4.560042,10
compact_110_chem20260825_T1200_rate0p005,110,1200,20260825,20260901,111,0.11145000000000001,4.447598000000001,10
compact_110_chem20260825_T1200_rate0p005,110,1200,20260825,20260901,112,0.11245000000000001,3.9742939999999995,10
compact_110_chem20260825_T1200_rate0p005,110,1200,20260825,20260901,113,0.11345000000000001,3.529072,10
compact_110_chem20260825_T1200_rate0p005,110,1200,20260825,20260901,114,0.11445000000000001,2.755224,10
compact_110_chem20260825_T1200_rate0p005,110,1200,20260825,20260901,115,0.11545000000000001,2.7826139999999997,10
compact_110_chem20260825_T1200_rate0p005,110,1200,20260825,20260901,116,0.11645000000000001,2.4546660000000005,10
compact_110_chem20260825_T1200_rate0p005,110,1200,20260825,20260901,117,0.11745000000000001,2.124359,10
compact_110_chem20260825_T1200_rate0p005,110,1200,20260825,20260901,118,0.11844999999999999,1.911206,10
compact_110_chem20260825_T1200_rate0p005,110,1200,20260825,20260901,119,0.11945000000000001,1.926217,10
compact_110_chem20260825_T1200_rate0p005,110,1200,20260825,20260901,120,0.12044999999999999,1.6578060000000001,10
compact_110_chem20260825_T1200_rate0p005,110,1200,20260825,20260901,121,0.12144999999999999,1.6109550000000001,10
compact_110_chem20260825_T1200_rate0p005,110,1200,20260825,20260901,122,0.12244999999999999,1.3426900000000002,10
compact_110_chem20260825_T1200_rate0p005,110,1200,20260825,20260901,123,0.12344999999999999,1.2218995000000001,10
compact_110_chem20260825_T1200_rate0p005,110,1200,20260825,20260901,124,0.12444999999999999,1.3459111,10
compact_110_chem20260825_T1200_rate0p005,110,1200,20260825,20260901,125,0.12544999999999998,0.9262036000000002,10
compact_110_chem20260825_T1200_rate0p005,110,1200,20260825,20260901,126,0.12645,1.0917679,10
compact_110_chem20260825_T1200_rate0p005,110,1200,20260825,20260901,127,0.12744999999999998,0.8544155999999999,10
compact_110_chem20260825_T1200_rate0p005,110,1200,20260825,20260901,128,0.12845,0.7999856,10
compact_110_chem20260825_T1200_rate0p005,110,1200,20260825,20260901,129,0.12944999999999998,0.9482793999999999,10
compact_110_chem20260825_T1200_rate0p005,110,1200,20260825,20260901,130,0.13045,0.6126622,10
compact_110_chem20260825_T1200_rate0p005,110,1200,20260825,20260901,131,0.13144999999999998,0.6258308,10
compact_110_chem20260825_T1200_rate0p005,110,1200,20260825,20260901,132,0.13245,0.68051,10
compact_110_chem20260825_T1200_rate0p005,110,1200,20260825,20260901,133,0.13344999999999999,0.4591558,10
compact_110_chem20260825_T1200_rate0p005,110,1200,20260825,20260901,134,0.13445000000000001,0.8517838,10
compact_110_chem20260825_T1200_rate0p005,110,1200,20260825,20260901,135,0.13545,0.4196721,10
compact_110_chem20260825_T1200_rate0p005,110,1200,20260825,20260901,136,0.13645000000000002,0.6720639,10
compact_110_chem20260825_T1200_rate0p005,110,1200,20260825,20260901,137,0.13745,0.5949981,10
compact_110_chem20260825_T1200_rate0p005,110,1200,20260825,20260901,138,0.13845000000000002,0.413431,10
compact_110_chem20260825_T1200_rate0p005,110,1200,20260825,20260901,139,0.13945,0.6486152000000001,10
compact_110_chem20260825_T1200_rate0p005,110,1200,20260825,20260901,140,0.14045000000000002,0.49336260000000004,10
compact_110_chem20260825_T1200_rate0p005,110,1200,20260825,20260901,141,0.14145,0.5398153,10
compact_110_chem20260825_T1200_rate0p005,110,1200,20260825,20260901,142,0.14245000000000002,0.849821,10
compact_110_chem20260825_T1200_rate0p005,110,1200,20260825,20260901,143,0.14345,1.003028,10
compact_110_chem20260825_T1200_rate0p005,110,1200,20260825,20260901,144,0.14445000000000002,0.8483539,10
compact_110_chem20260825_T1200_rate0p005,110,1200,20260825,20260901,145,0.14545,0.8274412,10
compact_110_chem20260825_T1200_rate0p005,110,1200,20260825,20260901,146,0.14645000000000002,0.9222387,10
compact_110_chem20260825_T1200_rate0p005,110,1200,20260825,20260901,147,0.14745,0.6144010000000001,10
compact_110_chem20260825_T1200_rate0p005,110,1200,20260825,20260901,148,0.14845000000000003,0.9743137,10
compact_110_chem20260825_T1200_rate0p005,110,1200,20260825,20260901,149,0.14945,0.7362808000000001,10
compact_110_chem20260825_T1200_rate0p005,110,1200,20260825,20260901,150,0.15045000000000003,1.3389210000000002,10
compact_110_chem20260825_T1200_rate0p005,110,1200,20260825,20260901,151,0.15145,1.2085224,10
compact_110_chem20260825_T1200_rate0p005,110,1200,20260825,20260901,152,0.15245000000000003,0.9956322999999999,10
compact_110_chem20260825_T1200_rate0p005,110,1200,20260825,20260901,153,0.15345,1.2206974,10
compact_110_chem20260825_T1200_rate0p005,110,1200,20260825,20260901,154,0.15445000000000003,0.9512,10
compact_110_chem20260825_T1200_rate0p005,110,1200,20260825,20260901,155,0.15545,1.3775869999999997,10
compact_110_chem20260825_T1200_rate0p005,110,1200,20260825,20260901,156,0.15645000000000003,1.055762,10
compact_110_chem20260825_T1200_rate0p005,110,1200,20260825,20260901,157,0.15745,1.43608,10
compact_110_chem20260825_T1200_rate0p005,110,1200,20260825,20260901,158,0.15845000000000004,1.366085,10
compact_110_chem20260825_T1200_rate0p005,110,1200,20260825,20260901,159,0.15944999999999998,1.3913100000000003,10
compact_110_chem20260825_T1200_rate0p005,110,1200,20260825,20260901,160,0.16045,1.67958,10
compact_110_chem20260825_T1200_rate0p005,110,1200,20260825,20260901,161,0.16144999999999998,1.6337429999999997,10
compact_110_chem20260825_T1200_rate0p005,110,1200,20260825,20260901,162,0.16245,1.8169809999999997,10
compact_110_chem20260825_T1200_rate0p005,110,1200,20260825,20260901,163,0.16344999999999998,1.8052439999999996,10
compact_110_chem20260825_T1200_rate0p005,110,1200,20260825,20260901,164,0.16445,1.737156,10
compact_110_chem20260825_T1200_rate0p005,110,1200,20260825,20260901,165,0.16544999999999999,2.0490880000000002,10
compact_110_chem20260825_T1200_rate0p005,110,1200,20260825,20260901,166,0.16645000000000001,1.922106,10
compact_110_chem20260825_T1200_rate0p005,110,1200,20260825,20260901,167,0.16745,1.8766159999999998,10
compact_110_chem20260825_T1200_rate0p005,110,1200,20260825,20260901,168,0.16845000000000002,2.147201,10
compact_110_chem20260825_T1200_rate0p005,110,1200,20260825,20260901,169,0.16945,1.9288589999999999,10
compact_110_chem20260825_T1200_rate0p005,110,1200,20260825,20260901,170,0.17045000000000002,2.169778,10
compact_110_chem20260825_T1200_rate0p005,110,1200,20260825,20260901,171,0.17145,2.293673,10
compact_110_chem20260825_T1200_rate0p005,110,1200,20260825,20260901,172,0.17245000000000002,2.189369,10
compact_110_chem20260825_T1200_rate0p005,110,1200,20260825,20260901,173,0.17345,2.458484,10
compact_110_chem20260825_T1200_rate0p005,110,1200,20260825,20260901,174,0.17445000000000002,2.218365,10
compact_110_chem20260825_T1200_rate0p005,110,1200,20260825,20260901,175,0.17545,2.343393,10
compact_110_chem20260825_T1200_rate0p005,110,1200,20260825,20260901,176,0.17645000000000002,2.458994,10
compact_110_chem20260825_T1200_rate0p005,110,1200,20260825,20260901,177,0.17745,2.367017,10
compact_110_chem20260825_T1200_rate0p005,110,1200,20260825,20260901,178,0.17845,2.621889,10
compact_110_chem20260825_T1200_rate0p005,110,1200,20260825,20260901,179,0.17944999999999997,2.6040389999999998,10
compact_110_chem20260825_T1200_rate0p005,110,1200,20260825,20260901,180,0.18045,2.8631260000000003,10
compact_110_chem20260825_T1200_rate0p005,110,1200,20260825,20260901,181,0.18144999999999997,2.703378,10
compact_110_chem20260825_T1200_rate0p005,110,1200,20260825,20260901,182,0.18245,2.67086,10
compact_110_chem20260825_T1200_rate0p005,110,1200,20260825,20260901,183,0.18344999999999997,3.0588089999999997,10
compact_110_chem20260825_T1200_rate0p005,110,1200,20260825,20260901,184,0.18445,2.9752840000000003,10
compact_110_chem20260825_T1200_rate0p005,110,1200,20260825,20260901,185,0.18544999999999998,2.93926,10
compact_110_chem20260825_T1200_rate0p005,110,1200,20260825,20260901,186,0.18645,3.0930009999999997,10
compact_110_chem20260825_T1200_rate0p005,110,1200,20260825,20260901,187,0.18744999999999998,3.2296950000000004,10
compact_110_chem20260825_T1200_rate0p005,110,1200,20260825,20260901,188,0.18845,3.3609050000000003,10
compact_110_chem20260825_T1200_rate0p005,110,1200,20260825,20260901,189,0.18944999999999998,3.3458729999999997,10
compact_110_chem20260825_T1200_rate0p005,110,1200,20260825,20260901,190,0.19045,3.561688,10
compact_110_chem20260825_T1200_rate0p005,110,1200,20260825,20260901,191,0.19144999999999998,3.5539490000000002,10
compact_110_chem20260825_T1200_rate0p005,110,1200,20260825,20260901,192,0.19245,3.666626,10
compact_110_chem20260825_T1200_rate0p005,110,1200,20260825,20260901,193,0.19344999999999998,3.588944,10
compact_110_chem20260825_T1200_rate0p005,110,1200,20260825,20260901,194,0.19445,3.5274659999999995,10
compact_110_chem20260825_T1200_rate0p005,110,1200,20260825,20260901,195,0.19544999999999998,3.7854590000000004,10
compact_110_chem20260825_T1200_rate0p005,110,1200,20260825,20260901,196,0.19645,3.5881750000000006,10
compact_110_chem20260825_T1200_rate0p005,110,1200,20260825,20260901,197,0.19745,3.7620070000000005,10
compact_110_chem20260825_T1200_rate0p005,110,1200,20260825,20260901,198,0.19845000000000002,4.029755,10
compact_110_chem20260825_T1200_rate0p005,110,1200,20260825,20260901,199,0.19945,4.089506000000001,10
compact_110_chem20260825_T1200_rate0p005,110,1200,20260825,20260901,200,0.2,4.1461,1
compact_110_chem20262843_T1200_rate0p005,110,1200,20262843,20260903,0,0.0004499999999999578,0.009943939999999995,10
compact_110_chem20262843_T1200_rate0p005,110,1200,20262843,20260903,1,0.0014500000000000001,0.3295712,10
compact_110_chem20262843_T1200_rate0p005,110,1200,20262843,20260903,2,0.00245,0.06253233,10
compact_110_chem20262843_T1200_rate0p005,110,1200,20262843,20260903,3,0.0034500000000000004,0.43450560000000005,10
compact_110_chem20262843_T1200_rate0p005,110,1200,20262843,20260903,4,0.00445,0.1193817,10
compact_110_chem20262843_T1200_rate0p005,110,1200,20262843,20260903,5,0.005450000000000001,0.54778364,10
compact_110_chem20262843_T1200_rate0p005,110,1200,20262843,20260903,6,0.00645,0.57422012,10
compact_110_chem20262843_T1200_rate0p005,110,1200,20262843,20260903,7,0.007450000000000001,0.5890070000000001,10
compact_110_chem20262843_T1200_rate0p005,110,1200,20262843,20260903,8,0.008450000000000001,0.7163386,10
compact_110_chem20262843_T1200_rate0p005,110,1200,20262843,20260903,9,0.00945,0.7122904,10
compact_110_chem20262843_T1200_rate0p005,110,1200,20262843,20260903,10,0.010450000000000001,0.8426425999999999,10
compact_110_chem20262843_T1200_rate0p005,110,1200,20262843,20260903,11,0.011450000000000002,0.7954230000000001,10
compact_110_chem20262843_T1200_rate0p005,110,1200,20262843,20260903,12,0.01245,1.067769,10
compact_110_chem20262843_T1200_rate0p005,110,1200,20262843,20260903,13,0.013449999999999998,1.0146399000000002,10
compact_110_chem20262843_T1200_rate0p005,110,1200,20262843,20260903,14,0.01445,1.200199,10
compact_110_chem20262843_T1200_rate0p005,110,1200,20262843,20260903,15,0.01545,1.1878981,10
compact_110_chem20262843_T1200_rate0p005,110,1200,20262843,20260903,16,0.01645,1.407812,10
compact_110_chem20262843_T1200_rate0p005,110,1200,20262843,20260903,17,0.01745,1.5430769999999998,10
compact_110_chem20262843_T1200_rate0p005,110,1200,20262843,20260903,18,0.01845,1.594373,10
compact_110_chem20262843_T1200_rate0p005,110,1200,20262843,20260903,19,0.019450000000000002,1.676335,10
compact_110_chem20262843_T1200_rate0p005,110,1200,20262843,20260903,20,0.02045,1.747589,10
compact_110_chem20262843_T1200_rate0p005,110,1200,20262843,20260903,21,0.02145,1.751413,10
compact_110_chem20262843_T1200_rate0p005,110,1200,20262843,20260903,22,0.02245,1.780027,10
compact_110_chem20262843_T1200_rate0p005,110,1200,20262843,20260903,23,0.023450000000000002,1.84758,10
compact_110_chem20262843_T1200_rate0p005,110,1200,20262843,20260903,24,0.02445,2.1529650000000005,10
compact_110_chem20262843_T1200_rate0p005,110,1200,20262843,20260903,25,0.02545,2.373367,10
compact_110_chem20262843_T1200_rate0p005,110,1200,20262843,20260903,26,0.026449999999999994,2.3187140000000004,10
compact_110_chem20262843_T1200_rate0p005,110,1200,20262843,20260903,27,0.027449999999999995,2.430245,10
compact_110_chem20262843_T1200_rate0p005,110,1200,20262843,20260903,28,0.028449999999999996,2.343592,10
compact_110_chem20262843_T1200_rate0p005,110,1200,20262843,20260903,29,0.029449999999999997,2.258095,10
compact_110_chem20262843_T1200_rate0p005,110,1200,20262843,20260903,30,0.030449999999999998,2.572719,10
compact_110_chem20262843_T1200_rate0p005,110,1200,20262843,20260903,31,0.03144999999999999,2.49604,10
compact_110_chem20262843_T1200_rate0p005,110,1200,20262843,20260903,32,0.03244999999999999,2.534415,10
compact_110_chem20262843_T1200_rate0p005,110,1200,20262843,20260903,33,0.033449999999999994,2.7375990000000003,10
compact_110_chem20262843_T1200_rate0p005,110,1200,20262843,20260903,34,0.034449999999999995,2.646856,10
compact_110_chem20262843_T1200_rate0p005,110,1200,20262843,20260903,35,0.035449999999999995,2.982785,10
compact_110_chem20262843_T1200_rate0p005,110,1200,20262843,20260903,36,0.036449999999999996,2.986808,10
compact_110_chem20262843_T1200_rate0p005,110,1200,20262843,20260903,37,0.03745,3.2073479999999996,10
compact_110_chem20262843_T1200_rate0p005,110,1200,20262843,20260903,38,0.03845,3.0887059999999997,10
compact_110_chem20262843_T1200_rate0p005,110,1200,20262843,20260903,39,0.03945,3.4193799999999994,10
compact_110_chem20262843_T1200_rate0p005,110,1200,20262843,20260903,40,0.04045,3.2693420000000004,10
compact_110_chem20262843_T1200_rate0p005,110,1200,20262843,20260903,41,0.04145,3.604645,10
compact_110_chem20262843_T1200_rate0p005,110,1200,20262843,20260903,42,0.04245,3.527574,10
compact_110_chem20262843_T1200_rate0p005,110,1200,20262843,20260903,43,0.04345,3.741682,10
compact_110_chem20262843_T1200_rate0p005,110,1200,20262843,20260903,44,0.04445,3.718097,10
compact_110_chem20262843_T1200_rate0p005,110,1200,20262843,20260903,45,0.045450000000000004,3.81776,10
compact_110_chem20262843_T1200_rate0p005,110,1200,20262843,20260903,46,0.04645,3.7868309999999994,10
compact_110_chem20262843_T1200_rate0p005,110,1200,20262843,20260903,47,0.04745,3.9225049999999997,10
compact_110_chem20262843_T1200_rate0p005,110,1200,20262843,20260903,48,0.04845,4.180974999999999,10
compact_110_chem20262843_T1200_rate0p005,110,1200,20262843,20260903,49,0.04945,4.351536,10
compact_110_chem20262843_T1200_rate0p005,110,1200,20262843,20260903,50,0.050449999999999995,4.125981,10
compact_110_chem20262843_T1200_rate0p005,110,1200,20262843,20260903,51,0.051449999999999996,4.39729,10
compact_110_chem20262843_T1200_rate0p005,110,1200,20262843,20260903,52,0.05245,4.53465,10
compact_110_chem20262843_T1200_rate0p005,110,1200,20262843,20260903,53,0.05345,4.5790049999999995,10
compact_110_chem20262843_T1200_rate0p005,110,1200,20262843,20260903,54,0.05445,4.646127,10
compact_110_chem20262843_T1200_rate0p005,110,1200,20262843,20260903,55,0.05545,4.7331010000000004,10
compact_110_chem20262843_T1200_rate0p005,110,1200,20262843,20260903,56,0.05645,4.7467179999999995,10
compact_110_chem20262843_T1200_rate0p005,110,1200,20262843,20260903,57,0.05744999999999999,5.021967,10
compact_110_chem20262843_T1200_rate0p005,110,1200,20262843,20260903,58,0.05844999999999999,4.907401,10
compact_110_chem20262843_T1200_rate0p005,110,1200,20262843,20260903,59,0.05944999999999999,5.156488,10
compact_110_chem20262843_T1200_rate0p005,110,1200,20262843,20260903,60,0.06044999999999999,5.160290000000001,10
compact_110_chem20262843_T1200_rate0p005,110,1200,20262843,20260903,61,0.06144999999999999,5.205757,10
compact_110_chem20262843_T1200_rate0p005,110,1200,20262843,20260903,62,0.06244999999999999,5.149638999999999,10
compact_110_chem20262843_T1200_rate0p005,110,1200,20262843,20260903,63,0.06344999999999999,5.233102000000001,10
compact_110_chem20262843_T1200_rate0p005,110,1200,20262843,20260903,64,0.06444999999999998,5.550678,10
compact_110_chem20262843_T1200_rate0p005,110,1200,20262843,20260903,65,0.06544999999999998,5.3065240000000005,10
compact_110_chem20262843_T1200_rate0p005,110,1200,20262843,20260903,66,0.06644999999999998,5.5916440000000005,10
compact_110_chem20262843_T1200_rate0p005,110,1200,20262843,20260903,67,0.06744999999999998,5.945027999999999,10
compact_110_chem20262843_T1200_rate0p005,110,1200,20262843,20260903,68,0.06844999999999998,5.757405,10
compact_110_chem20262843_T1200_rate0p005,110,1200,20262843,20260903,69,0.06944999999999998,5.946164999999999,10
compact_110_chem20262843_T1200_rate0p005,110,1200,20262843,20260903,70,0.07044999999999998,5.9814549999999995,10
compact_110_chem20262843_T1200_rate0p005,110,1200,20262843,20260903,71,0.07144999999999999,5.934024,10
compact_110_chem20262843_T1200_rate0p005,110,1200,20262843,20260903,72,0.07244999999999999,5.963308,10
compact_110_chem20262843_T1200_rate0p005,110,1200,20262843,20260903,73,0.07344999999999999,6.385434,10
compact_110_chem20262843_T1200_rate0p005,110,1200,20262843,20260903,74,0.07444999999999999,6.179483,10
compact_110_chem20262843_T1200_rate0p005,110,1200,20262843,20260903,75,0.07544999999999999,6.358839999999999,10
compact_110_chem20262843_T1200_rate0p005,110,1200,20262843,20260903,76,0.07644999999999999,6.308889000000001,10
compact_110_chem20262843_T1200_rate0p005,110,1200,20262843,20260903,77,0.07744999999999999,6.482170999999999,10
compact_110_chem20262843_T1200_rate0p005,110,1200,20262843,20260903,78,0.07844999999999999,6.481281999999998,10
compact_110_chem20262843_T1200_rate0p005,110,1200,20262843,20260903,79,0.07944999999999999,6.6158209999999995,10
compact_110_chem20262843_T1200_rate0p005,110,1200,20262843,20260903,80,0.08045,6.6031770000000005,10
compact_110_chem20262843_T1200_rate0p005,110,1200,20262843,20260903,81,0.08145,6.755292,10
compact_110_chem20262843_T1200_rate0p005,110,1200,20262843,20260903,82,0.08245,6.766099,10
compact_110_chem20262843_T1200_rate0p005,110,1200,20262843,20260903,83,0.08345,6.746544,10
compact_110_chem20262843_T1200_rate0p005,110,1200,20262843,20260903,84,0.08445,6.894744,10
compact_110_chem20262843_T1200_rate0p005,110,1200,20262843,20260903,85,0.08545,6.9250169999999995,10
compact_110_chem20262843_T1200_rate0p005,110,1200,20262843,20260903,86,0.08645,7.0614609999999995,10
compact_110_chem20262843_T1200_rate0p005,110,1200,20262843,20260903,87,0.08745,7.124613999999999,10
compact_110_chem20262843_T1200_rate0p005,110,1200,20262843,20260903,88,0.08845,7.410155999999999,10
compact_110_chem20262843_T1200_rate0p005,110,1200,20262843,20260903,89,0.08945,7.090166000000001,10
compact_110_chem20262843_T1200_rate0p005,110,1200,20262843,20260903,90,0.09045,7.43151,10
compact_110_chem20262843_T1200_rate0p005,110,1200,20262843,20260903,91,0.09145,7.208037,10
compact_110_chem20262843_T1200_rate0p005,110,1200,20262843,20260903,92,0.09245,7.448324000000001,10
compact_110_chem20262843_T1200_rate0p005,110,1200,20262843,20260903,93,0.09345,7.661444999999999,10
compact_110_chem20262843_T1200_rate0p005,110,1200,20262843,20260903,94,0.09445,7.614524,10
compact_110_chem20262843_T1200_rate0p005,110,1200,20262843,20260903,95,0.09545,7.850332999999999,10
compact_110_chem20262843_T1200_rate0p005,110,1200,20262843,20260903,96,0.09645,7.694185,10
compact_110_chem20262843_T1200_rate0p005,110,1200,20262843,20260903,97,0.09745,7.5547369999999985,10
compact_110_chem20262843_T1200_rate0p005,110,1200,20262843,20260903,98,0.09845,7.305185999999999,10
compact_110_chem20262843_T1200_rate0p005,110,1200,20262843,20260903,99,0.09945,7.528029999999999,10
compact_110_chem20262843_T1200_rate0p005,110,1200,20262843,20260903,100,0.10045,7.609941999999999,10
compact_110_chem20262843_T1200_rate0p005,110,1200,20262843,20260903,101,0.10145,7.580675000000001,10
compact_110_chem20262843_T1200_rate0p005,110,1200,20262843,20260903,102,0.10245,7.492367,10
compact_110_chem20262843_T1200_rate0p005,110,1200,20262843,20260903,103,0.10345,7.135365999999999,10
compact_110_chem20262843_T1200_rate0p005,110,1200,20262843,20260903,104,0.10445,6.857678,10
compact_110_chem20262843_T1200_rate0p005,110,1200,20262843,20260903,105,0.10545,7.042778,10
compact_110_chem20262843_T1200_rate0p005,110,1200,20262843,20260903,106,0.10645,6.990012,10
compact_110_chem20262843_T1200_rate0p005,110,1200,20262843,20260903,107,0.10745,6.799810000000001,10
compact_110_chem20262843_T1200_rate0p005,110,1200,20262843,20260903,108,0.10845,6.381582,10
compact_110_chem20262843_T1200_rate0p005,110,1200,20262843,20260903,109,0.10945,5.767041,10
compact_110_chem20262843_T1200_rate0p005,110,1200,20262843,20260903,110,0.11045,5.529282,10
compact_110_chem20262843_T1200_rate0p005,110,1200,20262843,20260903,111,0.11145000000000001,5.121763,10
compact_110_chem20262843_T1200_rate0p005,110,1200,20262843,20260903,112,0.11245000000000001,4.578816,10
compact_110_chem20262843_T1200_rate0p005,110,1200,20262843,20260903,113,0.11345000000000001,4.476786,10
compact_110_chem20262843_T1200_rate0p005,110,1200,20262843,20260903,114,0.11445000000000001,3.6867069999999997,10
compact_110_chem20262843_T1200_rate0p005,110,1200,20262843,20260903,115,0.11545000000000001,3.5239559999999996,10
compact_110_chem20262843_T1200_rate0p005,110,1200,20262843,20260903,116,0.11645000000000001,3.4932430000000005,10
compact_110_chem20262843_T1200_rate0p005,110,1200,20262843,20260903,117,0.11745000000000001,3.566363,10
compact_110_chem20262843_T1200_rate0p005,110,1200,20262843,20260903,118,0.11844999999999999,3.338937,10
compact_110_chem20262843_T1200_rate0p005,110,1200,20262843,20260903,119,0.11945000000000001,3.101654,10
compact_110_chem20262843_T1200_rate0p005,110,1200,20262843,20260903,120,0.12044999999999999,2.8048240000000004,10
compact_110_chem20262843_T1200_rate0p005,110,1200,20262843,20260903,121,0.12144999999999999,2.9945720000000002,10
compact_110_chem20262843_T1200_rate0p005,110,1200,20262843,20260903,122,0.12244999999999999,3.051503,10
compact_110_chem20262843_T1200_rate0p005,110,1200,20262843,20260903,123,0.12344999999999999,2.6752160000000003,10
compact_110_chem20262843_T1200_rate0p005,110,1200,20262843,20260903,124,0.12444999999999999,2.951321,10
compact_110_chem20262843_T1200_rate0p005,110,1200,20262843,20260903,125,0.12544999999999998,3.1023400000000003,10
compact_110_chem20262843_T1200_rate0p005,110,1200,20262843,20260903,126,0.12645,2.8986870000000002,10
compact_110_chem20262843_T1200_rate0p005,110,1200,20262843,20260903,127,0.12744999999999998,3.4609810000000003,10
compact_110_chem20262843_T1200_rate0p005,110,1200,20262843,20260903,128,0.12845,3.2067010000000002,10
compact_110_chem20262843_T1200_rate0p005,110,1200,20262843,20260903,129,0.12944999999999998,3.2206330000000003,10
compact_110_chem20262843_T1200_rate0p005,110,1200,20262843,20260903,130,0.13045,3.164387,10
compact_110_chem20262843_T1200_rate0p005,110,1200,20262843,20260903,131,0.13144999999999998,3.427568,10
compact_110_chem20262843_T1200_rate0p005,110,1200,20262843,20260903,132,0.13245,3.105797,10
compact_110_chem20262843_T1200_rate0p005,110,1200,20262843,20260903,133,0.13344999999999999,3.244356,10
compact_110_chem20262843_T1200_rate0p005,110,1200,20262843,20260903,134,0.13445000000000001,3.208193,10
compact_110_chem20262843_T1200_rate0p005,110,1200,20262843,20260903,135,0.13545,3.1395790000000003,10
compact_110_chem20262843_T1200_rate0p005,110,1200,20262843,20260903,136,0.13645000000000002,3.069159,10
compact_110_chem20262843_T1200_rate0p005,110,1200,20262843,20260903,137,0.13745,3.3119319999999997,10
compact_110_chem20262843_T1200_rate0p005,110,1200,20262843,20260903,138,0.13845000000000002,3.125035,10
compact_110_chem20262843_T1200_rate0p005,110,1200,20262843,20260903,139,0.13945,3.3538930000000002,10
compact_110_chem20262843_T1200_rate0p005,110,1200,20262843,20260903,140,0.14045000000000002,3.3738369999999995,10
compact_110_chem20262843_T1200_rate0p005,110,1200,20262843,20260903,141,0.14145,3.0658209999999997,10
compact_110_chem20262843_T1200_rate0p005,110,1200,20262843,20260903,142,0.14245000000000002,3.563416,10
compact_110_chem20262843_T1200_rate0p005,110,1200,20262843,20260903,143,0.14345,3.151483,10
compact_110_chem20262843_T1200_rate0p005,110,1200,20262843,20260903,144,0.14445000000000002,3.2873309999999996,10
compact_110_chem20262843_T1200_rate0p005,110,1200,20262843,20260903,145,0.14545,3.3008900000000003,10
compact_110_chem20262843_T1200_rate0p005,110,1200,20262843,20260903,146,0.14645000000000002,3.171679,10
compact_110_chem20262843_T1200_rate0p005,110,1200,20262843,20260903,147,0.14745,2.931315,10
compact_110_chem20262843_T1200_rate0p005,110,1200,20262843,20260903,148,0.14845000000000003,2.9413,10
compact_110_chem20262843_T1200_rate0p005,110,1200,20262843,20260903,149,0.14945,2.5864459999999996,10
compact_110_chem20262843_T1200_rate0p005,110,1200,20262843,20260903,150,0.15045000000000003,2.5445219999999997,10
compact_110_chem20262843_T1200_rate0p005,110,1200,20262843,20260903,151,0.15145,2.498562,10
compact_110_chem20262843_T1200_rate0p005,110,1200,20262843,20260903,152,0.15245000000000003,2.2823900000000004,10
compact_110_chem20262843_T1200_rate0p005,110,1200,20262843,20260903,153,0.15345,1.8457180000000002,10
compact_110_chem20262843_T1200_rate0p005,110,1200,20262843,20260903,154,0.15445000000000003,1.734137,10
compact_110_chem20262843_T1200_rate0p005,110,1200,20262843,20260903,155,0.15545,1.6761399999999997,10
compact_110_chem20262843_T1200_rate0p005,110,1200,20262843,20260903,156,0.15645000000000003,1.582106,10
compact_110_chem20262843_T1200_rate0p005,110,1200,20262843,20260903,157,0.15745,1.539187,10
compact_110_chem20262843_T1200_rate0p005,110,1200,20262843,20260903,158,0.15845000000000004,1.624913,10
compact_110_chem20262843_T1200_rate0p005,110,1200,20262843,20260903,159,0.15944999999999998,1.8183150000000001,10
compact_110_chem20262843_T1200_rate0p005,110,1200,20262843,20260903,160,0.16045,1.845759,10
compact_110_chem20262843_T1200_rate0p005,110,1200,20262843,20260903,161,0.16144999999999998,1.633137,10
compact_110_chem20262843_T1200_rate0p005,110,1200,20262843,20260903,162,0.16245,1.7093900000000002,10
compact_110_chem20262843_T1200_rate0p005,110,1200,20262843,20260903,163,0.16344999999999998,1.70335,10
compact_110_chem20262843_T1200_rate0p005,110,1200,20262843,20260903,164,0.16445,1.7794059999999998,10
compact_110_chem20262843_T1200_rate0p005,110,1200,20262843,20260903,165,0.16544999999999999,1.749652,10
compact_110_chem20262843_T1200_rate0p005,110,1200,20262843,20260903,166,0.16645000000000001,1.8936060000000001,10
compact_110_chem20262843_T1200_rate0p005,110,1200,20262843,20260903,167,0.16745,2.017572,10
compact_110_chem20262843_T1200_rate0p005,110,1200,20262843,20260903,168,0.16845000000000002,2.270519,10
compact_110_chem20262843_T1200_rate0p005,110,1200,20262843,20260903,169,0.16945,2.0622879999999997,10
compact_110_chem20262843_T1200_rate0p005,110,1200,20262843,20260903,170,0.17045000000000002,2.281256,10
compact_110_chem20262843_T1200_rate0p005,110,1200,20262843,20260903,171,0.17145,2.192905,10
compact_110_chem20262843_T1200_rate0p005,110,1200,20262843,20260903,172,0.17245000000000002,2.452654,10
compact_110_chem20262843_T1200_rate0p005,110,1200,20262843,20260903,173,0.17345,2.533077,10
compact_110_chem20262843_T1200_rate0p005,110,1200,20262843,20260903,174,0.17445000000000002,2.244195,10
compact_110_chem20262843_T1200_rate0p005,110,1200,20262843,20260903,175,0.17545,2.5260559999999996,10
compact_110_chem20262843_T1200_rate0p005,110,1200,20262843,20260903,176,0.17645000000000002,2.649802,10
compact_110_chem20262843_T1200_rate0p005,110,1200,20262843,20260903,177,0.17745,2.394863,10
compact_110_chem20262843_T1200_rate0p005,110,1200,20262843,20260903,178,0.17845,2.7168849999999996,10
compact_110_chem20262843_T1200_rate0p005,110,1200,20262843,20260903,179,0.17944999999999997,2.613326,10
compact_110_chem20262843_T1200_rate0p005,110,1200,20262843,20260903,180,0.18045,2.9070690000000003,10
compact_110_chem20262843_T1200_rate0p005,110,1200,20262843,20260903,181,0.18144999999999997,2.8340009999999998,10
compact_110_chem20262843_T1200_rate0p005,110,1200,20262843,20260903,182,0.18245,2.9084899999999996,10
compact_110_chem20262843_T1200_rate0p005,110,1200,20262843,20260903,183,0.18344999999999997,2.9010109999999996,10
compact_110_chem20262843_T1200_rate0p005,110,1200,20262843,20260903,184,0.18445,3.100615,10
compact_110_chem20262843_T1200_rate0p005,110,1200,20262843,20260903,185,0.18544999999999998,3.184284,10
compact_110_chem20262843_T1200_rate0p005,110,1200,20262843,20260903,186,0.18645,3.150565,10
compact_110_chem20262843_T1200_rate0p005,110,1200,20262843,20260903,187,0.18744999999999998,3.2547940000000004,10
compact_110_chem20262843_T1200_rate0p005,110,1200,20262843,20260903,188,0.18845,3.193852,10
compact_110_chem20262843_T1200_rate0p005,110,1200,20262843,20260903,189,0.18944999999999998,3.405485,10
compact_110_chem20262843_T1200_rate0p005,110,1200,20262843,20260903,190,0.19045,3.4105490000000005,10
compact_110_chem20262843_T1200_rate0p005,110,1200,20262843,20260903,191,0.19144999999999998,3.630873,10
compact_110_chem20262843_T1200_rate0p005,110,1200,20262843,20260903,192,0.19245,3.6138929999999996,10
compact_110_chem20262843_T1200_rate0p005,110,1200,20262843,20260903,193,0.19344999999999998,3.779918,10
compact_110_chem20262843_T1200_rate0p005,110,1200,20262843,20260903,194,0.19445,3.7178750000000003,10
compact_110_chem20262843_T1200_rate0p005,110,1200,20262843,20260903,195,0.19544999999999998,4.023965,10
compact_110_chem20262843_T1200_rate0p005,110,1200,20262843,20260903,196,0.19645,3.7293119999999993,10
compact_110_chem20262843_T1200_rate0p005,110,1200,20262843,20260903,197,0.19745,3.959209,10
compact_110_chem20262843_T1200_rate0p005,110,1200,20262843,20260903,198,0.19845000000000002,3.859298999999999,10
compact_110_chem20262843_T1200_rate0p005,110,1200,20262843,20260903,199,0.19945,3.945124,10
compact_110_chem20262843_T1200_rate0p005,110,1200,20262843,20260903,200,0.2,3.8537,1
compact_110_chem20264861_T1200_rate0p005,110,1200,20264861,20260907,0,0.0004500000000000422,0.053733089,10
compact_110_chem20264861_T1200_rate0p005,110,1200,20264861,20260907,1,0.0014500000000000001,0.19315132,10
compact_110_chem20264861_T1200_rate0p005,110,1200,20264861,20260907,2,0.00245,-0.013162426799999998,10
compact_110_chem20264861_T1200_rate0p005,110,1200,20264861,20260907,3,0.0034500000000000004,0.11695560699999999,10
compact_110_chem20264861_T1200_rate0p005,110,1200,20264861,20260907,4,0.00445,0.5163312,10
compact_110_chem20264861_T1200_rate0p005,110,1200,20264861,20260907,5,0.005450000000000001,0.2969558,10
compact_110_chem20264861_T1200_rate0p005,110,1200,20264861,20260907,6,0.00645,0.5915813,10
compact_110_chem20264861_T1200_rate0p005,110,1200,20264861,20260907,7,0.007450000000000001,0.3435134,10
compact_110_chem20264861_T1200_rate0p005,110,1200,20264861,20260907,8,0.008450000000000001,0.6323646,10
compact_110_chem20264861_T1200_rate0p005,110,1200,20264861,20260907,9,0.00945,0.6092131000000001,10
compact_110_chem20264861_T1200_rate0p005,110,1200,20264861,20260907,10,0.010450000000000001,0.8968710999999999,10
compact_110_chem20264861_T1200_rate0p005,110,1200,20264861,20260907,11,0.011450000000000002,0.8861623,10
compact_110_chem20264861_T1200_rate0p005,110,1200,20264861,20260907,12,0.01245,0.8460525999999999,10
compact_110_chem20264861_T1200_rate0p005,110,1200,20264861,20260907,13,0.013449999999999998,1.1765767999999999,10
compact_110_chem20264861_T1200_rate0p005,110,1200,20264861,20260907,14,0.01445,1.0560379000000002,10
compact_110_chem20264861_T1200_rate0p005,110,1200,20264861,20260907,15,0.01545,1.404135,10
compact_110_chem20264861_T1200_rate0p005,110,1200,20264861,20260907,16,0.01645,1.0852368000000001,10
compact_110_chem20264861_T1200_rate0p005,110,1200,20264861,20260907,17,0.01745,1.322754,10
compact_110_chem20264861_T1200_rate0p005,110,1200,20264861,20260907,18,0.01845,1.5587319999999998,10
compact_110_chem20264861_T1200_rate0p005,110,1200,20264861,20260907,19,0.019450000000000002,1.563882,10
compact_110_chem20264861_T1200_rate0p005,110,1200,20264861,20260907,20,0.02045,1.542425,10
compact_110_chem20264861_T1200_rate0p005,110,1200,20264861,20260907,21,0.02145,1.768653,10
compact_110_chem20264861_T1200_rate0p005,110,1200,20264861,20260907,22,0.02245,1.736723,10
compact_110_chem20264861_T1200_rate0p005,110,1200,20264861,20260907,23,0.023450000000000002,2.1152109999999995,10
compact_110_chem20264861_T1200_rate0p005,110,1200,20264861,20260907,24,0.02445,1.687744,10
compact_110_chem20264861_T1200_rate0p005,110,1200,20264861,20260907,25,0.02545,1.8967799999999997,10
compact_110_chem20264861_T1200_rate0p005,110,1200,20264861,20260907,26,0.026449999999999994,2.323394,10
compact_110_chem20264861_T1200_rate0p005,110,1200,20264861,20260907,27,0.027449999999999995,2.257989,10
compact_110_chem20264861_T1200_rate0p005,110,1200,20264861,20260907,28,0.028449999999999996,2.199282,10
compact_110_chem20264861_T1200_rate0p005,110,1200,20264861,20260907,29,0.029449999999999997,2.4485079999999995,10
compact_110_chem20264861_T1200_rate0p005,110,1200,20264861,20260907,30,0.030449999999999998,2.404063,10
compact_110_chem20264861_T1200_rate0p005,110,1200,20264861,20260907,31,0.03144999999999999,2.690219,10
compact_110_chem20264861_T1200_rate0p005,110,1200,20264861,20260907,32,0.03244999999999999,2.623917,10
compact_110_chem20264861_T1200_rate0p005,110,1200,20264861,20260907,33,0.033449999999999994,2.571571,10
compact_110_chem20264861_T1200_rate0p005,110,1200,20264861,20260907,34,0.034449999999999995,2.8263439999999997,10
compact_110_chem20264861_T1200_rate0p005,110,1200,20264861,20260907,35,0.035449999999999995,2.89427,10
compact_110_chem20264861_T1200_rate0p005,110,1200,20264861,20260907,36,0.036449999999999996,3.065146,10
compact_110_chem20264861_T1200_rate0p005,110,1200,20264861,20260907,37,0.03745,2.865387,10
compact_110_chem20264861_T1200_rate0p005,110,1200,20264861,20260907,38,0.03845,3.3278600000000003,10
compact_110_chem20264861_T1200_rate0p005,110,1200,20264861,20260907,39,0.03945,3.114118,10
compact_110_chem20264861_T1200_rate0p005,110,1200,20264861,20260907,40,0.04045,3.415869,10
compact_110_chem20264861_T1200_rate0p005,110,1200,20264861,20260907,41,0.04145,3.4208849999999997,10
compact_110_chem20264861_T1200_rate0p005,110,1200,20264861,20260907,42,0.04245,3.405986,10
compact_110_chem20264861_T1200_rate0p005,110,1200,20264861,20260907,43,0.04345,3.6213349999999997,10
compact_110_chem20264861_T1200_rate0p005,110,1200,20264861,20260907,44,0.04445,3.5595659999999993,10
compact_110_chem20264861_T1200_rate0p005,110,1200,20264861,20260907,45,0.045450000000000004,3.8271879999999996,10
compact_110_chem20264861_T1200_rate0p005,110,1200,20264861,20260907,46,0.04645,3.8658650000000003,10
compact_110_chem20264861_T1200_rate0p005,110,1200,20264861,20260907,47,0.04745,3.828899,10
compact_110_chem20264861_T1200_rate0p005,110,1200,20264861,20260907,48,0.04845,3.908916,10
compact_110_chem20264861_T1200_rate0p005,110,1200,20264861,20260907,49,0.04945,3.840986,10
compact_110_chem20264861_T1200_rate0p005,110,1200,20264861,20260907,50,0.050449999999999995,4.117457,10
compact_110_chem20264861_T1200_rate0p005,110,1200,20264861,20260907,51,0.051449999999999996,4.1085769999999995,10
compact_110_chem20264861_T1200_rate0p005,110,1200,20264861,20260907,52,0.05245,4.120136,10
compact_110_chem20264861_T1200_rate0p005,110,1200,20264861,20260907,53,0.05345,4.325584000000001,10
compact_110_chem20264861_T1200_rate0p005,110,1200,20264861,20260907,54,0.05445,4.513339,10
compact_110_chem20264861_T1200_rate0p005,110,1200,20264861,20260907,55,0.05545,4.453984,10
compact_110_chem20264861_T1200_rate0p005,110,1200,20264861,20260907,56,0.05645,4.371969000000001,10
compact_110_chem20264861_T1200_rate0p005,110,1200,20264861,20260907,57,0.05744999999999999,4.603458,10
compact_110_chem20264861_T1200_rate0p005,110,1200,20264861,20260907,58,0.05844999999999999,4.771451999999999,10
compact_110_chem20264861_T1200_rate0p005,110,1200,20264861,20260907,59,0.05944999999999999,5.0334840000000005,10
compact_110_chem20264861_T1200_rate0p005,110,1200,20264861,20260907,60,0.06044999999999999,4.971787,10
compact_110_chem20264861_T1200_rate0p005,110,1200,20264861,20260907,61,0.06144999999999999,5.156678,10
compact_110_chem20264861_T1200_rate0p005,110,1200,20264861,20260907,62,0.06244999999999999,5.230903,10
compact_110_chem20264861_T1200_rate0p005,110,1200,20264861,20260907,63,0.06344999999999999,5.143874,10
compact_110_chem20264861_T1200_rate0p005,110,1200,20264861,20260907,64,0.06444999999999998,5.372672,10
compact_110_chem20264861_T1200_rate0p005,110,1200,20264861,20260907,65,0.06544999999999998,5.44453,10
compact_110_chem20264861_T1200_rate0p005,110,1200,20264861,20260907,66,0.06644999999999998,5.417863,10
compact_110_chem20264861_T1200_rate0p005,110,1200,20264861,20260907,67,0.06744999999999998,5.403213,10
compact_110_chem20264861_T1200_rate0p005,110,1200,20264861,20260907,68,0.06844999999999998,5.489762999999999,10
compact_110_chem20264861_T1200_rate0p005,110,1200,20264861,20260907,69,0.06944999999999998,5.877205999999999,10
compact_110_chem20264861_T1200_rate0p005,110,1200,20264861,20260907,70,0.07044999999999998,5.773204000000001,10
compact_110_chem20264861_T1200_rate0p005,110,1200,20264861,20260907,71,0.07144999999999999,5.803738999999999,10
compact_110_chem20264861_T1200_rate0p005,110,1200,20264861,20260907,72,0.07244999999999999,5.932827,10
compact_110_chem20264861_T1200_rate0p005,110,1200,20264861,20260907,73,0.07344999999999999,6.058536,10
compact_110_chem20264861_T1200_rate0p005,110,1200,20264861,20260907,74,0.07444999999999999,6.0638190000000005,10
compact_110_chem20264861_T1200_rate0p005,110,1200,20264861,20260907,75,0.07544999999999999,6.134599,10
compact_110_chem20264861_T1200_rate0p005,110,1200,20264861,20260907,76,0.07644999999999999,6.130339,10
compact_110_chem20264861_T1200_rate0p005,110,1200,20264861,20260907,77,0.07744999999999999,6.166471,10
compact_110_chem20264861_T1200_rate0p005,110,1200,20264861,20260907,78,0.07844999999999999,6.1145320000000005,10
compact_110_chem20264861_T1200_rate0p005,110,1200,20264861,20260907,79,0.07944999999999999,6.254234,10
compact_110_chem20264861_T1200_rate0p005,110,1200,20264861,20260907,80,0.08045,6.184286,10
compact_110_chem20264861_T1200_rate0p005,110,1200,20264861,20260907,81,0.08145,6.452968,10
compact_110_chem20264861_T1200_rate0p005,110,1200,20264861,20260907,82,0.08245,6.679824999999999,10
compact_110_chem20264861_T1200_rate0p005,110,1200,20264861,20260907,83,0.08345,6.495946999999999,10
compact_110_chem20264861_T1200_rate0p005,110,1200,20264861,20260907,84,0.08445,6.593064,10
compact_110_chem20264861_T1200_rate0p005,110,1200,20264861,20260907,85,0.08545,6.8500309999999995,10
compact_110_chem20264861_T1200_rate0p005,110,1200,20264861,20260907,86,0.08645,6.545064999999999,10
compact_110_chem20264861_T1200_rate0p005,110,1200,20264861,20260907,87,0.08745,6.723364999999999,10
compact_110_chem20264861_T1200_rate0p005,110,1200,20264861,20260907,88,0.08845,6.810258,10
compact_110_chem20264861_T1200_rate0p005,110,1200,20264861,20260907,89,0.08945,6.723832999999999,10
compact_110_chem20264861_T1200_rate0p005,110,1200,20264861,20260907,90,0.09045,6.655332,10
compact_110_chem20264861_T1200_rate0p005,110,1200,20264861,20260907,91,0.09145,6.653118999999999,10
compact_110_chem20264861_T1200_rate0p005,110,1200,20264861,20260907,92,0.09245,6.756302000000001,10
compact_110_chem20264861_T1200_rate0p005,110,1200,20264861,20260907,93,0.09345,6.662404,10
compact_110_chem20264861_T1200_rate0p005,110,1200,20264861,20260907,94,0.09445,6.970456999999999,10
compact_110_chem20264861_T1200_rate0p005,110,1200,20264861,20260907,95,0.09545,6.9081410000000005,10
compact_110_chem20264861_T1200_rate0p005,110,1200,20264861,20260907,96,0.09645,6.766164000000001,10
compact_110_chem20264861_T1200_rate0p005,110,1200,20264861,20260907,97,0.09745,6.433101000000001,10
compact_110_chem20264861_T1200_rate0p005,110,1200,20264861,20260907,98,0.09845,6.083158,10
compact_110_chem20264861_T1200_rate0p005,110,1200,20264861,20260907,99,0.09945,5.688139,10
compact_110_chem20264861_T1200_rate0p005,110,1200,20264861,20260907,100,0.10045,5.3686810000000005,10
compact_110_chem20264861_T1200_rate0p005,110,1200,20264861,20260907,101,0.10145,4.8034360000000005,10
compact_110_chem20264861_T1200_rate0p005,110,1200,20264861,20260907,102,0.10245,4.265674000000001,10
compact_110_chem20264861_T1200_rate0p005,110,1200,20264861,20260907,103,0.10345,4.093956,10
compact_110_chem20264861_T1200_rate0p005,110,1200,20264861,20260907,104,0.10445,3.7918460000000005,10
compact_110_chem20264861_T1200_rate0p005,110,1200,20264861,20260907,105,0.10545,3.7772600000000005,10
compact_110_chem20264861_T1200_rate0p005,110,1200,20264861,20260907,106,0.10645,2.9944800000000003,10
compact_110_chem20264861_T1200_rate0p005,110,1200,20264861,20260907,107,0.10745,3.1275250000000003,10
compact_110_chem20264861_T1200_rate0p005,110,1200,20264861,20260907,108,0.10845,3.108951,10
compact_110_chem20264861_T1200_rate0p005,110,1200,20264861,20260907,109,0.10945,3.0218,10
compact_110_chem20264861_T1200_rate0p005,110,1200,20264861,20260907,110,0.11045,2.9785530000000002,10
compact_110_chem20264861_T1200_rate0p005,110,1200,20264861,20260907,111,0.11145000000000001,2.8495760000000003,10
compact_110_chem20264861_T1200_rate0p005,110,1200,20264861,20260907,112,0.11245000000000001,2.976724,10
compact_110_chem20264861_T1200_rate0p005,110,1200,20264861,20260907,113,0.11345000000000001,3.1519160000000004,10
compact_110_chem20264861_T1200_rate0p005,110,1200,20264861,20260907,114,0.11445000000000001,3.2784679999999993,10
compact_110_chem20264861_T1200_rate0p005,110,1200,20264861,20260907,115,0.11545000000000001,3.33183,10
compact_110_chem20264861_T1200_rate0p005,110,1200,20264861,20260907,116,0.11645000000000001,3.297766,10
compact_110_chem20264861_T1200_rate0p005,110,1200,20264861,20260907,117,0.11745000000000001,3.2870129999999995,10
compact_110_chem20264861_T1200_rate0p005,110,1200,20264861,20260907,118,0.11844999999999999,3.388946,10
compact_110_chem20264861_T1200_rate0p005,110,1200,20264861,20260907,119,0.11945000000000001,3.5013510000000005,10
compact_110_chem20264861_T1200_rate0p005,110,1200,20264861,20260907,120,0.12044999999999999,3.520044,10
compact_110_chem20264861_T1200_rate0p005,110,1200,20264861,20260907,121,0.12144999999999999,3.254917,10
compact_110_chem20264861_T1200_rate0p005,110,1200,20264861,20260907,122,0.12244999999999999,3.7541880000000005,10
compact_110_chem20264861_T1200_rate0p005,110,1200,20264861,20260907,123,0.12344999999999999,3.583664,10
compact_110_chem20264861_T1200_rate0p005,110,1200,20264861,20260907,124,0.12444999999999999,3.7835779999999994,10
compact_110_chem20264861_T1200_rate0p005,110,1200,20264861,20260907,125,0.12544999999999998,3.926573,10
compact_110_chem20264861_T1200_rate0p005,110,1200,20264861,20260907,126,0.12645,3.8233490000000003,10
compact_110_chem20264861_T1200_rate0p005,110,1200,20264861,20260907,127,0.12744999999999998,3.793707,10
compact_110_chem20264861_T1200_rate0p005,110,1200,20264861,20260907,128,0.12845,4.227046,10
compact_110_chem20264861_T1200_rate0p005,110,1200,20264861,20260907,129,0.12944999999999998,3.9838560000000003,10
compact_110_chem20264861_T1200_rate0p005,110,1200,20264861,20260907,130,0.13045,4.200455,10
compact_110_chem20264861_T1200_rate0p005,110,1200,20264861,20260907,131,0.13144999999999998,4.255872000000001,10
compact_110_chem20264861_T1200_rate0p005,110,1200,20264861,20260907,132,0.13245,4.264975000000001,10
compact_110_chem20264861_T1200_rate0p005,110,1200,20264861,20260907,133,0.13344999999999999,4.533103,10
compact_110_chem20264861_T1200_rate0p005,110,1200,20264861,20260907,134,0.13445000000000001,4.307988,10
compact_110_chem20264861_T1200_rate0p005,110,1200,20264861,20260907,135,0.13545,4.5607940000000005,10
compact_110_chem20264861_T1200_rate0p005,110,1200,20264861,20260907,136,0.13645000000000002,4.3914860000000004,10
compact_110_chem20264861_T1200_rate0p005,110,1200,20264861,20260907,137,0.13745,4.473407000000001,10
compact_110_chem20264861_T1200_rate0p005,110,1200,20264861,20260907,138,0.13845000000000002,4.749007000000001,10
compact_110_chem20264861_T1200_rate0p005,110,1200,20264861,20260907,139,0.13945,4.807627,10
compact_110_chem20264861_T1200_rate0p005,110,1200,20264861,20260907,140,0.14045000000000002,4.876437,10
compact_110_chem20264861_T1200_rate0p005,110,1200,20264861,20260907,141,0.14145,4.830062,10
compact_110_chem20264861_T1200_rate0p005,110,1200,20264861,20260907,142,0.14245000000000002,5.011242,10
compact_110_chem20264861_T1200_rate0p005,110,1200,20264861,20260907,143,0.14345,5.214613,10
compact_110_chem20264861_T1200_rate0p005,110,1200,20264861,20260907,144,0.14445000000000002,5.043975,10
compact_110_chem20264861_T1200_rate0p005,110,1200,20264861,20260907,145,0.14545,4.951865,10
compact_110_chem20264861_T1200_rate0p005,110,1200,20264861,20260907,146,0.14645000000000002,5.237277999999999,10
compact_110_chem20264861_T1200_rate0p005,110,1200,20264861,20260907,147,0.14745,5.233385,10
compact_110_chem20264861_T1200_rate0p005,110,1200,20264861,20260907,148,0.14845000000000003,5.300870000000001,10
compact_110_chem20264861_T1200_rate0p005,110,1200,20264861,20260907,149,0.14945,5.092364,10
compact_110_chem20264861_T1200_rate0p005,110,1200,20264861,20260907,150,0.15045000000000003,5.382691,10
compact_110_chem20264861_T1200_rate0p005,110,1200,20264861,20260907,151,0.15145,5.331453000000001,10
compact_110_chem20264861_T1200_rate0p005,110,1200,20264861,20260907,152,0.15245000000000003,5.408032,10
compact_110_chem20264861_T1200_rate0p005,110,1200,20264861,20260907,153,0.15345,5.538588,10
compact_110_chem20264861_T1200_rate0p005,110,1200,20264861,20260907,154,0.15445000000000003,5.521828999999999,10
compact_110_chem20264861_T1200_rate0p005,110,1200,20264861,20260907,155,0.15545,5.585368,10
compact_110_chem20264861_T1200_rate0p005,110,1200,20264861,20260907,156,0.15645000000000003,5.50821,10
compact_110_chem20264861_T1200_rate0p005,110,1200,20264861,20260907,157,0.15745,5.387536,10
compact_110_chem20264861_T1200_rate0p005,110,1200,20264861,20260907,158,0.15845000000000004,5.483659,10
compact_110_chem20264861_T1200_rate0p005,110,1200,20264861,20260907,159,0.15944999999999998,5.458059,10
compact_110_chem20264861_T1200_rate0p005,110,1200,20264861,20260907,160,0.16045,5.339837999999999,10
compact_110_chem20264861_T1200_rate0p005,110,1200,20264861,20260907,161,0.16144999999999998,5.073089,10
compact_110_chem20264861_T1200_rate0p005,110,1200,20264861,20260907,162,0.16245,4.6802280000000005,10
compact_110_chem20264861_T1200_rate0p005,110,1200,20264861,20260907,163,0.16344999999999998,4.612550000000001,10
compact_110_chem20264861_T1200_rate0p005,110,1200,20264861,20260907,164,0.16445,4.396031000000001,10
compact_110_chem20264861_T1200_rate0p005,110,1200,20264861,20260907,165,0.16544999999999999,4.152393,10
compact_110_chem20264861_T1200_rate0p005,110,1200,20264861,20260907,166,0.16645000000000001,3.586703,10
compact_110_chem20264861_T1200_rate0p005,110,1200,20264861,20260907,167,0.16745,3.288037,10
compact_110_chem20264861_T1200_rate0p005,110,1200,20264861,20260907,168,0.16845000000000002,2.9197640000000002,10
compact_110_chem20264861_T1200_rate0p005,110,1200,20264861,20260907,169,0.16945,2.593038,10
compact_110_chem20264861_T1200_rate0p005,110,1200,20264861,20260907,170,0.17045000000000002,2.5634160000000006,10
compact_110_chem20264861_T1200_rate0p005,110,1200,20264861,20260907,171,0.17145,2.1351880000000003,10
compact_110_chem20264861_T1200_rate0p005,110,1200,20264861,20260907,172,0.17245000000000002,2.4977899999999997,10
compact_110_chem20264861_T1200_rate0p005,110,1200,20264861,20260907,173,0.17345,2.305503,10
compact_110_chem20264861_T1200_rate0p005,110,1200,20264861,20260907,174,0.17445000000000002,2.2031590000000003,10
compact_110_chem20264861_T1200_rate0p005,110,1200,20264861,20260907,175,0.17545,2.376677,10
compact_110_chem20264861_T1200_rate0p005,110,1200,20264861,20260907,176,0.17645000000000002,2.468804,10
compact_110_chem20264861_T1200_rate0p005,110,1200,20264861,20260907,177,0.17745,2.5388529999999996,10
compact_110_chem20264861_T1200_rate0p005,110,1200,20264861,20260907,178,0.17845,2.438028,10
compact_110_chem20264861_T1200_rate0p005,110,1200,20264861,20260907,179,0.17944999999999997,2.7622189999999995,10
compact_110_chem20264861_T1200_rate0p005,110,1200,20264861,20260907,180,0.18045,2.8467200000000004,10
compact_110_chem20264861_T1200_rate0p005,110,1200,20264861,20260907,181,0.18144999999999997,2.590477,10
compact_110_chem20264861_T1200_rate0p005,110,1200,20264861,20260907,182,0.18245,2.896622,10
compact_110_chem20264861_T1200_rate0p005,110,1200,20264861,20260907,183,0.18344999999999997,2.8229219999999997,10
compact_110_chem20264861_T1200_rate0p005,110,1200,20264861,20260907,184,0.18445,3.2077080000000002,10
compact_110_chem20264861_T1200_rate0p005,110,1200,20264861,20260907,185,0.18544999999999998,3.0967379999999998,10
compact_110_chem20264861_T1200_rate0p005,110,1200,20264861,20260907,186,0.18645,3.1436390000000003,10
compact_110_chem20264861_T1200_rate0p005,110,1200,20264861,20260907,187,0.18744999999999998,3.325461,10
compact_110_chem20264861_T1200_rate0p005,110,1200,20264861,20260907,188,0.18845,3.114072,10
compact_110_chem20264861_T1200_rate0p005,110,1200,20264861,20260907,189,0.18944999999999998,3.536022,10
compact_110_chem20264861_T1200_rate0p005,110,1200,20264861,20260907,190,0.19045,3.4651380000000005,10
compact_110_chem20264861_T1200_rate0p005,110,1200,20264861,20260907,191,0.19144999999999998,3.282589,10
compact_110_chem20264861_T1200_rate0p005,110,1200,20264861,20260907,192,0.19245,3.589479,10
compact_110_chem20264861_T1200_rate0p005,110,1200,20264861,20260907,193,0.19344999999999998,3.696533,10
compact_110_chem20264861_T1200_rate0p005,110,1200,20264861,20260907,194,0.19445,3.8794320000000004,10
compact_110_chem20264861_T1200_rate0p005,110,1200,20264861,20260907,195,0.19544999999999998,3.7603539999999995,10
compact_110_chem20264861_T1200_rate0p005,110,1200,20264861,20260907,196,0.19645,3.9436839999999997,10
compact_110_chem20264861_T1200_rate0p005,110,1200,20264861,20260907,197,0.19745,3.954594,10
compact_110_chem20264861_T1200_rate0p005,110,1200,20264861,20260907,198,0.19845000000000002,3.9486870000000005,10
compact_110_chem20264861_T1200_rate0p005,110,1200,20264861,20260907,199,0.19945,3.8460259999999993,10
compact_110_chem20264861_T1200_rate0p005,110,1200,20264861,20260907,200,0.2,4.14556,1
compact_111_chem20260825_T300_rate0p005,111,300,20260825,20260901,0,0.0004500000000000442,0.0006427999999999989,10
compact_111_chem20260825_T300_rate0p005,111,300,20260825,20260901,1,0.0014500000000000001,0.09726153000000001,10
compact_111_chem20260825_T300_rate0p005,111,300,20260825,20260901,2,0.00245,0.23194949999999998,10
compact_111_chem20260825_T300_rate0p005,111,300,20260825,20260901,3,0.0034500000000000004,0.3454526,10
compact_111_chem20260825_T300_rate0p005,111,300,20260825,20260901,4,0.00445,0.4284068,10
compact_111_chem20260825_T300_rate0p005,111,300,20260825,20260901,5,0.005450000000000001,0.4580011999999999,10
compact_111_chem20260825_T300_rate0p005,111,300,20260825,20260901,6,0.00645,0.5769976000000001,10
compact_111_chem20260825_T300_rate0p005,111,300,20260825,20260901,7,0.007450000000000001,0.6584903,10
compact_111_chem20260825_T300_rate0p005,111,300,20260825,20260901,8,0.008450000000000001,0.7371246,10
compact_111_chem20260825_T300_rate0p005,111,300,20260825,20260901,9,0.00945,0.8364417000000002,10
compact_111_chem20260825_T300_rate0p005,111,300,20260825,20260901,10,0.010450000000000001,0.9786941,10
compact_111_chem20260825_T300_rate0p005,111,300,20260825,20260901,11,0.011450000000000002,1.0734483,10
compact_111_chem20260825_T300_rate0p005,111,300,20260825,20260901,12,0.01245,1.175591,10
compact_111_chem20260825_T300_rate0p005,111,300,20260825,20260901,13,0.013449999999999998,1.2548239999999997,10
compact_111_chem20260825_T300_rate0p005,111,300,20260825,20260901,14,0.01445,1.319029,10
compact_111_chem20260825_T300_rate0p005,111,300,20260825,20260901,15,0.01545,1.48306,10
compact_111_chem20260825_T300_rate0p005,111,300,20260825,20260901,16,0.01645,1.541797,10
compact_111_chem20260825_T300_rate0p005,111,300,20260825,20260901,17,0.01745,1.580203,10
compact_111_chem20260825_T300_rate0p005,111,300,20260825,20260901,18,0.01845,1.650386,10
compact_111_chem20260825_T300_rate0p005,111,300,20260825,20260901,19,0.019450000000000002,1.7591290000000002,10
compact_111_chem20260825_T300_rate0p005,111,300,20260825,20260901,20,0.02045,1.921579,10
compact_111_chem20260825_T300_rate0p005,111,300,20260825,20260901,21,0.02145,2.0660130000000003,10
compact_111_chem20260825_T300_rate0p005,111,300,20260825,20260901,22,0.02245,2.030785,10
compact_111_chem20260825_T300_rate0p005,111,300,20260825,20260901,23,0.023450000000000002,2.1424440000000002,10
compact_111_chem20260825_T300_rate0p005,111,300,20260825,20260901,24,0.02445,2.274202,10
compact_111_chem20260825_T300_rate0p005,111,300,20260825,20260901,25,0.02545,2.348455,10
compact_111_chem20260825_T300_rate0p005,111,300,20260825,20260901,26,0.026449999999999994,2.4536540000000002,10
compact_111_chem20260825_T300_rate0p005,111,300,20260825,20260901,27,0.027449999999999995,2.4754309999999995,10
compact_111_chem20260825_T300_rate0p005,111,300,20260825,20260901,28,0.028449999999999996,2.5904990000000003,10
compact_111_chem20260825_T300_rate0p005,111,300,20260825,20260901,29,0.029449999999999997,2.762334,10
compact_111_chem20260825_T300_rate0p005,111,300,20260825,20260901,30,0.030449999999999998,2.791167,10
compact_111_chem20260825_T300_rate0p005,111,300,20260825,20260901,31,0.03144999999999999,2.9096919999999997,10
compact_111_chem20260825_T300_rate0p005,111,300,20260825,20260901,32,0.03244999999999999,2.9815769999999997,10
compact_111_chem20260825_T300_rate0p005,111,300,20260825,20260901,33,0.033449999999999994,3.069651,10
compact_111_chem20260825_T300_rate0p005,111,300,20260825,20260901,34,0.034449999999999995,3.1430049999999996,10
compact_111_chem20260825_T300_rate0p005,111,300,20260825,20260901,35,0.035449999999999995,3.189325,10
compact_111_chem20260825_T300_rate0p005,111,300,20260825,20260901,36,0.036449999999999996,3.2651140000000005,10
compact_111_chem20260825_T300_rate0p005,111,300,20260825,20260901,37,0.03745,3.449411,10
compact_111_chem20260825_T300_rate0p005,111,300,20260825,20260901,38,0.03845,3.4796959999999997,10
compact_111_chem20260825_T300_rate0p005,111,300,20260825,20260901,39,0.03945,3.621688,10
compact_111_chem20260825_T300_rate0p005,111,300,20260825,20260901,40,0.04045,3.6249139999999995,10
compact_111_chem20260825_T300_rate0p005,111,300,20260825,20260901,41,0.04145,3.7384560000000002,10
compact_111_chem20260825_T300_rate0p005,111,300,20260825,20260901,42,0.04245,3.860264,10
compact_111_chem20260825_T300_rate0p005,111,300,20260825,20260901,43,0.04345,3.902266,10
compact_111_chem20260825_T300_rate0p005,111,300,20260825,20260901,44,0.04445,3.9741489999999997,10
compact_111_chem20260825_T300_rate0p005,111,300,20260825,20260901,45,0.045450000000000004,4.171695000000001,10
compact_111_chem20260825_T300_rate0p005,111,300,20260825,20260901,46,0.04645,4.176909,10
compact_111_chem20260825_T300_rate0p005,111,300,20260825,20260901,47,0.04745,4.2357949999999995,10
compact_111_chem20260825_T300_rate0p005,111,300,20260825,20260901,48,0.04845,4.307579,10
compact_111_chem20260825_T300_rate0p005,111,300,20260825,20260901,49,0.04945,4.39194,10
compact_111_chem20260825_T300_rate0p005,111,300,20260825,20260901,50,0.050449999999999995,4.494973,10
compact_111_chem20260825_T300_rate0p005,111,300,20260825,20260901,51,0.051449999999999996,4.603749,10
compact_111_chem20260825_T300_rate0p005,111,300,20260825,20260901,52,0.05245,4.672585,10
compact_111_chem20260825_T300_rate0p005,111,300,20260825,20260901,53,0.05345,4.760128,10
compact_111_chem20260825_T300_rate0p005,111,300,20260825,20260901,54,0.05445,4.789983999999999,10
compact_111_chem20260825_T300_rate0p005,111,300,20260825,20260901,55,0.05545,4.968202,10
compact_111_chem20260825_T300_rate0p005,111,300,20260825,20260901,56,0.05645,5.003127999999999,10
compact_111_chem20260825_T300_rate0p005,111,300,20260825,20260901,57,0.05744999999999999,5.074036,10
compact_111_chem20260825_T300_rate0p005,111,300,20260825,20260901,58,0.05844999999999999,5.1004249999999995,10
compact_111_chem20260825_T300_rate0p005,111,300,20260825,20260901,59,0.05944999999999999,5.299032,10
compact_111_chem20260825_T300_rate0p005,111,300,20260825,20260901,60,0.06044999999999999,5.357431,10
compact_111_chem20260825_T300_rate0p005,111,300,20260825,20260901,61,0.06144999999999999,5.300398,10
compact_111_chem20260825_T300_rate0p005,111,300,20260825,20260901,62,0.06244999999999999,5.431789,10
compact_111_chem20260825_T300_rate0p005,111,300,20260825,20260901,63,0.06344999999999999,5.6379150000000005,10
compact_111_chem20260825_T300_rate0p005,111,300,20260825,20260901,64,0.06444999999999998,5.666651,10
compact_111_chem20260825_T300_rate0p005,111,300,20260825,20260901,65,0.06544999999999998,5.7239059999999995,10
compact_111_chem20260825_T300_rate0p005,111,300,20260825,20260901,66,0.06644999999999998,5.804563,10
compact_111_chem20260825_T300_rate0p005,111,300,20260825,20260901,67,0.06744999999999998,5.826580999999999,10
compact_111_chem20260825_T300_rate0p005,111,300,20260825,20260901,68,0.06844999999999998,5.9237020000000005,10
compact_111_chem20260825_T300_rate0p005,111,300,20260825,20260901,69,0.06944999999999998,6.017498,10
compact_111_chem20260825_T300_rate0p005,111,300,20260825,20260901,70,0.07044999999999998,6.205163000000001,10
compact_111_chem20260825_T300_rate0p005,111,300,20260825,20260901,71,0.07144999999999999,6.1525620000000005,10
compact_111_chem20260825_T300_rate0p005,111,300,20260825,20260901,72,0.07244999999999999,6.23935,10
compact_111_chem20260825_T300_rate0p005,111,300,20260825,20260901,73,0.07344999999999999,6.451828000000001,10
compact_111_chem20260825_T300_rate0p005,111,300,20260825,20260901,74,0.07444999999999999,6.4755709999999995,10
compact_111_chem20260825_T300_rate0p005,111,300,20260825,20260901,75,0.07544999999999999,6.500400000000001,10
compact_111_chem20260825_T300_rate0p005,111,300,20260825,20260901,76,0.07644999999999999,6.6692540000000005,10
compact_111_chem20260825_T300_rate0p005,111,300,20260825,20260901,77,0.07744999999999999,6.671667000000001,10
compact_111_chem20260825_T300_rate0p005,111,300,20260825,20260901,78,0.07844999999999999,6.730938999999999,10
compact_111_chem20260825_T300_rate0p005,111,300,20260825,20260901,79,0.07944999999999999,6.8369990000000005,10
compact_111_chem20260825_T300_rate0p005,111,300,20260825,20260901,80,0.08045,6.874105,10
compact_111_chem20260825_T300_rate0p005,111,300,20260825,20260901,81,0.08145,6.90616,10
compact_111_chem20260825_T300_rate0p005,111,300,20260825,20260901,82,0.08245,7.026281999999999,10
compact_111_chem20260825_T300_rate0p005,111,300,20260825,20260901,83,0.08345,7.080301,10
compact_111_chem20260825_T300_rate0p005,111,300,20260825,20260901,84,0.08445,7.120685,10
compact_111_chem20260825_T300_rate0p005,111,300,20260825,20260901,85,0.08545,7.248262000000001,10
compact_111_chem20260825_T300_rate0p005,111,300,20260825,20260901,86,0.08645,7.312125999999999,10
compact_111_chem20260825_T300_rate0p005,111,300,20260825,20260901,87,0.08745,7.3855319999999995,10
compact_111_chem20260825_T300_rate0p005,111,300,20260825,20260901,88,0.08845,7.398446,10
compact_111_chem20260825_T300_rate0p005,111,300,20260825,20260901,89,0.08945,7.534997,10
compact_111_chem20260825_T300_rate0p005,111,300,20260825,20260901,90,0.09045,7.47179,10
compact_111_chem20260825_T300_rate0p005,111,300,20260825,20260901,91,0.09145,7.545739,10
compact_111_chem20260825_T300_rate0p005,111,300,20260825,20260901,92,0.09245,7.659551,10
compact_111_chem20260825_T300_rate0p005,111,300,20260825,20260901,93,0.09345,7.7209660000000016,10
compact_111_chem20260825_T300_rate0p005,111,300,20260825,20260901,94,0.09445,7.734738,10
compact_111_chem20260825_T300_rate0p005,111,300,20260825,20260901,95,0.09545,7.842341,10
compact_111_chem20260825_T300_rate0p005,111,300,20260825,20260901,96,0.09645,7.9399820000000005,10
compact_111_chem20260825_T300_rate0p005,111,300,20260825,20260901,97,0.09745,8.052642,10
compact_111_chem20260825_T300_rate0p005,111,300,20260825,20260901,98,0.09845,8.149104000000001,10
compact_111_chem20260825_T300_rate0p005,111,300,20260825,20260901,99,0.09945,8.136968000000001,10
compact_111_chem20260825_T300_rate0p005,111,300,20260825,20260901,100,0.10045,8.249793,10
compact_111_chem20260825_T300_rate0p005,111,300,20260825,20260901,101,0.10145,8.140207,10
compact_111_chem20260825_T300_rate0p005,111,300,20260825,20260901,102,0.10245,8.212973999999999,10
compact_111_chem20260825_T300_rate0p005,111,300,20260825,20260901,103,0.10345,8.28624,10
compact_111_chem20260825_T300_rate0p005,111,300,20260825,20260901,104,0.10445,8.316793999999998,10
compact_111_chem20260825_T300_rate0p005,111,300,20260825,20260901,105,0.10545,8.462116,10
compact_111_chem20260825_T300_rate0p005,111,300,20260825,20260901,106,0.10645,8.564535000000001,10
compact_111_chem20260825_T300_rate0p005,111,300,20260825,20260901,107,0.10745,8.441019,10
compact_111_chem20260825_T300_rate0p005,111,300,20260825,20260901,108,0.10845,8.674043999999999,10
compact_111_chem20260825_T300_rate0p005,111,300,20260825,20260901,109,0.10945,8.65405,10
compact_111_chem20260825_T300_rate0p005,111,300,20260825,20260901,110,0.11045,8.636880999999999,10
compact_111_chem20260825_T300_rate0p005,111,300,20260825,20260901,111,0.11145000000000001,8.755185999999998,10
compact_111_chem20260825_T300_rate0p005,111,300,20260825,20260901,112,0.11245000000000001,8.702088,10
compact_111_chem20260825_T300_rate0p005,111,300,20260825,20260901,113,0.11345000000000001,8.75587,10
compact_111_chem20260825_T300_rate0p005,111,300,20260825,20260901,114,0.11445000000000001,8.864845,10
compact_111_chem20260825_T300_rate0p005,111,300,20260825,20260901,115,0.11545000000000001,8.860016,10
compact_111_chem20260825_T300_rate0p005,111,300,20260825,20260901,116,0.11645000000000001,8.895006,10
compact_111_chem20260825_T300_rate0p005,111,300,20260825,20260901,117,0.11745000000000001,8.992305,10
compact_111_chem20260825_T300_rate0p005,111,300,20260825,20260901,118,0.11844999999999999,8.995977,10
compact_111_chem20260825_T300_rate0p005,111,300,20260825,20260901,119,0.11945000000000001,9.075171,10
compact_111_chem20260825_T300_rate0p005,111,300,20260825,20260901,120,0.12044999999999999,9.084233999999999,10
compact_111_chem20260825_T300_rate0p005,111,300,20260825,20260901,121,0.12144999999999999,9.096037,10
compact_111_chem20260825_T300_rate0p005,111,300,20260825,20260901,122,0.12244999999999999,9.077041,10
compact_111_chem20260825_T300_rate0p005,111,300,20260825,20260901,123,0.12344999999999999,9.073808,10
compact_111_chem20260825_T300_rate0p005,111,300,20260825,20260901,124,0.12444999999999999,9.093134000000001,10
compact_111_chem20260825_T300_rate0p005,111,300,20260825,20260901,125,0.12544999999999998,8.935580000000002,10
compact_111_chem20260825_T300_rate0p005,111,300,20260825,20260901,126,0.12645,8.802684000000001,10
compact_111_chem20260825_T300_rate0p005,111,300,20260825,20260901,127,0.12744999999999998,8.884572,10
compact_111_chem20260825_T300_rate0p005,111,300,20260825,20260901,128,0.12845,8.770994,10
compact_111_chem20260825_T300_rate0p005,111,300,20260825,20260901,129,0.12944999999999998,8.733553000000002,10
compact_111_chem20260825_T300_rate0p005,111,300,20260825,20260901,130,0.13045,8.674244999999999,10
compact_111_chem20260825_T300_rate0p005,111,300,20260825,20260901,131,0.13144999999999998,8.644076000000002,10
compact_111_chem20260825_T300_rate0p005,111,300,20260825,20260901,132,0.13245,8.446784000000001,10
compact_111_chem20260825_T300_rate0p005,111,300,20260825,20260901,133,0.13344999999999999,8.39913,10
compact_111_chem20260825_T300_rate0p005,111,300,20260825,20260901,134,0.13445000000000001,8.071704999999998,10
compact_111_chem20260825_T300_rate0p005,111,300,20260825,20260901,135,0.13545,7.9877769999999995,10
compact_111_chem20260825_T300_rate0p005,111,300,20260825,20260901,136,0.13645000000000002,7.6503820000000005,10
compact_111_chem20260825_T300_rate0p005,111,300,20260825,20260901,137,0.13745,7.360291000000001,10
compact_111_chem20260825_T300_rate0p005,111,300,20260825,20260901,138,0.13845000000000002,7.040960000000001,10
compact_111_chem20260825_T300_rate0p005,111,300,20260825,20260901,139,0.13945,6.746405,10
compact_111_chem20260825_T300_rate0p005,111,300,20260825,20260901,140,0.14045000000000002,6.511661000000001,10
compact_111_chem20260825_T300_rate0p005,111,300,20260825,20260901,141,0.14145,6.115947,10
compact_111_chem20260825_T300_rate0p005,111,300,20260825,20260901,142,0.14245000000000002,5.693698,10
compact_111_chem20260825_T300_rate0p005,111,300,20260825,20260901,143,0.14345,5.2415639999999994,10
compact_111_chem20260825_T300_rate0p005,111,300,20260825,20260901,144,0.14445000000000002,5.053945000000001,10
compact_111_chem20260825_T300_rate0p005,111,300,20260825,20260901,145,0.14545,4.812879000000001,10
compact_111_chem20260825_T300_rate0p005,111,300,20260825,20260901,146,0.14645000000000002,4.428188999999999,10
compact_111_chem20260825_T300_rate0p005,111,300,20260825,20260901,147,0.14745,4.282026,10
compact_111_chem20260825_T300_rate0p005,111,300,20260825,20260901,148,0.14845000000000003,4.094284,10
compact_111_chem20260825_T300_rate0p005,111,300,20260825,20260901,149,0.14945,4.0301659999999995,10
compact_111_chem20260825_T300_rate0p005,111,300,20260825,20260901,150,0.15045000000000003,4.044580999999999,10
compact_111_chem20260825_T300_rate0p005,111,300,20260825,20260901,151,0.15145,4.137642,10
compact_111_chem20260825_T300_rate0p005,111,300,20260825,20260901,152,0.15245000000000003,4.213005999999999,10
compact_111_chem20260825_T300_rate0p005,111,300,20260825,20260901,153,0.15345,4.380148,10
compact_111_chem20260825_T300_rate0p005,111,300,20260825,20260901,154,0.15445000000000003,4.598718,10
compact_111_chem20260825_T300_rate0p005,111,300,20260825,20260901,155,0.15545,4.54795,10
compact_111_chem20260825_T300_rate0p005,111,300,20260825,20260901,156,0.15645000000000003,4.565813,10
compact_111_chem20260825_T300_rate0p005,111,300,20260825,20260901,157,0.15745,4.560395999999999,10
compact_111_chem20260825_T300_rate0p005,111,300,20260825,20260901,158,0.15845000000000004,4.511628,10
compact_111_chem20260825_T300_rate0p005,111,300,20260825,20260901,159,0.15944999999999998,4.568113,10
compact_111_chem20260825_T300_rate0p005,111,300,20260825,20260901,160,0.16045,4.71093,10
compact_111_chem20260825_T300_rate0p005,111,300,20260825,20260901,161,0.16144999999999998,4.846921,10
compact_111_chem20260825_T300_rate0p005,111,300,20260825,20260901,162,0.16245,4.859678000000001,10
compact_111_chem20260825_T300_rate0p005,111,300,20260825,20260901,163,0.16344999999999998,4.851609,10
compact_111_chem20260825_T300_rate0p005,111,300,20260825,20260901,164,0.16445,4.9219170000000005,10
compact_111_chem20260825_T300_rate0p005,111,300,20260825,20260901,165,0.16544999999999999,4.935036,10
compact_111_chem20260825_T300_rate0p005,111,300,20260825,20260901,166,0.16645000000000001,4.935526,10
compact_111_chem20260825_T300_rate0p005,111,300,20260825,20260901,167,0.16745,4.984468999999999,10
compact_111_chem20260825_T300_rate0p005,111,300,20260825,20260901,168,0.16845000000000002,5.006957999999999,10
compact_111_chem20260825_T300_rate0p005,111,300,20260825,20260901,169,0.16945,5.0458,10
compact_111_chem20260825_T300_rate0p005,111,300,20260825,20260901,170,0.17045000000000002,5.110219,10
compact_111_chem20260825_T300_rate0p005,111,300,20260825,20260901,171,0.17145,5.236580999999999,10
compact_111_chem20260825_T300_rate0p005,111,300,20260825,20260901,172,0.17245000000000002,5.276986,10
compact_111_chem20260825_T300_rate0p005,111,300,20260825,20260901,173,0.17345,5.382537,10
compact_111_chem20260825_T300_rate0p005,111,300,20260825,20260901,174,0.17445000000000002,5.407973,10
compact_111_chem20260825_T300_rate0p005,111,300,20260825,20260901,175,0.17545,5.531985000000001,10
compact_111_chem20260825_T300_rate0p005,111,300,20260825,20260901,176,0.17645000000000002,5.6398410000000005,10
compact_111_chem20260825_T300_rate0p005,111,300,20260825,20260901,177,0.17745,5.733759999999999,10
compact_111_chem20260825_T300_rate0p005,111,300,20260825,20260901,178,0.17845,5.6887419999999995,10
compact_111_chem20260825_T300_rate0p005,111,300,20260825,20260901,179,0.17944999999999997,5.813758,10
compact_111_chem20260825_T300_rate0p005,111,300,20260825,20260901,180,0.18045,5.765042,10
compact_111_chem20260825_T300_rate0p005,111,300,20260825,20260901,181,0.18144999999999997,5.771547,10
compact_111_chem20260825_T300_rate0p005,111,300,20260825,20260901,182,0.18245,5.852297,10
compact_111_chem20260825_T300_rate0p005,111,300,20260825,20260901,183,0.18344999999999997,5.956183,10
compact_111_chem20260825_T300_rate0p005,111,300,20260825,20260901,184,0.18445,5.932832,10
compact_111_chem20260825_T300_rate0p005,111,300,20260825,20260901,185,0.18544999999999998,5.951863,10
compact_111_chem20260825_T300_rate0p005,111,300,20260825,20260901,186,0.18645,6.031684,10
compact_111_chem20260825_T300_rate0p005,111,300,20260825,20260901,187,0.18744999999999998,6.103862,10
compact_111_chem20260825_T300_rate0p005,111,300,20260825,20260901,188,0.18845,6.114656999999999,10
compact_111_chem20260825_T300_rate0p005,111,300,20260825,20260901,189,0.18944999999999998,6.158885,10
compact_111_chem20260825_T300_rate0p005,111,300,20260825,20260901,190,0.19045,6.175964,10
compact_111_chem20260825_T300_rate0p005,111,300,20260825,20260901,191,0.19144999999999998,6.224355000000001,10
compact_111_chem20260825_T300_rate0p005,111,300,20260825,20260901,192,0.19245,6.118885,10
compact_111_chem20260825_T300_rate0p005,111,300,20260825,20260901,193,0.19344999999999998,6.296964000000001,10
compact_111_chem20260825_T300_rate0p005,111,300,20260825,20260901,194,0.19445,6.306813,10
compact_111_chem20260825_T300_rate0p005,111,300,20260825,20260901,195,0.19544999999999998,6.256041999999999,10
compact_111_chem20260825_T300_rate0p005,111,300,20260825,20260901,196,0.19645,6.2999089999999995,10
compact_111_chem20260825_T300_rate0p005,111,300,20260825,20260901,197,0.19745,6.273054,10
compact_111_chem20260825_T300_rate0p005,111,300,20260825,20260901,198,0.19845000000000002,6.290313,10
compact_111_chem20260825_T300_rate0p005,111,300,20260825,20260901,199,0.19945,6.238485,10
compact_111_chem20260825_T300_rate0p005,111,300,20260825,20260901,200,0.2,6.13886,1
compact_111_chem20262843_T300_rate0p005,111,300,20262843,20260903,0,0.0004499999999998672,-0.033192095,10
compact_111_chem20262843_T300_rate0p005,111,300,20262843,20260903,1,0.0014500000000000001,0.06363699199999999,10
compact_111_chem20262843_T300_rate0p005,111,300,20262843,20260903,2,0.00245,0.08438510000000002,10
compact_111_chem20262843_T300_rate0p005,111,300,20262843,20260903,3,0.0034500000000000004,0.17428439,10
compact_111_chem20262843_T300_rate0p005,111,300,20262843,20260903,4,0.00445,0.27704249999999997,10
compact_111_chem20262843_T300_rate0p005,111,300,20262843,20260903,5,0.005450000000000001,0.3453069000000001,10
compact_111_chem20262843_T300_rate0p005,111,300,20262843,20260903,6,0.00645,0.5511313,10
compact_111_chem20262843_T300_rate0p005,111,300,20262843,20260903,7,0.007450000000000001,0.5556721,10
compact_111_chem20262843_T300_rate0p005,111,300,20262843,20260903,8,0.008450000000000001,0.7254313000000001,10
compact_111_chem20262843_T300_rate0p005,111,300,20262843,20260903,9,0.00945,0.7842301,10
compact_111_chem20262843_T300_rate0p005,111,300,20262843,20260903,10,0.010450000000000001,0.9172381999999999,10
compact_111_chem20262843_T300_rate0p005,111,300,20262843,20260903,11,0.011450000000000002,1.0153302,10
compact_111_chem20262843_T300_rate0p005,111,300,20262843,20260903,12,0.01245,1.141267,10
compact_111_chem20262843_T300_rate0p005,111,300,20262843,20260903,13,0.013449999999999998,1.1630407,10
compact_111_chem20262843_T300_rate0p005,111,300,20262843,20260903,14,0.01445,1.318044,10
compact_111_chem20262843_T300_rate0p005,111,300,20262843,20260903,15,0.01545,1.3599,10
compact_111_chem20262843_T300_rate0p005,111,300,20262843,20260903,16,0.01645,1.480442,10
compact_111_chem20262843_T300_rate0p005,111,300,20262843,20260903,17,0.01745,1.5617579999999998,10
compact_111_chem20262843_T300_rate0p005,111,300,20262843,20260903,18,0.01845,1.588457,10
compact_111_chem20262843_T300_rate0p005,111,300,20262843,20260903,19,0.019450000000000002,1.7149629999999998,10
compact_111_chem20262843_T300_rate0p005,111,300,20262843,20260903,20,0.02045,1.8519020000000002,10
compact_111_chem20262843_T300_rate0p005,111,300,20262843,20260903,21,0.02145,1.9433500000000001,10
compact_111_chem20262843_T300_rate0p005,111,300,20262843,20260903,22,0.02245,1.994722,10
compact_111_chem20262843_T300_rate0p005,111,300,20262843,20260903,23,0.023450000000000002,2.0766780000000002,10
compact_111_chem20262843_T300_rate0p005,111,300,20262843,20260903,24,0.02445,2.241227,10
compact_111_chem20262843_T300_rate0p005,111,300,20262843,20260903,25,0.02545,2.2238279999999997,10
compact_111_chem20262843_T300_rate0p005,111,300,20262843,20260903,26,0.026449999999999994,2.4149770000000004,10
compact_111_chem20262843_T300_rate0p005,111,300,20262843,20260903,27,0.027449999999999995,2.5131710000000003,10
compact_111_chem20262843_T300_rate0p005,111,300,20262843,20260903,28,0.028449999999999996,2.5640899999999998,10
compact_111_chem20262843_T300_rate0p005,111,300,20262843,20260903,29,0.029449999999999997,2.703123,10
compact_111_chem20262843_T300_rate0p005,111,300,20262843,20260903,30,0.030449999999999998,2.6975709999999995,10
compact_111_chem20262843_T300_rate0p005,111,300,20262843,20260903,31,0.03144999999999999,2.834628,10
compact_111_chem20262843_T300_rate0p005,111,300,20262843,20260903,32,0.03244999999999999,2.9165270000000008,10
compact_111_chem20262843_T300_rate0p005,111,300,20262843,20260903,33,0.033449999999999994,3.02855,10
compact_111_chem20262843_T300_rate0p005,111,300,20262843,20260903,34,0.034449999999999995,3.125703,10
compact_111_chem20262843_T300_rate0p005,111,300,20262843,20260903,35,0.035449999999999995,3.2028729999999994,10
compact_111_chem20262843_T300_rate0p005,111,300,20262843,20260903,36,0.036449999999999996,3.2894110000000003,10
compact_111_chem20262843_T300_rate0p005,111,300,20262843,20260903,37,0.03745,3.4083289999999997,10
compact_111_chem20262843_T300_rate0p005,111,300,20262843,20260903,38,0.03845,3.492309,10
compact_111_chem20262843_T300_rate0p005,111,300,20262843,20260903,39,0.03945,3.6163959999999995,10
compact_111_chem20262843_T300_rate0p005,111,300,20262843,20260903,40,0.04045,3.6205489999999996,10
compact_111_chem20262843_T300_rate0p005,111,300,20262843,20260903,41,0.04145,3.8218379999999996,10
compact_111_chem20262843_T300_rate0p005,111,300,20262843,20260903,42,0.04245,3.82282,10
compact_111_chem20262843_T300_rate0p005,111,300,20262843,20260903,43,0.04345,3.9512,10
compact_111_chem20262843_T300_rate0p005,111,300,20262843,20260903,44,0.04445,4.033756,10
compact_111_chem20262843_T300_rate0p005,111,300,20262843,20260903,45,0.045450000000000004,4.071542,10
compact_111_chem20262843_T300_rate0p005,111,300,20262843,20260903,46,0.04645,4.1488760000000005,10
compact_111_chem20262843_T300_rate0p005,111,300,20262843,20260903,47,0.04745,4.282769,10
compact_111_chem20262843_T300_rate0p005,111,300,20262843,20260903,48,0.04845,4.467046999999999,10
compact_111_chem20262843_T300_rate0p005,111,300,20262843,20260903,49,0.04945,4.461215999999999,10
compact_111_chem20262843_T300_rate0p005,111,300,20262843,20260903,50,0.050449999999999995,4.525184,10
compact_111_chem20262843_T300_rate0p005,111,300,20262843,20260903,51,0.051449999999999996,4.629277999999999,10
compact_111_chem20262843_T300_rate0p005,111,300,20262843,20260903,52,0.05245,4.7166369999999995,10
compact_111_chem20262843_T300_rate0p005,111,300,20262843,20260903,53,0.05345,4.816047999999999,10
compact_111_chem20262843_T300_rate0p005,111,300,20262843,20260903,54,0.05445,4.873130999999999,10
compact_111_chem20262843_T300_rate0p005,111,300,20262843,20260903,55,0.05545,4.972789000000001,10
compact_111_chem20262843_T300_rate0p005,111,300,20262843,20260903,56,0.05645,5.021592,10
compact_111_chem20262843_T300_rate0p005,111,300,20262843,20260903,57,0.05744999999999999,5.0676749999999995,10
compact_111_chem20262843_T300_rate0p005,111,300,20262843,20260903,58,0.05844999999999999,5.216874000000001,10
compact_111_chem20262843_T300_rate0p005,111,300,20262843,20260903,59,0.05944999999999999,5.329624,10
compact_111_chem20262843_T300_rate0p005,111,300,20262843,20260903,60,0.06044999999999999,5.424477,10
compact_111_chem20262843_T300_rate0p005,111,300,20262843,20260903,61,0.06144999999999999,5.405454000000001,10
compact_111_chem20262843_T300_rate0p005,111,300,20262843,20260903,62,0.06244999999999999,5.558273,10
compact_111_chem20262843_T300_rate0p005,111,300,20262843,20260903,63,0.06344999999999999,5.661135,10
compact_111_chem20262843_T300_rate0p005,111,300,20262843,20260903,64,0.06444999999999998,5.747344,10
compact_111_chem20262843_T300_rate0p005,111,300,20262843,20260903,65,0.06544999999999998,5.770212,10
compact_111_chem20262843_T300_rate0p005,111,300,20262843,20260903,66,0.06644999999999998,5.831863,10
compact_111_chem20262843_T300_rate0p005,111,300,20262843,20260903,67,0.06744999999999998,6.026336,10
compact_111_chem20262843_T300_rate0p005,111,300,20262843,20260903,68,0.06844999999999998,6.0621719999999994,10
compact_111_chem20262843_T300_rate0p005,111,300,20262843,20260903,69,0.06944999999999998,6.071867,10
compact_111_chem20262843_T300_rate0p005,111,300,20262843,20260903,70,0.07044999999999998,6.150685000000001,10
compact_111_chem20262843_T300_rate0p005,111,300,20262843,20260903,71,0.07144999999999999,6.193897999999999,10
compact_111_chem20262843_T300_rate0p005,111,300,20262843,20260903,72,0.07244999999999999,6.341623,10
compact_111_chem20262843_T300_rate0p005,111,300,20262843,20260903,73,0.07344999999999999,6.428015,10
compact_111_chem20262843_T300_rate0p005,111,300,20262843,20260903,74,0.07444999999999999,6.5897689999999995,10
compact_111_chem20262843_T300_rate0p005,111,300,20262843,20260903,75,0.07544999999999999,6.5165869999999995,10
compact_111_chem20262843_T300_rate0p005,111,300,20262843,20260903,76,0.07644999999999999,6.6639219999999995,10
compact_111_chem20262843_T300_rate0p005,111,300,20262843,20260903,77,0.07744999999999999,6.647898,10
compact_111_chem20262843_T300_rate0p005,111,300,20262843,20260903,78,0.07844999999999999,6.819868000000001,10
compact_111_chem20262843_T300_rate0p005,111,300,20262843,20260903,79,0.07944999999999999,6.890728,10
compact_111_chem20262843_T300_rate0p005,111,300,20262843,20260903,80,0.08045,6.929866,10
compact_111_chem20262843_T300_rate0p005,111,300,20262843,20260903,81,0.08145,7.012561,10
compact_111_chem20262843_T300_rate0p005,111,300,20262843,20260903,82,0.08245,7.032649000000001,10
compact_111_chem20262843_T300_rate0p005,111,300,20262843,20260903,83,0.08345,7.178780000000001,10
compact_111_chem20262843_T300_rate0p005,111,300,20262843,20260903,84,0.08445,7.274834999999999,10
compact_111_chem20262843_T300_rate0p005,111,300,20262843,20260903,85,0.08545,7.307331,10
compact_111_chem20262843_T300_rate0p005,111,300,20262843,20260903,86,0.08645,7.412667999999999,10
compact_111_chem20262843_T300_rate0p005,111,300,20262843,20260903,87,0.08745,7.505243,10
compact_111_chem20262843_T300_rate0p005,111,300,20262843,20260903,88,0.08845,7.574955,10
compact_111_chem20262843_T300_rate0p005,111,300,20262843,20260903,89,0.08945,7.636824999999999,10
compact_111_chem20262843_T300_rate0p005,111,300,20262843,20260903,90,0.09045,7.687745999999999,10
compact_111_chem20262843_T300_rate0p005,111,300,20262843,20260903,91,0.09145,7.7039230000000005,10
compact_111_chem20262843_T300_rate0p005,111,300,20262843,20260903,92,0.09245,7.933764999999999,10
compact_111_chem20262843_T300_rate0p005,111,300,20262843,20260903,93,0.09345,7.865381000000001,10
compact_111_chem20262843_T300_rate0p005,111,300,20262843,20260903,94,0.09445,8.013943999999999,10
compact_111_chem20262843_T300_rate0p005,111,300,20262843,20260903,95,0.09545,7.991625000000001,10
compact_111_chem20262843_T300_rate0p005,111,300,20262843,20260903,96,0.09645,8.140422000000001,10
compact_111_chem20262843_T300_rate0p005,111,300,20262843,20260903,97,0.09745,8.167775,10
compact_111_chem20262843_T300_rate0p005,111,300,20262843,20260903,98,0.09845,8.240427,10
compact_111_chem20262843_T300_rate0p005,111,300,20262843,20260903,99,0.09945,8.277053,10
compact_111_chem20262843_T300_rate0p005,111,300,20262843,20260903,100,0.10045,8.345429,10
compact_111_chem20262843_T300_rate0p005,111,300,20262843,20260903,101,0.10145,8.466134,10
compact_111_chem20262843_T300_rate0p005,111,300,20262843,20260903,102,0.10245,8.472634,10
compact_111_chem20262843_T300_rate0p005,111,300,20262843,20260903,103,0.10345,8.609423000000003,10
compact_111_chem20262843_T300_rate0p005,111,300,20262843,20260903,104,0.10445,8.468565,10
compact_111_chem20262843_T300_rate0p005,111,300,20262843,20260903,105,0.10545,8.682559000000001,10
compact_111_chem20262843_T300_rate0p005,111,300,20262843,20260903,106,0.10645,8.70477,10
compact_111_chem20262843_T300_rate0p005,111,300,20262843,20260903,107,0.10745,8.773579000000002,10
compact_111_chem20262843_T300_rate0p005,111,300,20262843,20260903,108,0.10845,8.842408,10
compact_111_chem20262843_T300_rate0p005,111,300,20262843,20260903,109,0.10945,8.942342,10
compact_111_chem20262843_T300_rate0p005,111,300,20262843,20260903,110,0.11045,8.919351,10
compact_111_chem20262843_T300_rate0p005,111,300,20262843,20260903,111,0.11145000000000001,8.979712,10
compact_111_chem20262843_T300_rate0p005,111,300,20262843,20260903,112,0.11245000000000001,8.950500000000002,10
compact_111_chem20262843_T300_rate0p005,111,300,20262843,20260903,113,0.11345000000000001,9.068836000000001,10
compact_111_chem20262843_T300_rate0p005,111,300,20262843,20260903,114,0.11445000000000001,9.069391999999999,10
compact_111_chem20262843_T300_rate0p005,111,300,20262843,20260903,115,0.11545000000000001,9.195201,10
compact_111_chem20262843_T300_rate0p005,111,300,20262843,20260903,116,0.11645000000000001,9.310552,10
compact_111_chem20262843_T300_rate0p005,111,300,20262843,20260903,117,0.11745000000000001,9.291211,10
compact_111_chem20262843_T300_rate0p005,111,300,20262843,20260903,118,0.11844999999999999,9.302398,10
compact_111_chem20262843_T300_rate0p005,111,300,20262843,20260903,119,0.11945000000000001,9.354472,10
compact_111_chem20262843_T300_rate0p005,111,300,20262843,20260903,120,0.12044999999999999,9.417862000000001,10
compact_111_chem20262843_T300_rate0p005,111,300,20262843,20260903,121,0.12144999999999999,9.448079000000002,10
compact_111_chem20262843_T300_rate0p005,111,300,20262843,20260903,122,0.12244999999999999,9.48975,10
compact_111_chem20262843_T300_rate0p005,111,300,20262843,20260903,123,0.12344999999999999,9.519705,10
compact_111_chem20262843_T300_rate0p005,111,300,20262843,20260903,124,0.12444999999999999,9.497316,10
compact_111_chem20262843_T300_rate0p005,111,300,20262843,20260903,125,0.12544999999999998,9.568677999999998,10
compact_111_chem20262843_T300_rate0p005,111,300,20262843,20260903,126,0.12645,9.522949,10
compact_111_chem20262843_T300_rate0p005,111,300,20262843,20260903,127,0.12744999999999998,9.552066,10
compact_111_chem20262843_T300_rate0p005,111,300,20262843,20260903,128,0.12845,9.590459,10
compact_111_chem20262843_T300_rate0p005,111,300,20262843,20260903,129,0.12944999999999998,9.449610000000002,10
compact_111_chem20262843_T300_rate0p005,111,300,20262843,20260903,130,0.13045,9.340173000000002,10
compact_111_chem20262843_T300_rate0p005,111,300,20262843,20260903,131,0.13144999999999998,9.200372999999999,10
compact_111_chem20262843_T300_rate0p005,111,300,20262843,20260903,132,0.13245,9.076070999999999,10
compact_111_chem20262843_T300_rate0p005,111,300,20262843,20260903,133,0.13344999999999999,8.88682,10
compact_111_chem20262843_T300_rate0p005,111,300,20262843,20260903,134,0.13445000000000001,8.783458999999999,10
compact_111_chem20262843_T300_rate0p005,111,300,20262843,20260903,135,0.13545,8.674863,10
compact_111_chem20262843_T300_rate0p005,111,300,20262843,20260903,136,0.13645000000000002,8.712556000000001,10
compact_111_chem20262843_T300_rate0p005,111,300,20262843,20260903,137,0.13745,8.605724,10
compact_111_chem20262843_T300_rate0p005,111,300,20262843,20260903,138,0.13845000000000002,8.402331,10
compact_111_chem20262843_T300_rate0p005,111,300,20262843,20260903,139,0.13945,8.386844,10
compact_111_chem20262843_T300_rate0p005,111,300,20262843,20260903,140,0.14045000000000002,8.295338000000003,10
compact_111_chem20262843_T300_rate0p005,111,300,20262843,20260903,141,0.14145,8.162192,10
compact_111_chem20262843_T300_rate0p005,111,300,20262843,20260903,142,0.14245000000000002,7.8828499999999995,10
compact_111_chem20262843_T300_rate0p005,111,300,20262843,20260903,143,0.14345,7.625504000000001,10
compact_111_chem20262843_T300_rate0p005,111,300,20262843,20260903,144,0.14445000000000002,7.4470529999999995,10
compact_111_chem20262843_T300_rate0p005,111,300,20262843,20260903,145,0.14545,7.10945,10
compact_111_chem20262843_T300_rate0p005,111,300,20262843,20260903,146,0.14645000000000002,6.897991,10
compact_111_chem20262843_T300_rate0p005,111,300,20262843,20260903,147,0.14745,6.713198,10
compact_111_chem20262843_T300_rate0p005,111,300,20262843,20260903,148,0.14845000000000003,6.502352999999999,10
compact_111_chem20262843_T300_rate0p005,111,300,20262843,20260903,149,0.14945,6.568463000000001,10
compact_111_chem20262843_T300_rate0p005,111,300,20262843,20260903,150,0.15045000000000003,6.462205,10
compact_111_chem20262843_T300_rate0p005,111,300,20262843,20260903,151,0.15145,6.329141000000001,10
compact_111_chem20262843_T300_rate0p005,111,300,20262843,20260903,152,0.15245000000000003,6.225440000000001,10
compact_111_chem20262843_T300_rate0p005,111,300,20262843,20260903,153,0.15345,6.1804749999999995,10
compact_111_chem20262843_T300_rate0p005,111,300,20262843,20260903,154,0.15445000000000003,6.026289,10
compact_111_chem20262843_T300_rate0p005,111,300,20262843,20260903,155,0.15545,5.9048549999999995,10
compact_111_chem20262843_T300_rate0p005,111,300,20262843,20260903,156,0.15645000000000003,5.679138,10
compact_111_chem20262843_T300_rate0p005,111,300,20262843,20260903,157,0.15745,5.420254,10
compact_111_chem20262843_T300_rate0p005,111,300,20262843,20260903,158,0.15845000000000004,5.458475999999999,10
compact_111_chem20262843_T300_rate0p005,111,300,20262843,20260903,159,0.15944999999999998,5.119768,10
compact_111_chem20262843_T300_rate0p005,111,300,20262843,20260903,160,0.16045,5.049987,10
compact_111_chem20262843_T300_rate0p005,111,300,20262843,20260903,161,0.16144999999999998,5.001043999999999,10
compact_111_chem20262843_T300_rate0p005,111,300,20262843,20260903,162,0.16245,4.786498,10
compact_111_chem20262843_T300_rate0p005,111,300,20262843,20260903,163,0.16344999999999998,4.889513,10
compact_111_chem20262843_T300_rate0p005,111,300,20262843,20260903,164,0.16445,4.757258,10
compact_111_chem20262843_T300_rate0p005,111,300,20262843,20260903,165,0.16544999999999999,4.601144,10
compact_111_chem20262843_T300_rate0p005,111,300,20262843,20260903,166,0.16645000000000001,4.489711,10
compact_111_chem20262843_T300_rate0p005,111,300,20262843,20260903,167,0.16745,4.512498,10
compact_111_chem20262843_T300_rate0p005,111,300,20262843,20260903,168,0.16845000000000002,4.433549999999999,10
compact_111_chem20262843_T300_rate0p005,111,300,20262843,20260903,169,0.16945,4.165083999999999,10
compact_111_chem20262843_T300_rate0p005,111,300,20262843,20260903,170,0.17045000000000002,4.074149,10
compact_111_chem20262843_T300_rate0p005,111,300,20262843,20260903,171,0.17145,4.085346,10
compact_111_chem20262843_T300_rate0p005,111,300,20262843,20260903,172,0.17245000000000002,3.8727199999999997,10
compact_111_chem20262843_T300_rate0p005,111,300,20262843,20260903,173,0.17345,3.8780880000000004,10
compact_111_chem20262843_T300_rate0p005,111,300,20262843,20260903,174,0.17445000000000002,3.981169,10
compact_111_chem20262843_T300_rate0p005,111,300,20262843,20260903,175,0.17545,3.9774070000000004,10
compact_111_chem20262843_T300_rate0p005,111,300,20262843,20260903,176,0.17645000000000002,3.98602,10
compact_111_chem20262843_T300_rate0p005,111,300,20262843,20260903,177,0.17745,4.005957,10
compact_111_chem20262843_T300_rate0p005,111,300,20262843,20260903,178,0.17845,3.981516,10
compact_111_chem20262843_T300_rate0p005,111,300,20262843,20260903,179,0.17944999999999997,3.998856,10
compact_111_chem20262843_T300_rate0p005,111,300,20262843,20260903,180,0.18045,3.8891970000000002,10
compact_111_chem20262843_T300_rate0p005,111,300,20262843,20260903,181,0.18144999999999997,3.7733909999999993,10
compact_111_chem20262843_T300_rate0p005,111,300,20262843,20260903,182,0.18245,3.661144,10
compact_111_chem20262843_T300_rate0p005,111,300,20262843,20260903,183,0.18344999999999997,3.643403,10
compact_111_chem20262843_T300_rate0p005,111,300,20262843,20260903,184,0.18445,3.8440039999999995,10
compact_111_chem20262843_T300_rate0p005,111,300,20262843,20260903,185,0.18544999999999998,3.689538,10
compact_111_chem20262843_T300_rate0p005,111,300,20262843,20260903,186,0.18645,3.6814869999999997,10
compact_111_chem20262843_T300_rate0p005,111,300,20262843,20260903,187,0.18744999999999998,3.6974920000000004,10
compact_111_chem20262843_T300_rate0p005,111,300,20262843,20260903,188,0.18845,3.7165999999999997,10
compact_111_chem20262843_T300_rate0p005,111,300,20262843,20260903,189,0.18944999999999998,3.8917230000000003,10
compact_111_chem20262843_T300_rate0p005,111,300,20262843,20260903,190,0.19045,3.8053420000000004,10
compact_111_chem20262843_T300_rate0p005,111,300,20262843,20260903,191,0.19144999999999998,3.7783130000000007,10
compact_111_chem20262843_T300_rate0p005,111,300,20262843,20260903,192,0.19245,3.760479,10
compact_111_chem20262843_T300_rate0p005,111,300,20262843,20260903,193,0.19344999999999998,3.6535640000000003,10
compact_111_chem20262843_T300_rate0p005,111,300,20262843,20260903,194,0.19445,3.691147,10
compact_111_chem20262843_T300_rate0p005,111,300,20262843,20260903,195,0.19544999999999998,3.6984550000000005,10
compact_111_chem20262843_T300_rate0p005,111,300,20262843,20260903,196,0.19645,3.6301360000000003,10
compact_111_chem20262843_T300_rate0p005,111,300,20262843,20260903,197,0.19745,3.49996,10
compact_111_chem20262843_T300_rate0p005,111,300,20262843,20260903,198,0.19845000000000002,3.613803,10
compact_111_chem20262843_T300_rate0p005,111,300,20262843,20260903,199,0.19945,3.458155,10
compact_111_chem20262843_T300_rate0p005,111,300,20262843,20260903,200,0.2,3.3842,1
compact_111_chem20264861_T300_rate0p005,111,300,20264861,20260907,0,0.00045000000000011036,0.165120502,10
compact_111_chem20264861_T300_rate0p005,111,300,20264861,20260907,1,0.0014500000000000001,0.21295462999999998,10
compact_111_chem20264861_T300_rate0p005,111,300,20264861,20260907,2,0.00245,0.2454274,10
compact_111_chem20264861_T300_rate0p005,111,300,20264861,20260907,3,0.0034500000000000004,0.36490692,10
compact_111_chem20264861_T300_rate0p005,111,300,20264861,20260907,4,0.00445,0.5652498,10
compact_111_chem20264861_T300_rate0p005,111,300,20264861,20260907,5,0.005450000000000001,0.5448712,10
compact_111_chem20264861_T300_rate0p005,111,300,20264861,20260907,6,0.00645,0.7781016999999999,10
compact_111_chem20264861_T300_rate0p005,111,300,20264861,20260907,7,0.007450000000000001,0.8051259,10
compact_111_chem20264861_T300_rate0p005,111,300,20264861,20260907,8,0.008450000000000001,0.8766556,10
compact_111_chem20264861_T300_rate0p005,111,300,20264861,20260907,9,0.00945,0.9484800999999999,10
compact_111_chem20264861_T300_rate0p005,111,300,20264861,20260907,10,0.010450000000000001,0.9861494000000001,10
compact_111_chem20264861_T300_rate0p005,111,300,20264861,20260907,11,0.011450000000000002,1.0998900000000003,10
compact_111_chem20264861_T300_rate0p005,111,300,20264861,20260907,12,0.01245,1.3674400000000002,10
compact_111_chem20264861_T300_rate0p005,111,300,20264861,20260907,13,0.013449999999999998,1.3311039999999998,10
compact_111_chem20264861_T300_rate0p005,111,300,20264861,20260907,14,0.01445,1.386741,10
compact_111_chem20264861_T300_rate0p005,111,300,20264861,20260907,15,0.01545,1.5411419999999998,10
compact_111_chem20264861_T300_rate0p005,111,300,20264861,20260907,16,0.01645,1.5776080000000001,10
compact_111_chem20264861_T300_rate0p005,111,300,20264861,20260907,17,0.01745,1.716112,10
compact_111_chem20264861_T300_rate0p005,111,300,20264861,20260907,18,0.01845,1.695926,10
compact_111_chem20264861_T300_rate0p005,111,300,20264861,20260907,19,0.019450000000000002,1.9078430000000004,10
compact_111_chem20264861_T300_rate0p005,111,300,20264861,20260907,20,0.02045,1.9425350000000001,10
compact_111_chem20264861_T300_rate0p005,111,300,20264861,20260907,21,0.02145,2.0650870000000006,10
compact_111_chem20264861_T300_rate0p005,111,300,20264861,20260907,22,0.02245,2.1776729999999995,10
compact_111_chem20264861_T300_rate0p005,111,300,20264861,20260907,23,0.023450000000000002,2.2225580000000003,10
compact_111_chem20264861_T300_rate0p005,111,300,20264861,20260907,24,0.02445,2.384374,10
compact_111_chem20264861_T300_rate0p005,111,300,20264861,20260907,25,0.02545,2.5469239999999997,10
compact_111_chem20264861_T300_rate0p005,111,300,20264861,20260907,26,0.026449999999999994,2.493259,10
compact_111_chem20264861_T300_rate0p005,111,300,20264861,20260907,27,0.027449999999999995,2.646108,10
compact_111_chem20264861_T300_rate0p005,111,300,20264861,20260907,28,0.028449999999999996,2.681848,10
compact_111_chem20264861_T300_rate0p005,111,300,20264861,20260907,29,0.029449999999999997,2.8981539999999995,10
compact_111_chem20264861_T300_rate0p005,111,300,20264861,20260907,30,0.030449999999999998,2.8729369999999994,10
compact_111_chem20264861_T300_rate0p005,111,300,20264861,20260907,31,0.03144999999999999,2.918121,10
compact_111_chem20264861_T300_rate0p005,111,300,20264861,20260907,32,0.03244999999999999,3.0471429999999997,10
compact_111_chem20264861_T300_rate0p005,111,300,20264861,20260907,33,0.033449999999999994,3.171902,10
compact_111_chem20264861_T300_rate0p005,111,300,20264861,20260907,34,0.034449999999999995,3.215936,10
compact_111_chem20264861_T300_rate0p005,111,300,20264861,20260907,35,0.035449999999999995,3.3309670000000002,10
compact_111_chem20264861_T300_rate0p005,111,300,20264861,20260907,36,0.036449999999999996,3.4434219999999995,10
compact_111_chem20264861_T300_rate0p005,111,300,20264861,20260907,37,0.03745,3.515921,10
compact_111_chem20264861_T300_rate0p005,111,300,20264861,20260907,38,0.03845,3.583763,10
compact_111_chem20264861_T300_rate0p005,111,300,20264861,20260907,39,0.03945,3.715158,10
compact_111_chem20264861_T300_rate0p005,111,300,20264861,20260907,40,0.04045,3.7515080000000003,10
compact_111_chem20264861_T300_rate0p005,111,300,20264861,20260907,41,0.04145,3.8395850000000005,10
compact_111_chem20264861_T300_rate0p005,111,300,20264861,20260907,42,0.04245,3.901053,10
compact_111_chem20264861_T300_rate0p005,111,300,20264861,20260907,43,0.04345,3.9793910000000006,10
compact_111_chem20264861_T300_rate0p005,111,300,20264861,20260907,44,0.04445,4.0910329999999995,10
compact_111_chem20264861_T300_rate0p005,111,300,20264861,20260907,45,0.045450000000000004,4.262662000000001,10
compact_111_chem20264861_T300_rate0p005,111,300,20264861,20260907,46,0.04645,4.251908,10
compact_111_chem20264861_T300_rate0p005,111,300,20264861,20260907,47,0.04745,4.3333129999999995,10
compact_111_chem20264861_T300_rate0p005,111,300,20264861,20260907,48,0.04845,4.399572000000001,10
compact_111_chem20264861_T300_rate0p005,111,300,20264861,20260907,49,0.04945,4.563831,10
compact_111_chem20264861_T300_rate0p005,111,300,20264861,20260907,50,0.050449999999999995,4.6182360000000005,10
compact_111_chem20264861_T300_rate0p005,111,300,20264861,20260907,51,0.051449999999999996,4.738614,10
compact_111_chem20264861_T300_rate0p005,111,300,20264861,20260907,52,0.05245,4.748531,10
compact_111_chem20264861_T300_rate0p005,111,300,20264861,20260907,53,0.05345,4.8956919999999995,10
compact_111_chem20264861_T300_rate0p005,111,300,20264861,20260907,54,0.05445,5.001309,10
compact_111_chem20264861_T300_rate0p005,111,300,20264861,20260907,55,0.05545,5.027572,10
compact_111_chem20264861_T300_rate0p005,111,300,20264861,20260907,56,0.05645,5.174728000000001,10
compact_111_chem20264861_T300_rate0p005,111,300,20264861,20260907,57,0.05744999999999999,5.178723000000001,10
compact_111_chem20264861_T300_rate0p005,111,300,20264861,20260907,58,0.05844999999999999,5.339449,10
compact_111_chem20264861_T300_rate0p005,111,300,20264861,20260907,59,0.05944999999999999,5.412952,10
compact_111_chem20264861_T300_rate0p005,111,300,20264861,20260907,60,0.06044999999999999,5.430383,10
compact_111_chem20264861_T300_rate0p005,111,300,20264861,20260907,61,0.06144999999999999,5.542878000000001,10
compact_111_chem20264861_T300_rate0p005,111,300,20264861,20260907,62,0.06244999999999999,5.633246,10
compact_111_chem20264861_T300_rate0p005,111,300,20264861,20260907,63,0.06344999999999999,5.768993,10
compact_111_chem20264861_T300_rate0p005,111,300,20264861,20260907,64,0.06444999999999998,5.798712999999999,10
compact_111_chem20264861_T300_rate0p005,111,300,20264861,20260907,65,0.06544999999999998,5.765623,10
compact_111_chem20264861_T300_rate0p005,111,300,20264861,20260907,66,0.06644999999999998,5.994409,10
compact_111_chem20264861_T300_rate0p005,111,300,20264861,20260907,67,0.06744999999999998,6.060219999999999,10
compact_111_chem20264861_T300_rate0p005,111,300,20264861,20260907,68,0.06844999999999998,6.0220970000000005,10
compact_111_chem20264861_T300_rate0p005,111,300,20264861,20260907,69,0.06944999999999998,6.185363000000001,10
compact_111_chem20264861_T300_rate0p005,111,300,20264861,20260907,70,0.07044999999999998,6.326733,10
compact_111_chem20264861_T300_rate0p005,111,300,20264861,20260907,71,0.07144999999999999,6.371102,10
compact_111_chem20264861_T300_rate0p005,111,300,20264861,20260907,72,0.07244999999999999,6.4081649999999994,10
compact_111_chem20264861_T300_rate0p005,111,300,20264861,20260907,73,0.07344999999999999,6.556807999999999,10
compact_111_chem20264861_T300_rate0p005,111,300,20264861,20260907,74,0.07444999999999999,6.625518,10
compact_111_chem20264861_T300_rate0p005,111,300,20264861,20260907,75,0.07544999999999999,6.716678999999999,10
compact_111_chem20264861_T300_rate0p005,111,300,20264861,20260907,76,0.07644999999999999,6.731392,10
compact_111_chem20264861_T300_rate0p005,111,300,20264861,20260907,77,0.07744999999999999,6.81161,10
compact_111_chem20264861_T300_rate0p005,111,300,20264861,20260907,78,0.07844999999999999,6.8894280000000006,10
compact_111_chem20264861_T300_rate0p005,111,300,20264861,20260907,79,0.07944999999999999,7.002743,10
compact_111_chem20264861_T300_rate0p005,111,300,20264861,20260907,80,0.08045,7.025283999999999,10
compact_111_chem20264861_T300_rate0p005,111,300,20264861,20260907,81,0.08145,7.055349000000001,10
compact_111_chem20264861_T300_rate0p005,111,300,20264861,20260907,82,0.08245,7.287224,10
compact_111_chem20264861_T300_rate0p005,111,300,20264861,20260907,83,0.08345,7.3183229999999995,10
compact_111_chem20264861_T300_rate0p005,111,300,20264861,20260907,84,0.08445,7.420013999999999,10
compact_111_chem20264861_T300_rate0p005,111,300,20264861,20260907,85,0.08545,7.388286000000001,10
compact_111_chem20264861_T300_rate0p005,111,300,20264861,20260907,86,0.08645,7.472380999999999,10
compact_111_chem20264861_T300_rate0p005,111,300,20264861,20260907,87,0.08745,7.593209,10
compact_111_chem20264861_T300_rate0p005,111,300,20264861,20260907,88,0.08845,7.685903000000001,10
compact_111_chem20264861_T300_rate0p005,111,300,20264861,20260907,89,0.08945,7.656627,10
compact_111_chem20264861_T300_rate0p005,111,300,20264861,20260907,90,0.09045,7.76087,10
compact_111_chem20264861_T300_rate0p005,111,300,20264861,20260907,91,0.09145,7.867912,10
compact_111_chem20264861_T300_rate0p005,111,300,20264861,20260907,92,0.09245,7.936157,10
compact_111_chem20264861_T300_rate0p005,111,300,20264861,20260907,93,0.09345,7.922699,10
compact_111_chem20264861_T300_rate0p005,111,300,20264861,20260907,94,0.09445,8.012650999999998,10
compact_111_chem20264861_T300_rate0p005,111,300,20264861,20260907,95,0.09545,8.020071,10
compact_111_chem20264861_T300_rate0p005,111,300,20264861,20260907,96,0.09645,8.04903,10
compact_111_chem20264861_T300_rate0p005,111,300,20264861,20260907,97,0.09745,8.199230000000002,10
compact_111_chem20264861_T300_rate0p005,111,300,20264861,20260907,98,0.09845,8.198252,10
compact_111_chem20264861_T300_rate0p005,111,300,20264861,20260907,99,0.09945,8.217543000000001,10
compact_111_chem20264861_T300_rate0p005,111,300,20264861,20260907,100,0.10045,8.2778,10
compact_111_chem20264861_T300_rate0p005,111,300,20264861,20260907,101,0.10145,8.284312,10
compact_111_chem20264861_T300_rate0p005,111,300,20264861,20260907,102,0.10245,8.419399000000002,10
compact_111_chem20264861_T300_rate0p005,111,300,20264861,20260907,103,0.10345,8.457631000000001,10
compact_111_chem20264861_T300_rate0p005,111,300,20264861,20260907,104,0.10445,8.496526,10
compact_111_chem20264861_T300_rate0p005,111,300,20264861,20260907,105,0.10545,8.345928,10
compact_111_chem20264861_T300_rate0p005,111,300,20264861,20260907,106,0.10645,8.417402000000001,10
compact_111_chem20264861_T300_rate0p005,111,300,20264861,20260907,107,0.10745,8.528858999999999,10
compact_111_chem20264861_T300_rate0p005,111,300,20264861,20260907,108,0.10845,8.527747,10
compact_111_chem20264861_T300_rate0p005,111,300,20264861,20260907,109,0.10945,8.538203,10
compact_111_chem20264861_T300_rate0p005,111,300,20264861,20260907,110,0.11045,8.603551,10
compact_111_chem20264861_T300_rate0p005,111,300,20264861,20260907,111,0.11145000000000001,8.609676000000002,10
compact_111_chem20264861_T300_rate0p005,111,300,20264861,20260907,112,0.11245000000000001,8.555737999999998,10
compact_111_chem20264861_T300_rate0p005,111,300,20264861,20260907,113,0.11345000000000001,8.555378,10
compact_111_chem20264861_T300_rate0p005,111,300,20264861,20260907,114,0.11445000000000001,8.731663000000001,10
compact_111_chem20264861_T300_rate0p005,111,300,20264861,20260907,115,0.11545000000000001,8.649664999999999,10
compact_111_chem20264861_T300_rate0p005,111,300,20264861,20260907,116,0.11645000000000001,8.687230000000001,10
compact_111_chem20264861_T300_rate0p005,111,300,20264861,20260907,117,0.11745000000000001,8.646066999999999,10
compact_111_chem20264861_T300_rate0p005,111,300,20264861,20260907,118,0.11844999999999999,8.604029,10
compact_111_chem20264861_T300_rate0p005,111,300,20264861,20260907,119,0.11945000000000001,8.626985999999999,10
compact_111_chem20264861_T300_rate0p005,111,300,20264861,20260907,120,0.12044999999999999,8.585094,10
compact_111_chem20264861_T300_rate0p005,111,300,20264861,20260907,121,0.12144999999999999,8.529223,10
compact_111_chem20264861_T300_rate0p005,111,300,20264861,20260907,122,0.12244999999999999,8.555505,10
compact_111_chem20264861_T300_rate0p005,111,300,20264861,20260907,123,0.12344999999999999,8.606028,10
compact_111_chem20264861_T300_rate0p005,111,300,20264861,20260907,124,0.12444999999999999,8.592842000000001,10
compact_111_chem20264861_T300_rate0p005,111,300,20264861,20260907,125,0.12544999999999998,8.453336000000002,10
compact_111_chem20264861_T300_rate0p005,111,300,20264861,20260907,126,0.12645,8.311882,10
compact_111_chem20264861_T300_rate0p005,111,300,20264861,20260907,127,0.12744999999999998,8.182070999999999,10
compact_111_chem20264861_T300_rate0p005,111,300,20264861,20260907,128,0.12845,8.139758,10
compact_111_chem20264861_T300_rate0p005,111,300,20264861,20260907,129,0.12944999999999998,8.107195,10
compact_111_chem20264861_T300_rate0p005,111,300,20264861,20260907,130,0.13045,7.954199,10
compact_111_chem20264861_T300_rate0p005,111,300,20264861,20260907,131,0.13144999999999998,7.764951000000001,10
compact_111_chem20264861_T300_rate0p005,111,300,20264861,20260907,132,0.13245,7.625601999999999,10
compact_111_chem20264861_T300_rate0p005,111,300,20264861,20260907,133,0.13344999999999999,7.345413000000001,10
compact_111_chem20264861_T300_rate0p005,111,300,20264861,20260907,134,0.13445000000000001,7.250316000000001,10
compact_111_chem20264861_T300_rate0p005,111,300,20264861,20260907,135,0.13545,7.117521999999999,10
compact_111_chem20264861_T300_rate0p005,111,300,20264861,20260907,136,0.13645000000000002,7.004411,10
compact_111_chem20264861_T300_rate0p005,111,300,20264861,20260907,137,0.13745,6.902959,10
compact_111_chem20264861_T300_rate0p005,111,300,20264861,20260907,138,0.13845000000000002,6.832072999999999,10
compact_111_chem20264861_T300_rate0p005,111,300,20264861,20260907,139,0.13945,6.672383999999999,10
compact_111_chem20264861_T300_rate0p005,111,300,20264861,20260907,140,0.14045000000000002,6.445111999999999,10
compact_111_chem20264861_T300_rate0p005,111,300,20264861,20260907,141,0.14145,6.3352260000000005,10
compact_111_chem20264861_T300_rate0p005,111,300,20264861,20260907,142,0.14245000000000002,6.246160000000001,10
compact_111_chem20264861_T300_rate0p005,111,300,20264861,20260907,143,0.14345,6.189119,10
compact_111_chem20264861_T300_rate0p005,111,300,20264861,20260907,144,0.14445000000000002,6.114079,10
compact_111_chem20264861_T300_rate0p005,111,300,20264861,20260907,145,0.14545,6.046315,10
compact_111_chem20264861_T300_rate0p005,111,300,20264861,20260907,146,0.14645000000000002,5.985271000000001,10
compact_111_chem20264861_T300_rate0p005,111,300,20264861,20260907,147,0.14745,5.881701999999999,10
compact_111_chem20264861_T300_rate0p005,111,300,20264861,20260907,148,0.14845000000000003,5.777728999999999,10
compact_111_chem20264861_T300_rate0p005,111,300,20264861,20260907,149,0.14945,5.532369,10
compact_111_chem20264861_T300_rate0p005,111,300,20264861,20260907,150,0.15045000000000003,5.5935559999999995,10
compact_111_chem20264861_T300_rate0p005,111,300,20264861,20260907,151,0.15145,5.642204,10
compact_111_chem20264861_T300_rate0p005,111,300,20264861,20260907,152,0.15245000000000003,5.445505,10
compact_111_chem20264861_T300_rate0p005,111,300,20264861,20260907,153,0.15345,5.218704,10
compact_111_chem20264861_T300_rate0p005,111,300,20264861,20260907,154,0.15445000000000003,5.04659,10
compact_111_chem20264861_T300_rate0p005,111,300,20264861,20260907,155,0.15545,4.957725,10
compact_111_chem20264861_T300_rate0p005,111,300,20264861,20260907,156,0.15645000000000003,4.867768,10
compact_111_chem20264861_T300_rate0p005,111,300,20264861,20260907,157,0.15745,4.925531000000001,10
compact_111_chem20264861_T300_rate0p005,111,300,20264861,20260907,158,0.15845000000000004,4.790692,10
compact_111_chem20264861_T300_rate0p005,111,300,20264861,20260907,159,0.15944999999999998,4.774760000000001,10
compact_111_chem20264861_T300_rate0p005,111,300,20264861,20260907,160,0.16045,4.606117,10
compact_111_chem20264861_T300_rate0p005,111,300,20264861,20260907,161,0.16144999999999998,4.474763,10
compact_111_chem20264861_T300_rate0p005,111,300,20264861,20260907,162,0.16245,4.421496,10
compact_111_chem20264861_T300_rate0p005,111,300,20264861,20260907,163,0.16344999999999998,4.438344,10
compact_111_chem20264861_T300_rate0p005,111,300,20264861,20260907,164,0.16445,4.642091,10
compact_111_chem20264861_T300_rate0p005,111,300,20264861,20260907,165,0.16544999999999999,4.432023000000001,10
compact_111_chem20264861_T300_rate0p005,111,300,20264861,20260907,166,0.16645000000000001,4.456643000000001,10
compact_111_chem20264861_T300_rate0p005,111,300,20264861,20260907,167,0.16745,4.420280999999999,10
compact_111_chem20264861_T300_rate0p005,111,300,20264861,20260907,168,0.16845000000000002,4.536754,10
compact_111_chem20264861_T300_rate0p005,111,300,20264861,20260907,169,0.16945,4.516273,10
compact_111_chem20264861_T300_rate0p005,111,300,20264861,20260907,170,0.17045000000000002,4.519043,10
compact_111_chem20264861_T300_rate0p005,111,300,20264861,20260907,171,0.17145,4.609230999999999,10
compact_111_chem20264861_T300_rate0p005,111,300,20264861,20260907,172,0.17245000000000002,4.642526999999999,10
compact_111_chem20264861_T300_rate0p005,111,300,20264861,20260907,173,0.17345,4.57484,10
compact_111_chem20264861_T300_rate0p005,111,300,20264861,20260907,174,0.17445000000000002,4.771213,10
compact_111_chem20264861_T300_rate0p005,111,300,20264861,20260907,175,0.17545,4.642801,10
compact_111_chem20264861_T300_rate0p005,111,300,20264861,20260907,176,0.17645000000000002,4.648816,10
compact_111_chem20264861_T300_rate0p005,111,300,20264861,20260907,177,0.17745,4.790407,10
compact_111_chem20264861_T300_rate0p005,111,300,20264861,20260907,178,0.17845,4.669409999999999,10
compact_111_chem20264861_T300_rate0p005,111,300,20264861,20260907,179,0.17944999999999997,4.62055,10
compact_111_chem20264861_T300_rate0p005,111,300,20264861,20260907,180,0.18045,4.506278,10
compact_111_chem20264861_T300_rate0p005,111,300,20264861,20260907,181,0.18144999999999997,4.554301000000001,10
compact_111_chem20264861_T300_rate0p005,111,300,20264861,20260907,182,0.18245,4.457799,10
compact_111_chem20264861_T300_rate0p005,111,300,20264861,20260907,183,0.18344999999999997,4.386793,10
compact_111_chem20264861_T300_rate0p005,111,300,20264861,20260907,184,0.18445,4.584148,10
compact_111_chem20264861_T300_rate0p005,111,300,20264861,20260907,185,0.18544999999999998,4.501301000000001,10
compact_111_chem20264861_T300_rate0p005,111,300,20264861,20260907,186,0.18645,4.451755,10
compact_111_chem20264861_T300_rate0p005,111,300,20264861,20260907,187,0.18744999999999998,4.574763000000001,10
compact_111_chem20264861_T300_rate0p005,111,300,20264861,20260907,188,0.18845,4.500423,10
compact_111_chem20264861_T300_rate0p005,111,300,20264861,20260907,189,0.18944999999999998,4.453611,10
compact_111_chem20264861_T300_rate0p005,111,300,20264861,20260907,190,0.19045,4.417142,10
compact_111_chem20264861_T300_rate0p005,111,300,20264861,20260907,191,0.19144999999999998,4.3809249999999995,10
compact_111_chem20264861_T300_rate0p005,111,300,20264861,20260907,192,0.19245,4.430578,10
compact_111_chem20264861_T300_rate0p005,111,300,20264861,20260907,193,0.19344999999999998,4.372604000000001,10
compact_111_chem20264861_T300_rate0p005,111,300,20264861,20260907,194,0.19445,4.329767,10
compact_111_chem20264861_T300_rate0p005,111,300,20264861,20260907,195,0.19544999999999998,4.358684,10
compact_111_chem20264861_T300_rate0p005,111,300,20264861,20260907,196,0.19645,4.464216,10
compact_111_chem20264861_T300_rate0p005,111,300,20264861,20260907,197,0.19745,4.573941,10
compact_111_chem20264861_T300_rate0p005,111,300,20264861,20260907,198,0.19845000000000002,4.542601,10
compact_111_chem20264861_T300_rate0p005,111,300,20264861,20260907,199,0.19945,4.602468,10
compact_111_chem20264861_T300_rate0p005,111,300,20264861,20260907,200,0.2,4.77445,1
compact_111_chem20260825_T1200_rate0p005,111,1200,20260825,20260901,0,0.00045,-0.26085392999999996,10
compact_111_chem20260825_T1200_rate0p005,111,1200,20260825,20260901,1,0.0014500000000000001,-0.09617045999999999,10
compact_111_chem20260825_T1200_rate0p005,111,1200,20260825,20260901,2,0.00245,0.051756384,10
compact_111_chem20260825_T1200_rate0p005,111,1200,20260825,20260901,3,0.0034500000000000004,0.159878184,10
compact_111_chem20260825_T1200_rate0p005,111,1200,20260825,20260901,4,0.00445,0.3261345,10
compact_111_chem20260825_T1200_rate0p005,111,1200,20260825,20260901,5,0.005450000000000001,0.22310789,10
compact_111_chem20260825_T1200_rate0p005,111,1200,20260825,20260901,6,0.00645,0.2976624,10
compact_111_chem20260825_T1200_rate0p005,111,1200,20260825,20260901,7,0.007450000000000001,0.599219,10
compact_111_chem20260825_T1200_rate0p005,111,1200,20260825,20260901,8,0.008450000000000001,0.5045393,10
compact_111_chem20260825_T1200_rate0p005,111,1200,20260825,20260901,9,0.00945,0.7009514000000001,10
compact_111_chem20260825_T1200_rate0p005,111,1200,20260825,20260901,10,0.010450000000000001,0.7240456,10
compact_111_chem20260825_T1200_rate0p005,111,1200,20260825,20260901,11,0.011450000000000002,0.7584712,10
compact_111_chem20260825_T1200_rate0p005,111,1200,20260825,20260901,12,0.01245,0.9037348999999999,10
compact_111_chem20260825_T1200_rate0p005,111,1200,20260825,20260901,13,0.013449999999999998,0.7454756,10
compact_111_chem20260825_T1200_rate0p005,111,1200,20260825,20260901,14,0.01445,1.0471465000000002,10
compact_111_chem20260825_T1200_rate0p005,111,1200,20260825,20260901,15,0.01545,1.0459564,10
compact_111_chem20260825_T1200_rate0p005,111,1200,20260825,20260901,16,0.01645,1.3698110000000001,10
compact_111_chem20260825_T1200_rate0p005,111,1200,20260825,20260901,17,0.01745,1.3552849999999999,10
compact_111_chem20260825_T1200_rate0p005,111,1200,20260825,20260901,18,0.01845,1.3258450000000002,10
compact_111_chem20260825_T1200_rate0p005,111,1200,20260825,20260901,19,0.019450000000000002,1.6726050000000001,10
compact_111_chem20260825_T1200_rate0p005,111,1200,20260825,20260901,20,0.02045,1.512749,10
compact_111_chem20260825_T1200_rate0p005,111,1200,20260825,20260901,21,0.02145,1.753395,10
compact_111_chem20260825_T1200_rate0p005,111,1200,20260825,20260901,22,0.02245,1.5306070000000003,10
compact_111_chem20260825_T1200_rate0p005,111,1200,20260825,20260901,23,0.023450000000000002,1.9002570000000003,10
compact_111_chem20260825_T1200_rate0p005,111,1200,20260825,20260901,24,0.02445,1.8414859999999997,10
compact_111_chem20260825_T1200_rate0p005,111,1200,20260825,20260901,25,0.02545,1.8834119999999999,10
compact_111_chem20260825_T1200_rate0p005,111,1200,20260825,20260901,26,0.026449999999999994,2.169954,10
compact_111_chem20260825_T1200_rate0p005,111,1200,20260825,20260901,27,0.027449999999999995,2.05192,10
compact_111_chem20260825_T1200_rate0p005,111,1200,20260825,20260901,28,0.028449999999999996,2.3479749999999995,10
compact_111_chem20260825_T1200_rate0p005,111,1200,20260825,20260901,29,0.029449999999999997,2.264189,10
compact_111_chem20260825_T1200_rate0p005,111,1200,20260825,20260901,30,0.030449999999999998,2.492791,10
compact_111_chem20260825_T1200_rate0p005,111,1200,20260825,20260901,31,0.03144999999999999,2.5637779999999997,10
compact_111_chem20260825_T1200_rate0p005,111,1200,20260825,20260901,32,0.03244999999999999,2.624643,10
compact_111_chem20260825_T1200_rate0p005,111,1200,20260825,20260901,33,0.033449999999999994,2.630942,10
compact_111_chem20260825_T1200_rate0p005,111,1200,20260825,20260901,34,0.034449999999999995,2.6643110000000005,10
compact_111_chem20260825_T1200_rate0p005,111,1200,20260825,20260901,35,0.035449999999999995,2.9004960000000004,10
compact_111_chem20260825_T1200_rate0p005,111,1200,20260825,20260901,36,0.036449999999999996,2.5156330000000002,10
compact_111_chem20260825_T1200_rate0p005,111,1200,20260825,20260901,37,0.03745,2.9398989999999996,10
compact_111_chem20260825_T1200_rate0p005,111,1200,20260825,20260901,38,0.03845,3.119672,10
compact_111_chem20260825_T1200_rate0p005,111,1200,20260825,20260901,39,0.03945,3.093989,10
compact_111_chem20260825_T1200_rate0p005,111,1200,20260825,20260901,40,0.04045,3.2862720000000003,10
compact_111_chem20260825_T1200_rate0p005,111,1200,20260825,20260901,41,0.04145,3.2177689999999997,10
compact_111_chem20260825_T1200_rate0p005,111,1200,20260825,20260901,42,0.04245,3.410801,10
compact_111_chem20260825_T1200_rate0p005,111,1200,20260825,20260901,43,0.04345,3.4264379999999997,10
compact_111_chem20260825_T1200_rate0p005,111,1200,20260825,20260901,44,0.04445,3.6919920000000004,10
compact_111_chem20260825_T1200_rate0p005,111,1200,20260825,20260901,45,0.045450000000000004,3.4822029999999997,10
compact_111_chem20260825_T1200_rate0p005,111,1200,20260825,20260901,46,0.04645,3.6979999999999995,10
compact_111_chem20260825_T1200_rate0p005,111,1200,20260825,20260901,47,0.04745,3.7917569999999996,10
compact_111_chem20260825_T1200_rate0p005,111,1200,20260825,20260901,48,0.04845,3.61068,10
compact_111_chem20260825_T1200_rate0p005,111,1200,20260825,20260901,49,0.04945,3.950699999999999,10
compact_111_chem20260825_T1200_rate0p005,111,1200,20260825,20260901,50,0.050449999999999995,3.9973729999999996,10
compact_111_chem20260825_T1200_rate0p005,111,1200,20260825,20260901,51,0.051449999999999996,3.9593590000000005,10
compact_111_chem20260825_T1200_rate0p005,111,1200,20260825,20260901,52,0.05245,4.271922999999999,10
compact_111_chem20260825_T1200_rate0p005,111,1200,20260825,20260901,53,0.05345,4.1323799999999995,10
compact_111_chem20260825_T1200_rate0p005,111,1200,20260825,20260901,54,0.05445,4.312222,10
compact_111_chem20260825_T1200_rate0p005,111,1200,20260825,20260901,55,0.05545,4.349985,10
compact_111_chem20260825_T1200_rate0p005,111,1200,20260825,20260901,56,0.05645,4.280112000000001,10
compact_111_chem20260825_T1200_rate0p005,111,1200,20260825,20260901,57,0.05744999999999999,4.561832,10
compact_111_chem20260825_T1200_rate0p005,111,1200,20260825,20260901,58,0.05844999999999999,4.338525000000001,10
compact_111_chem20260825_T1200_rate0p005,111,1200,20260825,20260901,59,0.05944999999999999,4.483682,10
compact_111_chem20260825_T1200_rate0p005,111,1200,20260825,20260901,60,0.06044999999999999,4.712567999999999,10
compact_111_chem20260825_T1200_rate0p005,111,1200,20260825,20260901,61,0.06144999999999999,4.525948999999999,10
compact_111_chem20260825_T1200_rate0p005,111,1200,20260825,20260901,62,0.06244999999999999,4.8303400000000005,10
compact_111_chem20260825_T1200_rate0p005,111,1200,20260825,20260901,63,0.06344999999999999,4.647446,10
compact_111_chem20260825_T1200_rate0p005,111,1200,20260825,20260901,64,0.06444999999999998,5.065621,10
compact_111_chem20260825_T1200_rate0p005,111,1200,20260825,20260901,65,0.06544999999999998,4.877785,10
compact_111_chem20260825_T1200_rate0p005,111,1200,20260825,20260901,66,0.06644999999999998,5.141610999999999,10
compact_111_chem20260825_T1200_rate0p005,111,1200,20260825,20260901,67,0.06744999999999998,5.2258700000000005,10
compact_111_chem20260825_T1200_rate0p005,111,1200,20260825,20260901,68,0.06844999999999998,5.044634,10
compact_111_chem20260825_T1200_rate0p005,111,1200,20260825,20260901,69,0.06944999999999998,5.178693,10
compact_111_chem20260825_T1200_rate0p005,111,1200,20260825,20260901,70,0.07044999999999998,5.264626,10
compact_111_chem20260825_T1200_rate0p005,111,1200,20260825,20260901,71,0.07144999999999999,5.438976,10
compact_111_chem20260825_T1200_rate0p005,111,1200,20260825,20260901,72,0.07244999999999999,5.373404,10
compact_111_chem20260825_T1200_rate0p005,111,1200,20260825,20260901,73,0.07344999999999999,5.574451999999999,10
compact_111_chem20260825_T1200_rate0p005,111,1200,20260825,20260901,74,0.07444999999999999,5.553138,10
compact_111_chem20260825_T1200_rate0p005,111,1200,20260825,20260901,75,0.07544999999999999,5.681915999999999,10
compact_111_chem20260825_T1200_rate0p005,111,1200,20260825,20260901,76,0.07644999999999999,5.766775000000001,10
compact_111_chem20260825_T1200_rate0p005,111,1200,20260825,20260901,77,0.07744999999999999,5.665445999999999,10
compact_111_chem20260825_T1200_rate0p005,111,1200,20260825,20260901,78,0.07844999999999999,5.960176,10
compact_111_chem20260825_T1200_rate0p005,111,1200,20260825,20260901,79,0.07944999999999999,5.795999,10
compact_111_chem20260825_T1200_rate0p005,111,1200,20260825,20260901,80,0.08045,5.892109,10
compact_111_chem20260825_T1200_rate0p005,111,1200,20260825,20260901,81,0.08145,5.8099240000000005,10
compact_111_chem20260825_T1200_rate0p005,111,1200,20260825,20260901,82,0.08245,5.882347,10
compact_111_chem20260825_T1200_rate0p005,111,1200,20260825,20260901,83,0.08345,6.018145,10
compact_111_chem20260825_T1200_rate0p005,111,1200,20260825,20260901,84,0.08445,5.944381,10
compact_111_chem20260825_T1200_rate0p005,111,1200,20260825,20260901,85,0.08545,6.342491000000001,10
compact_111_chem20260825_T1200_rate0p005,111,1200,20260825,20260901,86,0.08645,5.847368,10
compact_111_chem20260825_T1200_rate0p005,111,1200,20260825,20260901,87,0.08745,6.1108970000000005,10
compact_111_chem20260825_T1200_rate0p005,111,1200,20260825,20260901,88,0.08845,6.005185,10
compact_111_chem20260825_T1200_rate0p005,111,1200,20260825,20260901,89,0.08945,6.403706,10
compact_111_chem20260825_T1200_rate0p005,111,1200,20260825,20260901,90,0.09045,6.453238000000001,10
compact_111_chem20260825_T1200_rate0p005,111,1200,20260825,20260901,91,0.09145,6.395376999999999,10
compact_111_chem20260825_T1200_rate0p005,111,1200,20260825,20260901,92,0.09245,6.449390000000001,10
compact_111_chem20260825_T1200_rate0p005,111,1200,20260825,20260901,93,0.09345,6.366494,10
compact_111_chem20260825_T1200_rate0p005,111,1200,20260825,20260901,94,0.09445,6.366007999999999,10
compact_111_chem20260825_T1200_rate0p005,111,1200,20260825,20260901,95,0.09545,6.409063000000001,10
compact_111_chem20260825_T1200_rate0p005,111,1200,20260825,20260901,96,0.09645,6.524597,10
compact_111_chem20260825_T1200_rate0p005,111,1200,20260825,20260901,97,0.09745,6.443202000000001,10
compact_111_chem20260825_T1200_rate0p005,111,1200,20260825,20260901,98,0.09845,6.701741,10
compact_111_chem20260825_T1200_rate0p005,111,1200,20260825,20260901,99,0.09945,6.851344,10
compact_111_chem20260825_T1200_rate0p005,111,1200,20260825,20260901,100,0.10045,6.681705000000001,10
compact_111_chem20260825_T1200_rate0p005,111,1200,20260825,20260901,101,0.10145,6.592291,10
compact_111_chem20260825_T1200_rate0p005,111,1200,20260825,20260901,102,0.10245,6.500884999999999,10
compact_111_chem20260825_T1200_rate0p005,111,1200,20260825,20260901,103,0.10345,6.641498,10
compact_111_chem20260825_T1200_rate0p005,111,1200,20260825,20260901,104,0.10445,6.529227000000001,10
compact_111_chem20260825_T1200_rate0p005,111,1200,20260825,20260901,105,0.10545,6.539509,10
compact_111_chem20260825_T1200_rate0p005,111,1200,20260825,20260901,106,0.10645,6.536461,10
compact_111_chem20260825_T1200_rate0p005,111,1200,20260825,20260901,107,0.10745,6.677626999999999,10
compact_111_chem20260825_T1200_rate0p005,111,1200,20260825,20260901,108,0.10845,6.555863,10
compact_111_chem20260825_T1200_rate0p005,111,1200,20260825,20260901,109,0.10945,6.660921999999999,10
compact_111_chem20260825_T1200_rate0p005,111,1200,20260825,20260901,110,0.11045,6.599095,10
compact_111_chem20260825_T1200_rate0p005,111,1200,20260825,20260901,111,0.11145000000000001,6.521526,10
compact_111_chem20260825_T1200_rate0p005,111,1200,20260825,20260901,112,0.11245000000000001,6.653790000000001,10
compact_111_chem20260825_T1200_rate0p005,111,1200,20260825,20260901,113,0.11345000000000001,6.470779,10
compact_111_chem20260825_T1200_rate0p005,111,1200,20260825,20260901,114,0.11445000000000001,6.651602,10
compact_111_chem20260825_T1200_rate0p005,111,1200,20260825,20260901,115,0.11545000000000001,6.3946950000000005,10
compact_111_chem20260825_T1200_rate0p005,111,1200,20260825,20260901,116,0.11645000000000001,6.5418,10
compact_111_chem20260825_T1200_rate0p005,111,1200,20260825,20260901,117,0.11745000000000001,6.2942149999999994,10
compact_111_chem20260825_T1200_rate0p005,111,1200,20260825,20260901,118,0.11844999999999999,5.950718999999999,10
compact_111_chem20260825_T1200_rate0p005,111,1200,20260825,20260901,119,0.11945000000000001,5.596819,10
compact_111_chem20260825_T1200_rate0p005,111,1200,20260825,20260901,120,0.12044999999999999,5.391018999999999,10
compact_111_chem20260825_T1200_rate0p005,111,1200,20260825,20260901,121,0.12144999999999999,5.085635,10
compact_111_chem20260825_T1200_rate0p005,111,1200,20260825,20260901,122,0.12244999999999999,4.872234,10
compact_111_chem20260825_T1200_rate0p005,111,1200,20260825,20260901,123,0.12344999999999999,4.708143,10
compact_111_chem20260825_T1200_rate0p005,111,1200,20260825,20260901,124,0.12444999999999999,4.771636,10
compact_111_chem20260825_T1200_rate0p005,111,1200,20260825,20260901,125,0.12544999999999998,4.354914000000001,10
compact_111_chem20260825_T1200_rate0p005,111,1200,20260825,20260901,126,0.12645,4.136886,10
compact_111_chem20260825_T1200_rate0p005,111,1200,20260825,20260901,127,0.12744999999999998,3.773535,10
compact_111_chem20260825_T1200_rate0p005,111,1200,20260825,20260901,128,0.12845,3.5983439999999995,10
compact_111_chem20260825_T1200_rate0p005,111,1200,20260825,20260901,129,0.12944999999999998,3.1451919999999998,10
compact_111_chem20260825_T1200_rate0p005,111,1200,20260825,20260901,130,0.13045,2.987976,10
compact_111_chem20260825_T1200_rate0p005,111,1200,20260825,20260901,131,0.13144999999999998,2.5216420000000004,10
compact_111_chem20260825_T1200_rate0p005,111,1200,20260825,20260901,132,0.13245,2.603941,10
compact_111_chem20260825_T1200_rate0p005,111,1200,20260825,20260901,133,0.13344999999999999,2.5343539999999996,10
compact_111_chem20260825_T1200_rate0p005,111,1200,20260825,20260901,134,0.13445000000000001,2.3619930000000005,10
compact_111_chem20260825_T1200_rate0p005,111,1200,20260825,20260901,135,0.13545,2.671737,10
compact_111_chem20260825_T1200_rate0p005,111,1200,20260825,20260901,136,0.13645000000000002,2.2517400000000003,10
compact_111_chem20260825_T1200_rate0p005,111,1200,20260825,20260901,137,0.13745,2.453394,10
compact_111_chem20260825_T1200_rate0p005,111,1200,20260825,20260901,138,0.13845000000000002,2.4484500000000002,10
compact_111_chem20260825_T1200_rate0p005,111,1200,20260825,20260901,139,0.13945,2.797162,10
compact_111_chem20260825_T1200_rate0p005,111,1200,20260825,20260901,140,0.14045000000000002,2.575768,10
compact_111_chem20260825_T1200_rate0p005,111,1200,20260825,20260901,141,0.14145,2.711502,10
compact_111_chem20260825_T1200_rate0p005,111,1200,20260825,20260901,142,0.14245000000000002,2.889022,10
compact_111_chem20260825_T1200_rate0p005,111,1200,20260825,20260901,143,0.14345,3.2536050000000003,10
compact_111_chem20260825_T1200_rate0p005,111,1200,20260825,20260901,144,0.14445000000000002,2.945342,10
compact_111_chem20260825_T1200_rate0p005,111,1200,20260825,20260901,145,0.14545,3.0448079999999997,10
compact_111_chem20260825_T1200_rate0p005,111,1200,20260825,20260901,146,0.14645000000000002,3.3205730000000004,10
compact_111_chem20260825_T1200_rate0p005,111,1200,20260825,20260901,147,0.14745,3.288514,10
compact_111_chem20260825_T1200_rate0p005,111,1200,20260825,20260901,148,0.14845000000000003,3.447338,10
compact_111_chem20260825_T1200_rate0p005,111,1200,20260825,20260901,149,0.14945,3.2845820000000003,10
compact_111_chem20260825_T1200_rate0p005,111,1200,20260825,20260901,150,0.15045000000000003,3.3478990000000004,10
compact_111_chem20260825_T1200_rate0p005,111,1200,20260825,20260901,151,0.15145,3.280946,10
compact_111_chem20260825_T1200_rate0p005,111,1200,20260825,20260901,152,0.15245000000000003,3.4143459999999997,10
compact_111_chem20260825_T1200_rate0p005,111,1200,20260825,20260901,153,0.15345,3.5472989999999998,10
compact_111_chem20260825_T1200_rate0p005,111,1200,20260825,20260901,154,0.15445000000000003,3.719045,10
compact_111_chem20260825_T1200_rate0p005,111,1200,20260825,20260901,155,0.15545,3.635922,10
compact_111_chem20260825_T1200_rate0p005,111,1200,20260825,20260901,156,0.15645000000000003,3.7292340000000004,10
compact_111_chem20260825_T1200_rate0p005,111,1200,20260825,20260901,157,0.15745,3.830592,10
compact_111_chem20260825_T1200_rate0p005,111,1200,20260825,20260901,158,0.15845000000000004,3.5898109999999996,10
compact_111_chem20260825_T1200_rate0p005,111,1200,20260825,20260901,159,0.15944999999999998,3.3826189999999996,10
compact_111_chem20260825_T1200_rate0p005,111,1200,20260825,20260901,160,0.16045,3.448708,10
compact_111_chem20260825_T1200_rate0p005,111,1200,20260825,20260901,161,0.16144999999999998,3.264329,10
compact_111_chem20260825_T1200_rate0p005,111,1200,20260825,20260901,162,0.16245,3.54915,10
compact_111_chem20260825_T1200_rate0p005,111,1200,20260825,20260901,163,0.16344999999999998,3.2936819999999996,10
compact_111_chem20260825_T1200_rate0p005,111,1200,20260825,20260901,164,0.16445,3.786318,10
compact_111_chem20260825_T1200_rate0p005,111,1200,20260825,20260901,165,0.16544999999999999,3.492292,10
compact_111_chem20260825_T1200_rate0p005,111,1200,20260825,20260901,166,0.16645000000000001,3.7056750000000003,10
compact_111_chem20260825_T1200_rate0p005,111,1200,20260825,20260901,167,0.16745,3.45452,10
compact_111_chem20260825_T1200_rate0p005,111,1200,20260825,20260901,168,0.16845000000000002,3.7559869999999997,10
compact_111_chem20260825_T1200_rate0p005,111,1200,20260825,20260901,169,0.16945,3.5581990000000006,10
compact_111_chem20260825_T1200_rate0p005,111,1200,20260825,20260901,170,0.17045000000000002,3.8053690000000002,10
compact_111_chem20260825_T1200_rate0p005,111,1200,20260825,20260901,171,0.17145,3.4333080000000002,10
compact_111_chem20260825_T1200_rate0p005,111,1200,20260825,20260901,172,0.17245000000000002,3.521938,10
compact_111_chem20260825_T1200_rate0p005,111,1200,20260825,20260901,173,0.17345,3.3553849999999996,10
compact_111_chem20260825_T1200_rate0p005,111,1200,20260825,20260901,174,0.17445000000000002,3.2881549999999997,10
compact_111_chem20260825_T1200_rate0p005,111,1200,20260825,20260901,175,0.17545,3.2162300000000004,10
compact_111_chem20260825_T1200_rate0p005,111,1200,20260825,20260901,176,0.17645000000000002,3.085399,10
compact_111_chem20260825_T1200_rate0p005,111,1200,20260825,20260901,177,0.17745,2.8162930000000004,10
compact_111_chem20260825_T1200_rate0p005,111,1200,20260825,20260901,178,0.17845,2.8615369999999993,10
compact_111_chem20260825_T1200_rate0p005,111,1200,20260825,20260901,179,0.17944999999999997,2.7182079999999997,10
compact_111_chem20260825_T1200_rate0p005,111,1200,20260825,20260901,180,0.18045,2.564016,10
compact_111_chem20260825_T1200_rate0p005,111,1200,20260825,20260901,181,0.18144999999999997,2.531819,10
compact_111_chem20260825_T1200_rate0p005,111,1200,20260825,20260901,182,0.18245,2.5061109999999998,10
compact_111_chem20260825_T1200_rate0p005,111,1200,20260825,20260901,183,0.18344999999999997,2.400892,10
compact_111_chem20260825_T1200_rate0p005,111,1200,20260825,20260901,184,0.18445,2.1207580000000004,10
compact_111_chem20260825_T1200_rate0p005,111,1200,20260825,20260901,185,0.18544999999999998,1.9645869999999999,10
compact_111_chem20260825_T1200_rate0p005,111,1200,20260825,20260901,186,0.18645,2.057526,10
compact_111_chem20260825_T1200_rate0p005,111,1200,20260825,20260901,187,0.18744999999999998,2.239669,10
compact_111_chem20260825_T1200_rate0p005,111,1200,20260825,20260901,188,0.18845,2.2676819999999998,10
compact_111_chem20260825_T1200_rate0p005,111,1200,20260825,20260901,189,0.18944999999999998,2.1989549999999993,10
compact_111_chem20260825_T1200_rate0p005,111,1200,20260825,20260901,190,0.19045,2.211105,10
compact_111_chem20260825_T1200_rate0p005,111,1200,20260825,20260901,191,0.19144999999999998,2.10135,10
compact_111_chem20260825_T1200_rate0p005,111,1200,20260825,20260901,192,0.19245,2.087975,10
compact_111_chem20260825_T1200_rate0p005,111,1200,20260825,20260901,193,0.19344999999999998,2.4904109999999995,10
compact_111_chem20260825_T1200_rate0p005,111,1200,20260825,20260901,194,0.19445,2.176393,10
compact_111_chem20260825_T1200_rate0p005,111,1200,20260825,20260901,195,0.19544999999999998,2.2096489999999998,10
compact_111_chem20260825_T1200_rate0p005,111,1200,20260825,20260901,196,0.19645,2.483467,10
compact_111_chem20260825_T1200_rate0p005,111,1200,20260825,20260901,197,0.19745,2.2524810000000004,10
compact_111_chem20260825_T1200_rate0p005,111,1200,20260825,20260901,198,0.19845000000000002,2.4643710000000003,10
compact_111_chem20260825_T1200_rate0p005,111,1200,20260825,20260901,199,0.19945,2.391812,10
compact_111_chem20260825_T1200_rate0p005,111,1200,20260825,20260901,200,0.2,2.65821,1
compact_111_chem20262843_T1200_rate0p005,111,1200,20262843,20260903,0,0.00045000000000006596,-0.40572230000000004,10
compact_111_chem20262843_T1200_rate0p005,111,1200,20262843,20260903,1,0.0014500000000000001,-0.20247574999999998,10
compact_111_chem20262843_T1200_rate0p005,111,1200,20262843,20260903,2,0.00245,-0.20925276999999998,10
compact_111_chem20262843_T1200_rate0p005,111,1200,20262843,20260903,3,0.0034500000000000004,0.06895245,10
compact_111_chem20262843_T1200_rate0p005,111,1200,20262843,20260903,4,0.00445,-0.13435753999999997,10
compact_111_chem20262843_T1200_rate0p005,111,1200,20262843,20260903,5,0.005450000000000001,0.26842489999999997,10
compact_111_chem20262843_T1200_rate0p005,111,1200,20262843,20260903,6,0.00645,0.16629463,10
compact_111_chem20262843_T1200_rate0p005,111,1200,20262843,20260903,7,0.007450000000000001,0.26790237,10
compact_111_chem20262843_T1200_rate0p005,111,1200,20262843,20260903,8,0.008450000000000001,0.33220425,10
compact_111_chem20262843_T1200_rate0p005,111,1200,20262843,20260903,9,0.00945,0.6159383,10
compact_111_chem20262843_T1200_rate0p005,111,1200,20262843,20260903,10,0.010450000000000001,0.7283820000000001,10
compact_111_chem20262843_T1200_rate0p005,111,1200,20262843,20260903,11,0.011450000000000002,0.5291714000000001,10
compact_111_chem20262843_T1200_rate0p005,111,1200,20262843,20260903,12,0.01245,0.8499158999999998,10
compact_111_chem20262843_T1200_rate0p005,111,1200,20262843,20260903,13,0.013449999999999998,0.7504541,10
compact_111_chem20262843_T1200_rate0p005,111,1200,20262843,20260903,14,0.01445,0.8099190000000001,10
compact_111_chem20262843_T1200_rate0p005,111,1200,20262843,20260903,15,0.01545,1.0324521,10
compact_111_chem20262843_T1200_rate0p005,111,1200,20262843,20260903,16,0.01645,0.9638702,10
compact_111_chem20262843_T1200_rate0p005,111,1200,20262843,20260903,17,0.01745,1.1714914,10
compact_111_chem20262843_T1200_rate0p005,111,1200,20262843,20260903,18,0.01845,1.0293331000000001,10
compact_111_chem20262843_T1200_rate0p005,111,1200,20262843,20260903,19,0.019450000000000002,1.551992,10
compact_111_chem20262843_T1200_rate0p005,111,1200,20262843,20260903,20,0.02045,1.4385306999999998,10
compact_111_chem20262843_T1200_rate0p005,111,1200,20262843,20260903,21,0.02145,1.6200090000000003,10
compact_111_chem20262843_T1200_rate0p005,111,1200,20262843,20260903,22,0.02245,1.724305,10
compact_111_chem20262843_T1200_rate0p005,111,1200,20262843,20260903,23,0.023450000000000002,1.6713949999999997,10
compact_111_chem20262843_T1200_rate0p005,111,1200,20262843,20260903,24,0.02445,1.7662300000000002,10
compact_111_chem20262843_T1200_rate0p005,111,1200,20262843,20260903,25,0.02545,1.9182319999999997,10
compact_111_chem20262843_T1200_rate0p005,111,1200,20262843,20260903,26,0.026449999999999994,2.016919,10
compact_111_chem20262843_T1200_rate0p005,111,1200,20262843,20260903,27,0.027449999999999995,2.2470730000000003,10
compact_111_chem20262843_T1200_rate0p005,111,1200,20262843,20260903,28,0.028449999999999996,2.0618170000000005,10
compact_111_chem20262843_T1200_rate0p005,111,1200,20262843,20260903,29,0.029449999999999997,2.400676,10
compact_111_chem20262843_T1200_rate0p005,111,1200,20262843,20260903,30,0.030449999999999998,2.35765,10
compact_111_chem20262843_T1200_rate0p005,111,1200,20262843,20260903,31,0.03144999999999999,2.3633910000000005,10
compact_111_chem20262843_T1200_rate0p005,111,1200,20262843,20260903,32,0.03244999999999999,2.561883,10
compact_111_chem20262843_T1200_rate0p005,111,1200,20262843,20260903,33,0.033449999999999994,2.340651,10
compact_111_chem20262843_T1200_rate0p005,111,1200,20262843,20260903,34,0.034449999999999995,2.70812,10
compact_111_chem20262843_T1200_rate0p005,111,1200,20262843,20260903,35,0.035449999999999995,2.5910909999999996,10
compact_111_chem20262843_T1200_rate0p005,111,1200,20262843,20260903,36,0.036449999999999996,2.827911,10
compact_111_chem20262843_T1200_rate0p005,111,1200,20262843,20260903,37,0.03745,3.058773,10
compact_111_chem20262843_T1200_rate0p005,111,1200,20262843,20260903,38,0.03845,2.8071309999999996,10
compact_111_chem20262843_T1200_rate0p005,111,1200,20262843,20260903,39,0.03945,3.2183219999999997,10
compact_111_chem20262843_T1200_rate0p005,111,1200,20262843,20260903,40,0.04045,3.1375889999999997,10
compact_111_chem20262843_T1200_rate0p005,111,1200,20262843,20260903,41,0.04145,3.140851,10
compact_111_chem20262843_T1200_rate0p005,111,1200,20262843,20260903,42,0.04245,3.3246160000000002,10
compact_111_chem20262843_T1200_rate0p005,111,1200,20262843,20260903,43,0.04345,3.31156,10
compact_111_chem20262843_T1200_rate0p005,111,1200,20262843,20260903,44,0.04445,3.273193,10
compact_111_chem20262843_T1200_rate0p005,111,1200,20262843,20260903,45,0.045450000000000004,3.60334,10
compact_111_chem20262843_T1200_rate0p005,111,1200,20262843,20260903,46,0.04645,3.665265,10
compact_111_chem20262843_T1200_rate0p005,111,1200,20262843,20260903,47,0.04745,3.6003899999999995,10
compact_111_chem20262843_T1200_rate0p005,111,1200,20262843,20260903,48,0.04845,3.5736450000000004,10
compact_111_chem20262843_T1200_rate0p005,111,1200,20262843,20260903,49,0.04945,3.875024,10
compact_111_chem20262843_T1200_rate0p005,111,1200,20262843,20260903,50,0.050449999999999995,3.6815869999999995,10
compact_111_chem20262843_T1200_rate0p005,111,1200,20262843,20260903,51,0.051449999999999996,3.7484659999999996,10
compact_111_chem20262843_T1200_rate0p005,111,1200,20262843,20260903,52,0.05245,4.107535,10
compact_111_chem20262843_T1200_rate0p005,111,1200,20262843,20260903,53,0.05345,4.052443,10
compact_111_chem20262843_T1200_rate0p005,111,1200,20262843,20260903,54,0.05445,4.098447999999999,10
compact_111_chem20262843_T1200_rate0p005,111,1200,20262843,20260903,55,0.05545,4.238167,10
compact_111_chem20262843_T1200_rate0p005,111,1200,20262843,20260903,56,0.05645,4.344493999999999,10
compact_111_chem20262843_T1200_rate0p005,111,1200,20262843,20260903,57,0.05744999999999999,4.363786,10
compact_111_chem20262843_T1200_rate0p005,111,1200,20262843,20260903,58,0.05844999999999999,4.527856000000001,10
compact_111_chem20262843_T1200_rate0p005,111,1200,20262843,20260903,59,0.05944999999999999,4.546301,10
compact_111_chem20262843_T1200_rate0p005,111,1200,20262843,20260903,60,0.06044999999999999,4.59102,10
compact_111_chem20262843_T1200_rate0p005,111,1200,20262843,20260903,61,0.06144999999999999,4.6539470000000005,10
compact_111_chem20262843_T1200_rate0p005,111,1200,20262843,20260903,62,0.06244999999999999,4.696116,10
compact_111_chem20262843_T1200_rate0p005,111,1200,20262843,20260903,63,0.06344999999999999,4.727291,10
compact_111_chem20262843_T1200_rate0p005,111,1200,20262843,20260903,64,0.06444999999999998,4.765805,10
compact_111_chem20262843_T1200_rate0p005,111,1200,20262843,20260903,65,0.06544999999999998,5.091877,10
compact_111_chem20262843_T1200_rate0p005,111,1200,20262843,20260903,66,0.06644999999999998,5.023013000000001,10
compact_111_chem20262843_T1200_rate0p005,111,1200,20262843,20260903,67,0.06744999999999998,5.159152999999999,10
compact_111_chem20262843_T1200_rate0p005,111,1200,20262843,20260903,68,0.06844999999999998,5.2158560000000005,10
compact_111_chem20262843_T1200_rate0p005,111,1200,20262843,20260903,69,0.06944999999999998,5.156066,10
compact_111_chem20262843_T1200_rate0p005,111,1200,20262843,20260903,70,0.07044999999999998,5.3181,10
compact_111_chem20262843_T1200_rate0p005,111,1200,20262843,20260903,71,0.07144999999999999,5.461969000000001,10
compact_111_chem20262843_T1200_rate0p005,111,1200,20262843,20260903,72,0.07244999999999999,5.222562000000001,10
compact_111_chem20262843_T1200_rate0p005,111,1200,20262843,20260903,73,0.07344999999999999,5.289410999999999,10
compact_111_chem20262843_T1200_rate0p005,111,1200,20262843,20260903,74,0.07444999999999999,5.639607,10
compact_111_chem20262843_T1200_rate0p005,111,1200,20262843,20260903,75,0.07544999999999999,5.563218,10
compact_111_chem20262843_T1200_rate0p005,111,1200,20262843,20260903,76,0.07644999999999999,5.664025,10
compact_111_chem20262843_T1200_rate0p005,111,1200,20262843,20260903,77,0.07744999999999999,5.659064,10
compact_111_chem20262843_T1200_rate0p005,111,1200,20262843,20260903,78,0.07844999999999999,6.161843,10
compact_111_chem20262843_T1200_rate0p005,111,1200,20262843,20260903,79,0.07944999999999999,5.795052,10
compact_111_chem20262843_T1200_rate0p005,111,1200,20262843,20260903,80,0.08045,5.682583,10
compact_111_chem20262843_T1200_rate0p005,111,1200,20262843,20260903,81,0.08145,5.922987,10
compact_111_chem20262843_T1200_rate0p005,111,1200,20262843,20260903,82,0.08245,5.713938,10
compact_111_chem20262843_T1200_rate0p005,111,1200,20262843,20260903,83,0.08345,6.02208,10
compact_111_chem20262843_T1200_rate0p005,111,1200,20262843,20260903,84,0.08445,5.930412,10
compact_111_chem20262843_T1200_rate0p005,111,1200,20262843,20260903,85,0.08545,6.171596,10
compact_111_chem20262843_T1200_rate0p005,111,1200,20262843,20260903,86,0.08645,6.341793,10
compact_111_chem20262843_T1200_rate0p005,111,1200,20262843,20260903,87,0.08745,6.3013189999999994,10
compact_111_chem20262843_T1200_rate0p005,111,1200,20262843,20260903,88,0.08845,6.294962,10
compact_111_chem20262843_T1200_rate0p005,111,1200,20262843,20260903,89,0.08945,6.393016,10
compact_111_chem20262843_T1200_rate0p005,111,1200,20262843,20260903,90,0.09045,6.2955689999999995,10
compact_111_chem20262843_T1200_rate0p005,111,1200,20262843,20260903,91,0.09145,6.164668,10
compact_111_chem20262843_T1200_rate0p005,111,1200,20262843,20260903,92,0.09245,6.608551,10
compact_111_chem20262843_T1200_rate0p005,111,1200,20262843,20260903,93,0.09345,6.514576,10
compact_111_chem20262843_T1200_rate0p005,111,1200,20262843,20260903,94,0.09445,6.824293,10
compact_111_chem20262843_T1200_rate0p005,111,1200,20262843,20260903,95,0.09545,6.566971000000001,10
compact_111_chem20262843_T1200_rate0p005,111,1200,20262843,20260903,96,0.09645,6.851898,10
compact_111_chem20262843_T1200_rate0p005,111,1200,20262843,20260903,97,0.09745,6.7473849999999995,10
compact_111_chem20262843_T1200_rate0p005,111,1200,20262843,20260903,98,0.09845,6.765926,10
compact_111_chem20262843_T1200_rate0p005,111,1200,20262843,20260903,99,0.09945,6.8177080000000005,10
compact_111_chem20262843_T1200_rate0p005,111,1200,20262843,20260903,100,0.10045,6.922414000000001,10
compact_111_chem20262843_T1200_rate0p005,111,1200,20262843,20260903,101,0.10145,7.055313000000001,10
compact_111_chem20262843_T1200_rate0p005,111,1200,20262843,20260903,102,0.10245,6.905583,10
compact_111_chem20262843_T1200_rate0p005,111,1200,20262843,20260903,103,0.10345,7.021693999999999,10
compact_111_chem20262843_T1200_rate0p005,111,1200,20262843,20260903,104,0.10445,7.052337,10
compact_111_chem20262843_T1200_rate0p005,111,1200,20262843,20260903,105,0.10545,7.2277059999999995,10
compact_111_chem20262843_T1200_rate0p005,111,1200,20262843,20260903,106,0.10645,6.9193039999999995,10
compact_111_chem20262843_T1200_rate0p005,111,1200,20262843,20260903,107,0.10745,6.849266,10
compact_111_chem20262843_T1200_rate0p005,111,1200,20262843,20260903,108,0.10845,7.080852,10
compact_111_chem20262843_T1200_rate0p005,111,1200,20262843,20260903,109,0.10945,7.073554,10
compact_111_chem20262843_T1200_rate0p005,111,1200,20262843,20260903,110,0.11045,6.991231000000001,10
compact_111_chem20262843_T1200_rate0p005,111,1200,20262843,20260903,111,0.11145000000000001,7.139704,10
compact_111_chem20262843_T1200_rate0p005,111,1200,20262843,20260903,112,0.11245000000000001,7.019354,10
compact_111_chem20262843_T1200_rate0p005,111,1200,20262843,20260903,113,0.11345000000000001,7.032479,10
compact_111_chem20262843_T1200_rate0p005,111,1200,20262843,20260903,114,0.11445000000000001,6.873432999999999,10
compact_111_chem20262843_T1200_rate0p005,111,1200,20262843,20260903,115,0.11545000000000001,6.691747000000001,10
compact_111_chem20262843_T1200_rate0p005,111,1200,20262843,20260903,116,0.11645000000000001,6.52294,10
compact_111_chem20262843_T1200_rate0p005,111,1200,20262843,20260903,117,0.11745000000000001,6.544242,10
compact_111_chem20262843_T1200_rate0p005,111,1200,20262843,20260903,118,0.11844999999999999,6.254341,10
compact_111_chem20262843_T1200_rate0p005,111,1200,20262843,20260903,119,0.11945000000000001,6.34048,10
compact_111_chem20262843_T1200_rate0p005,111,1200,20262843,20260903,120,0.12044999999999999,6.0579600000000005,10
compact_111_chem20262843_T1200_rate0p005,111,1200,20262843,20260903,121,0.12144999999999999,5.93504,10
compact_111_chem20262843_T1200_rate0p005,111,1200,20262843,20260903,122,0.12244999999999999,5.834136,10
compact_111_chem20262843_T1200_rate0p005,111,1200,20262843,20260903,123,0.12344999999999999,5.512764,10
compact_111_chem20262843_T1200_rate0p005,111,1200,20262843,20260903,124,0.12444999999999999,5.090712999999999,10
compact_111_chem20262843_T1200_rate0p005,111,1200,20262843,20260903,125,0.12544999999999998,5.664183999999999,10
compact_111_chem20262843_T1200_rate0p005,111,1200,20262843,20260903,126,0.12645,5.316176,10
compact_111_chem20262843_T1200_rate0p005,111,1200,20262843,20260903,127,0.12744999999999998,5.109133,10
compact_111_chem20262843_T1200_rate0p005,111,1200,20262843,20260903,128,0.12845,4.781675,10
compact_111_chem20262843_T1200_rate0p005,111,1200,20262843,20260903,129,0.12944999999999998,5.014389,10
compact_111_chem20262843_T1200_rate0p005,111,1200,20262843,20260903,130,0.13045,4.9828980000000005,10
compact_111_chem20262843_T1200_rate0p005,111,1200,20262843,20260903,131,0.13144999999999998,4.524952999999999,10
compact_111_chem20262843_T1200_rate0p005,111,1200,20262843,20260903,132,0.13245,4.646952,10
compact_111_chem20262843_T1200_rate0p005,111,1200,20262843,20260903,133,0.13344999999999999,4.396855,10
compact_111_chem20262843_T1200_rate0p005,111,1200,20262843,20260903,134,0.13445000000000001,4.135413,10
compact_111_chem20262843_T1200_rate0p005,111,1200,20262843,20260903,135,0.13545,3.849561,10
compact_111_chem20262843_T1200_rate0p005,111,1200,20262843,20260903,136,0.13645000000000002,3.99075,10
compact_111_chem20262843_T1200_rate0p005,111,1200,20262843,20260903,137,0.13745,3.649886,10
compact_111_chem20262843_T1200_rate0p005,111,1200,20262843,20260903,138,0.13845000000000002,3.436956,10
compact_111_chem20262843_T1200_rate0p005,111,1200,20262843,20260903,139,0.13945,3.1797560000000002,10
compact_111_chem20262843_T1200_rate0p005,111,1200,20262843,20260903,140,0.14045000000000002,3.103897,10
compact_111_chem20262843_T1200_rate0p005,111,1200,20262843,20260903,141,0.14145,3.4165229999999993,10
compact_111_chem20262843_T1200_rate0p005,111,1200,20262843,20260903,142,0.14245000000000002,2.9774279999999997,10
compact_111_chem20262843_T1200_rate0p005,111,1200,20262843,20260903,143,0.14345,2.970541,10
compact_111_chem20262843_T1200_rate0p005,111,1200,20262843,20260903,144,0.14445000000000002,3.0146610000000003,10
compact_111_chem20262843_T1200_rate0p005,111,1200,20262843,20260903,145,0.14545,2.8035129999999997,10
compact_111_chem20262843_T1200_rate0p005,111,1200,20262843,20260903,146,0.14645000000000002,3.0815379999999997,10
compact_111_chem20262843_T1200_rate0p005,111,1200,20262843,20260903,147,0.14745,2.753763,10
compact_111_chem20262843_T1200_rate0p005,111,1200,20262843,20260903,148,0.14845000000000003,2.703097,10
compact_111_chem20262843_T1200_rate0p005,111,1200,20262843,20260903,149,0.14945,2.45293,10
compact_111_chem20262843_T1200_rate0p005,111,1200,20262843,20260903,150,0.15045000000000003,2.6575860000000002,10
compact_111_chem20262843_T1200_rate0p005,111,1200,20262843,20260903,151,0.15145,2.502671,10
compact_111_chem20262843_T1200_rate0p005,111,1200,20262843,20260903,152,0.15245000000000003,2.518332,10
compact_111_chem20262843_T1200_rate0p005,111,1200,20262843,20260903,153,0.15345,2.5284970000000007,10
compact_111_chem20262843_T1200_rate0p005,111,1200,20262843,20260903,154,0.15445000000000003,2.348566,10
compact_111_chem20262843_T1200_rate0p005,111,1200,20262843,20260903,155,0.15545,2.6336730000000004,10
compact_111_chem20262843_T1200_rate0p005,111,1200,20262843,20260903,156,0.15645000000000003,2.343774,10
compact_111_chem20262843_T1200_rate0p005,111,1200,20262843,20260903,157,0.15745,2.274965,10
compact_111_chem20262843_T1200_rate0p005,111,1200,20262843,20260903,158,0.15845000000000004,2.022617,10
compact_111_chem20262843_T1200_rate0p005,111,1200,20262843,20260903,159,0.15944999999999998,2.374861,10
compact_111_chem20262843_T1200_rate0p005,111,1200,20262843,20260903,160,0.16045,2.28268,10
compact_111_chem20262843_T1200_rate0p005,111,1200,20262843,20260903,161,0.16144999999999998,2.369356,10
compact_111_chem20262843_T1200_rate0p005,111,1200,20262843,20260903,162,0.16245,2.753115,10
compact_111_chem20262843_T1200_rate0p005,111,1200,20262843,20260903,163,0.16344999999999998,2.554394,10
compact_111_chem20262843_T1200_rate0p005,111,1200,20262843,20260903,164,0.16445,2.4564790000000003,10
compact_111_chem20262843_T1200_rate0p005,111,1200,20262843,20260903,165,0.16544999999999999,2.3379339999999997,10
compact_111_chem20262843_T1200_rate0p005,111,1200,20262843,20260903,166,0.16645000000000001,2.5069600000000003,10
compact_111_chem20262843_T1200_rate0p005,111,1200,20262843,20260903,167,0.16745,2.374426,10
compact_111_chem20262843_T1200_rate0p005,111,1200,20262843,20260903,168,0.16845000000000002,2.236711,10
compact_111_chem20262843_T1200_rate0p005,111,1200,20262843,20260903,169,0.16945,2.4457720000000003,10
compact_111_chem20262843_T1200_rate0p005,111,1200,20262843,20260903,170,0.17045000000000002,2.4745890000000004,10
compact_111_chem20262843_T1200_rate0p005,111,1200,20262843,20260903,171,0.17145,2.0444240000000002,10
compact_111_chem20262843_T1200_rate0p005,111,1200,20262843,20260903,172,0.17245000000000002,2.2703029999999997,10
compact_111_chem20262843_T1200_rate0p005,111,1200,20262843,20260903,173,0.17345,1.9475159999999998,10
compact_111_chem20262843_T1200_rate0p005,111,1200,20262843,20260903,174,0.17445000000000002,1.81098,10
compact_111_chem20262843_T1200_rate0p005,111,1200,20262843,20260903,175,0.17545,2.028744,10
compact_111_chem20262843_T1200_rate0p005,111,1200,20262843,20260903,176,0.17645000000000002,1.918786,10
compact_111_chem20262843_T1200_rate0p005,111,1200,20262843,20260903,177,0.17745,1.980537,10
compact_111_chem20262843_T1200_rate0p005,111,1200,20262843,20260903,178,0.17845,1.8803729999999999,10
compact_111_chem20262843_T1200_rate0p005,111,1200,20262843,20260903,179,0.17944999999999997,1.8177429999999997,10
compact_111_chem20262843_T1200_rate0p005,111,1200,20262843,20260903,180,0.18045,2.039046,10
compact_111_chem20262843_T1200_rate0p005,111,1200,20262843,20260903,181,0.18144999999999997,1.9285790000000003,10
compact_111_chem20262843_T1200_rate0p005,111,1200,20262843,20260903,182,0.18245,1.9991170000000005,10
compact_111_chem20262843_T1200_rate0p005,111,1200,20262843,20260903,183,0.18344999999999997,1.6331159999999998,10
compact_111_chem20262843_T1200_rate0p005,111,1200,20262843,20260903,184,0.18445,1.93539,10
compact_111_chem20262843_T1200_rate0p005,111,1200,20262843,20260903,185,0.18544999999999998,1.8874929999999999,10
compact_111_chem20262843_T1200_rate0p005,111,1200,20262843,20260903,186,0.18645,1.7077559999999998,10
compact_111_chem20262843_T1200_rate0p005,111,1200,20262843,20260903,187,0.18744999999999998,1.980837,10
compact_111_chem20262843_T1200_rate0p005,111,1200,20262843,20260903,188,0.18845,1.7873929999999998,10
compact_111_chem20262843_T1200_rate0p005,111,1200,20262843,20260903,189,0.18944999999999998,2.103835,10
compact_111_chem20262843_T1200_rate0p005,111,1200,20262843,20260903,190,0.19045,1.9810119999999998,10
compact_111_chem20262843_T1200_rate0p005,111,1200,20262843,20260903,191,0.19144999999999998,1.7630299999999999,10
compact_111_chem20262843_T1200_rate0p005,111,1200,20262843,20260903,192,0.19245,1.477317,10
compact_111_chem20262843_T1200_rate0p005,111,1200,20262843,20260903,193,0.19344999999999998,1.662493,10
compact_111_chem20262843_T1200_rate0p005,111,1200,20262843,20260903,194,0.19445,1.495615,10
compact_111_chem20262843_T1200_rate0p005,111,1200,20262843,20260903,195,0.19544999999999998,1.664732,10
compact_111_chem20262843_T1200_rate0p005,111,1200,20262843,20260903,196,0.19645,1.6572129999999998,10
compact_111_chem20262843_T1200_rate0p005,111,1200,20262843,20260903,197,0.19745,1.9633679999999998,10
compact_111_chem20262843_T1200_rate0p005,111,1200,20262843,20260903,198,0.19845000000000002,1.748257,10
compact_111_chem20262843_T1200_rate0p005,111,1200,20262843,20260903,199,0.19945,1.9183759999999999,10
compact_111_chem20262843_T1200_rate0p005,111,1200,20262843,20260903,200,0.2,1.9128,1
compact_111_chem20264861_T1200_rate0p005,111,1200,20264861,20260907,0,0.00044999999999995597,-0.079517323,10
compact_111_chem20264861_T1200_rate0p005,111,1200,20264861,20260907,1,0.0014500000000000001,-0.14419943999999998,10
compact_111_chem20264861_T1200_rate0p005,111,1200,20264861,20260907,2,0.00245,0.12032552999999999,10
compact_111_chem20264861_T1200_rate0p005,111,1200,20264861,20260907,3,0.0034500000000000004,0.01766188,10
compact_111_chem20264861_T1200_rate0p005,111,1200,20264861,20260907,4,0.00445,0.4563532,10
compact_111_chem20264861_T1200_rate0p005,111,1200,20264861,20260907,5,0.005450000000000001,0.2565609,10
compact_111_chem20264861_T1200_rate0p005,111,1200,20264861,20260907,6,0.00645,0.48242569999999996,10
compact_111_chem20264861_T1200_rate0p005,111,1200,20264861,20260907,7,0.007450000000000001,0.5318508,10
compact_111_chem20264861_T1200_rate0p005,111,1200,20264861,20260907,8,0.008450000000000001,0.41901859999999996,10
compact_111_chem20264861_T1200_rate0p005,111,1200,20264861,20260907,9,0.00945,0.5509031,10
compact_111_chem20264861_T1200_rate0p005,111,1200,20264861,20260907,10,0.010450000000000001,0.7154517,10
compact_111_chem20264861_T1200_rate0p005,111,1200,20264861,20260907,11,0.011450000000000002,0.7000823,10
compact_111_chem20264861_T1200_rate0p005,111,1200,20264861,20260907,12,0.01245,0.7622503999999999,10
compact_111_chem20264861_T1200_rate0p005,111,1200,20264861,20260907,13,0.013449999999999998,1.0225636999999999,10
compact_111_chem20264861_T1200_rate0p005,111,1200,20264861,20260907,14,0.01445,1.1932550000000002,10
compact_111_chem20264861_T1200_rate0p005,111,1200,20264861,20260907,15,0.01545,1.1443229,10
compact_111_chem20264861_T1200_rate0p005,111,1200,20264861,20260907,16,0.01645,1.2126257,10
compact_111_chem20264861_T1200_rate0p005,111,1200,20264861,20260907,17,0.01745,1.4481100000000002,10
compact_111_chem20264861_T1200_rate0p005,111,1200,20264861,20260907,18,0.01845,1.3446729999999998,10
compact_111_chem20264861_T1200_rate0p005,111,1200,20264861,20260907,19,0.019450000000000002,1.6358920000000001,10
compact_111_chem20264861_T1200_rate0p005,111,1200,20264861,20260907,20,0.02045,1.504859,10
compact_111_chem20264861_T1200_rate0p005,111,1200,20264861,20260907,21,0.02145,1.7862940000000003,10
compact_111_chem20264861_T1200_rate0p005,111,1200,20264861,20260907,22,0.02245,1.660511,10
compact_111_chem20264861_T1200_rate0p005,111,1200,20264861,20260907,23,0.023450000000000002,2.044264,10
compact_111_chem20264861_T1200_rate0p005,111,1200,20264861,20260907,24,0.02445,1.6924999999999997,10
compact_111_chem20264861_T1200_rate0p005,111,1200,20264861,20260907,25,0.02545,2.1183780000000003,10
compact_111_chem20264861_T1200_rate0p005,111,1200,20264861,20260907,26,0.026449999999999994,1.986031,10
compact_111_chem20264861_T1200_rate0p005,111,1200,20264861,20260907,27,0.027449999999999995,2.2874670000000004,10
compact_111_chem20264861_T1200_rate0p005,111,1200,20264861,20260907,28,0.028449999999999996,2.253563,10
compact_111_chem20264861_T1200_rate0p005,111,1200,20264861,20260907,29,0.029449999999999997,2.237015,10
compact_111_chem20264861_T1200_rate0p005,111,1200,20264861,20260907,30,0.030449999999999998,2.50402,10
compact_111_chem20264861_T1200_rate0p005,111,1200,20264861,20260907,31,0.03144999999999999,2.355632,10
compact_111_chem20264861_T1200_rate0p005,111,1200,20264861,20260907,32,0.03244999999999999,2.656434,10
compact_111_chem20264861_T1200_rate0p005,111,1200,20264861,20260907,33,0.033449999999999994,2.65362,10
compact_111_chem20264861_T1200_rate0p005,111,1200,20264861,20260907,34,0.034449999999999995,2.734048,10
compact_111_chem20264861_T1200_rate0p005,111,1200,20264861,20260907,35,0.035449999999999995,2.754022,10
compact_111_chem20264861_T1200_rate0p005,111,1200,20264861,20260907,36,0.036449999999999996,3.014331,10
compact_111_chem20264861_T1200_rate0p005,111,1200,20264861,20260907,37,0.03745,2.918224,10
compact_111_chem20264861_T1200_rate0p005,111,1200,20264861,20260907,38,0.03845,3.2571040000000004,10
compact_111_chem20264861_T1200_rate0p005,111,1200,20264861,20260907,39,0.03945,3.039712,10
compact_111_chem20264861_T1200_rate0p005,111,1200,20264861,20260907,40,0.04045,3.320588,10
compact_111_chem20264861_T1200_rate0p005,111,1200,20264861,20260907,41,0.04145,3.235169,10
compact_111_chem20264861_T1200_rate0p005,111,1200,20264861,20260907,42,0.04245,3.3679110000000003,10
compact_111_chem20264861_T1200_rate0p005,111,1200,20264861,20260907,43,0.04345,3.328321,10
compact_111_chem20264861_T1200_rate0p005,111,1200,20264861,20260907,44,0.04445,3.5751329999999997,10
compact_111_chem20264861_T1200_rate0p005,111,1200,20264861,20260907,45,0.045450000000000004,3.644566,10
compact_111_chem20264861_T1200_rate0p005,111,1200,20264861,20260907,46,0.04645,3.3844919999999994,10
compact_111_chem20264861_T1200_rate0p005,111,1200,20264861,20260907,47,0.04745,3.8316989999999995,10
compact_111_chem20264861_T1200_rate0p005,111,1200,20264861,20260907,48,0.04845,3.7061930000000003,10
compact_111_chem20264861_T1200_rate0p005,111,1200,20264861,20260907,49,0.04945,4.032162999999999,10
compact_111_chem20264861_T1200_rate0p005,111,1200,20264861,20260907,50,0.050449999999999995,3.995881,10
compact_111_chem20264861_T1200_rate0p005,111,1200,20264861,20260907,51,0.051449999999999996,3.952096,10
compact_111_chem20264861_T1200_rate0p005,111,1200,20264861,20260907,52,0.05245,4.360412,10
compact_111_chem20264861_T1200_rate0p005,111,1200,20264861,20260907,53,0.05345,4.107964,10
compact_111_chem20264861_T1200_rate0p005,111,1200,20264861,20260907,54,0.05445,4.30944,10
compact_111_chem20264861_T1200_rate0p005,111,1200,20264861,20260907,55,0.05545,4.324681999999999,10
compact_111_chem20264861_T1200_rate0p005,111,1200,20264861,20260907,56,0.05645,4.4212050000000005,10
compact_111_chem20264861_T1200_rate0p005,111,1200,20264861,20260907,57,0.05744999999999999,4.598968000000001,10
compact_111_chem20264861_T1200_rate0p005,111,1200,20264861,20260907,58,0.05844999999999999,4.544579,10
compact_111_chem20264861_T1200_rate0p005,111,1200,20264861,20260907,59,0.05944999999999999,4.5598160000000005,10
compact_111_chem20264861_T1200_rate0p005,111,1200,20264861,20260907,60,0.06044999999999999,4.705036,10
compact_111_chem20264861_T1200_rate0p005,111,1200,20264861,20260907,61,0.06144999999999999,4.944360999999999,10
compact_111_chem20264861_T1200_rate0p005,111,1200,20264861,20260907,62,0.06244999999999999,4.969087,10
compact_111_chem20264861_T1200_rate0p005,111,1200,20264861,20260907,63,0.06344999999999999,4.932246999999999,10
compact_111_chem20264861_T1200_rate0p005,111,1200,20264861,20260907,64,0.06444999999999998,4.898786,10
compact_111_chem20264861_T1200_rate0p005,111,1200,20264861,20260907,65,0.06544999999999998,5.061811,10
compact_111_chem20264861_T1200_rate0p005,111,1200,20264861,20260907,66,0.06644999999999998,5.228198999999999,10
compact_111_chem20264861_T1200_rate0p005,111,1200,20264861,20260907,67,0.06744999999999998,5.014145999999999,10
compact_111_chem20264861_T1200_rate0p005,111,1200,20264861,20260907,68,0.06844999999999998,5.162074,10
compact_111_chem20264861_T1200_rate0p005,111,1200,20264861,20260907,69,0.06944999999999998,5.435367,10
compact_111_chem20264861_T1200_rate0p005,111,1200,20264861,20260907,70,0.07044999999999998,5.340923,10
compact_111_chem20264861_T1200_rate0p005,111,1200,20264861,20260907,71,0.07144999999999999,5.616462,10
compact_111_chem20264861_T1200_rate0p005,111,1200,20264861,20260907,72,0.07244999999999999,5.584267,10
compact_111_chem20264861_T1200_rate0p005,111,1200,20264861,20260907,73,0.07344999999999999,5.551792000000001,10
compact_111_chem20264861_T1200_rate0p005,111,1200,20264861,20260907,74,0.07444999999999999,5.69764,10
compact_111_chem20264861_T1200_rate0p005,111,1200,20264861,20260907,75,0.07544999999999999,5.722629,10
compact_111_chem20264861_T1200_rate0p005,111,1200,20264861,20260907,76,0.07644999999999999,5.9557590000000005,10
compact_111_chem20264861_T1200_rate0p005,111,1200,20264861,20260907,77,0.07744999999999999,5.732585,10
compact_111_chem20264861_T1200_rate0p005,111,1200,20264861,20260907,78,0.07844999999999999,5.607979000000001,10
compact_111_chem20264861_T1200_rate0p005,111,1200,20264861,20260907,79,0.07944999999999999,5.798639,10
compact_111_chem20264861_T1200_rate0p005,111,1200,20264861,20260907,80,0.08045,5.830054,10
compact_111_chem20264861_T1200_rate0p005,111,1200,20264861,20260907,81,0.08145,6.198563,10
compact_111_chem20264861_T1200_rate0p005,111,1200,20264861,20260907,82,0.08245,6.172967999999999,10
compact_111_chem20264861_T1200_rate0p005,111,1200,20264861,20260907,83,0.08345,6.068847000000001,10
compact_111_chem20264861_T1200_rate0p005,111,1200,20264861,20260907,84,0.08445,6.070221999999999,10
compact_111_chem20264861_T1200_rate0p005,111,1200,20264861,20260907,85,0.08545,6.242016000000001,10
compact_111_chem20264861_T1200_rate0p005,111,1200,20264861,20260907,86,0.08645,6.272888,10
compact_111_chem20264861_T1200_rate0p005,111,1200,20264861,20260907,87,0.08745,6.228107,10
compact_111_chem20264861_T1200_rate0p005,111,1200,20264861,20260907,88,0.08845,6.441155999999999,10
compact_111_chem20264861_T1200_rate0p005,111,1200,20264861,20260907,89,0.08945,6.533620000000001,10
compact_111_chem20264861_T1200_rate0p005,111,1200,20264861,20260907,90,0.09045,6.495344,10
compact_111_chem20264861_T1200_rate0p005,111,1200,20264861,20260907,91,0.09145,6.482832999999999,10
compact_111_chem20264861_T1200_rate0p005,111,1200,20264861,20260907,92,0.09245,6.637354,10
compact_111_chem20264861_T1200_rate0p005,111,1200,20264861,20260907,93,0.09345,6.455926,10
compact_111_chem20264861_T1200_rate0p005,111,1200,20264861,20260907,94,0.09445,6.807601,10
compact_111_chem20264861_T1200_rate0p005,111,1200,20264861,20260907,95,0.09545,6.794197,10
compact_111_chem20264861_T1200_rate0p005,111,1200,20264861,20260907,96,0.09645,6.692058,10
compact_111_chem20264861_T1200_rate0p005,111,1200,20264861,20260907,97,0.09745,6.579236,10
compact_111_chem20264861_T1200_rate0p005,111,1200,20264861,20260907,98,0.09845,6.4086039999999995,10
compact_111_chem20264861_T1200_rate0p005,111,1200,20264861,20260907,99,0.09945,6.7014380000000005,10
compact_111_chem20264861_T1200_rate0p005,111,1200,20264861,20260907,100,0.10045,6.722784999999999,10
compact_111_chem20264861_T1200_rate0p005,111,1200,20264861,20260907,101,0.10145,6.6763210000000015,10
compact_111_chem20264861_T1200_rate0p005,111,1200,20264861,20260907,102,0.10245,6.759935999999999,10
compact_111_chem20264861_T1200_rate0p005,111,1200,20264861,20260907,103,0.10345,6.7843,10
compact_111_chem20264861_T1200_rate0p005,111,1200,20264861,20260907,104,0.10445,6.9827520000000005,10
compact_111_chem20264861_T1200_rate0p005,111,1200,20264861,20260907,105,0.10545,6.80624,10
compact_111_chem20264861_T1200_rate0p005,111,1200,20264861,20260907,106,0.10645,6.980281000000001,10
compact_111_chem20264861_T1200_rate0p005,111,1200,20264861,20260907,107,0.10745,6.696308999999999,10
compact_111_chem20264861_T1200_rate0p005,111,1200,20264861,20260907,108,0.10845,6.930261999999999,10
compact_111_chem20264861_T1200_rate0p005,111,1200,20264861,20260907,109,0.10945,6.624467,10
compact_111_chem20264861_T1200_rate0p005,111,1200,20264861,20260907,110,0.11045,6.653372,10
compact_111_chem20264861_T1200_rate0p005,111,1200,20264861,20260907,111,0.11145000000000001,6.474521,10
compact_111_chem20264861_T1200_rate0p005,111,1200,20264861,20260907,112,0.11245000000000001,6.2441580000000005,10
compact_111_chem20264861_T1200_rate0p005,111,1200,20264861,20260907,113,0.11345000000000001,6.422269,10
compact_111_chem20264861_T1200_rate0p005,111,1200,20264861,20260907,114,0.11445000000000001,6.238789000000001,10
compact_111_chem20264861_T1200_rate0p005,111,1200,20264861,20260907,115,0.11545000000000001,6.294906,10
compact_111_chem20264861_T1200_rate0p005,111,1200,20264861,20260907,116,0.11645000000000001,5.90761,10
compact_111_chem20264861_T1200_rate0p005,111,1200,20264861,20260907,117,0.11745000000000001,6.2298029999999995,10
compact_111_chem20264861_T1200_rate0p005,111,1200,20264861,20260907,118,0.11844999999999999,5.838775999999999,10
compact_111_chem20264861_T1200_rate0p005,111,1200,20264861,20260907,119,0.11945000000000001,5.9056869999999995,10
compact_111_chem20264861_T1200_rate0p005,111,1200,20264861,20260907,120,0.12044999999999999,5.483079999999999,10
compact_111_chem20264861_T1200_rate0p005,111,1200,20264861,20260907,121,0.12144999999999999,5.746467000000001,10
compact_111_chem20264861_T1200_rate0p005,111,1200,20264861,20260907,122,0.12244999999999999,5.41247,10
compact_111_chem20264861_T1200_rate0p005,111,1200,20264861,20260907,123,0.12344999999999999,5.47337,10
compact_111_chem20264861_T1200_rate0p005,111,1200,20264861,20260907,124,0.12444999999999999,5.261850999999999,10
compact_111_chem20264861_T1200_rate0p005,111,1200,20264861,20260907,125,0.12544999999999998,4.8003599999999995,10
compact_111_chem20264861_T1200_rate0p005,111,1200,20264861,20260907,126,0.12645,4.600334999999999,10
compact_111_chem20264861_T1200_rate0p005,111,1200,20264861,20260907,127,0.12744999999999998,4.421545,10
compact_111_chem20264861_T1200_rate0p005,111,1200,20264861,20260907,128,0.12845,4.320005,10
compact_111_chem20264861_T1200_rate0p005,111,1200,20264861,20260907,129,0.12944999999999998,4.349995,10
compact_111_chem20264861_T1200_rate0p005,111,1200,20264861,20260907,130,0.13045,4.434281,10
compact_111_chem20264861_T1200_rate0p005,111,1200,20264861,20260907,131,0.13144999999999998,4.805809,10
compact_111_chem20264861_T1200_rate0p005,111,1200,20264861,20260907,132,0.13245,4.181663,10
compact_111_chem20264861_T1200_rate0p005,111,1200,20264861,20260907,133,0.13344999999999999,4.309114,10
compact_111_chem20264861_T1200_rate0p005,111,1200,20264861,20260907,134,0.13445000000000001,4.0765329999999995,10
compact_111_chem20264861_T1200_rate0p005,111,1200,20264861,20260907,135,0.13545,4.146900999999999,10
compact_111_chem20264861_T1200_rate0p005,111,1200,20264861,20260907,136,0.13645000000000002,3.469717,10
compact_111_chem20264861_T1200_rate0p005,111,1200,20264861,20260907,137,0.13745,3.366679,10
compact_111_chem20264861_T1200_rate0p005,111,1200,20264861,20260907,138,0.13845000000000002,3.245363,10
compact_111_chem20264861_T1200_rate0p005,111,1200,20264861,20260907,139,0.13945,3.088516,10
compact_111_chem20264861_T1200_rate0p005,111,1200,20264861,20260907,140,0.14045000000000002,2.808411,10
compact_111_chem20264861_T1200_rate0p005,111,1200,20264861,20260907,141,0.14145,2.6460470000000003,10
compact_111_chem20264861_T1200_rate0p005,111,1200,20264861,20260907,142,0.14245000000000002,2.618709,10
compact_111_chem20264861_T1200_rate0p005,111,1200,20264861,20260907,143,0.14345,2.6013239999999995,10
compact_111_chem20264861_T1200_rate0p005,111,1200,20264861,20260907,144,0.14445000000000002,2.282467,10
compact_111_chem20264861_T1200_rate0p005,111,1200,20264861,20260907,145,0.14545,2.461203,10
compact_111_chem20264861_T1200_rate0p005,111,1200,20264861,20260907,146,0.14645000000000002,2.2757509999999996,10
compact_111_chem20264861_T1200_rate0p005,111,1200,20264861,20260907,147,0.14745,2.741149,10
compact_111_chem20264861_T1200_rate0p005,111,1200,20264861,20260907,148,0.14845000000000003,2.363641,10
compact_111_chem20264861_T1200_rate0p005,111,1200,20264861,20260907,149,0.14945,2.721375,10
compact_111_chem20264861_T1200_rate0p005,111,1200,20264861,20260907,150,0.15045000000000003,2.741872,10
compact_111_chem20264861_T1200_rate0p005,111,1200,20264861,20260907,151,0.15145,2.8184449999999996,10
compact_111_chem20264861_T1200_rate0p005,111,1200,20264861,20260907,152,0.15245000000000003,2.781116,10
compact_111_chem20264861_T1200_rate0p005,111,1200,20264861,20260907,153,0.15345,2.790063,10
compact_111_chem20264861_T1200_rate0p005,111,1200,20264861,20260907,154,0.15445000000000003,2.864995,10
compact_111_chem20264861_T1200_rate0p005,111,1200,20264861,20260907,155,0.15545,3.1192569999999997,10
compact_111_chem20264861_T1200_rate0p005,111,1200,20264861,20260907,156,0.15645000000000003,3.239311,10
compact_111_chem20264861_T1200_rate0p005,111,1200,20264861,20260907,157,0.15745,2.9991820000000002,10
compact_111_chem20264861_T1200_rate0p005,111,1200,20264861,20260907,158,0.15845000000000004,3.232997,10
compact_111_chem20264861_T1200_rate0p005,111,1200,20264861,20260907,159,0.15944999999999998,3.379927,10
compact_111_chem20264861_T1200_rate0p005,111,1200,20264861,20260907,160,0.16045,3.3928719999999997,10
compact_111_chem20264861_T1200_rate0p005,111,1200,20264861,20260907,161,0.16144999999999998,3.44024,10
compact_111_chem20264861_T1200_rate0p005,111,1200,20264861,20260907,162,0.16245,3.487708,10
compact_111_chem20264861_T1200_rate0p005,111,1200,20264861,20260907,163,0.16344999999999998,3.5125900000000003,10
compact_111_chem20264861_T1200_rate0p005,111,1200,20264861,20260907,164,0.16445,3.41575,10
compact_111_chem20264861_T1200_rate0p005,111,1200,20264861,20260907,165,0.16544999999999999,3.566319000000001,10
compact_111_chem20264861_T1200_rate0p005,111,1200,20264861,20260907,166,0.16645000000000001,3.50905,10
compact_111_chem20264861_T1200_rate0p005,111,1200,20264861,20260907,167,0.16745,3.3664590000000003,10
compact_111_chem20264861_T1200_rate0p005,111,1200,20264861,20260907,168,0.16845000000000002,3.638003,10
compact_111_chem20264861_T1200_rate0p005,111,1200,20264861,20260907,169,0.16945,3.548526,10
compact_111_chem20264861_T1200_rate0p005,111,1200,20264861,20260907,170,0.17045000000000002,3.617295,10
compact_111_chem20264861_T1200_rate0p005,111,1200,20264861,20260907,171,0.17145,3.8258590000000003,10
compact_111_chem20264861_T1200_rate0p005,111,1200,20264861,20260907,172,0.17245000000000002,3.650369,10
compact_111_chem20264861_T1200_rate0p005,111,1200,20264861,20260907,173,0.17345,3.8076539999999994,10
compact_111_chem20264861_T1200_rate0p005,111,1200,20264861,20260907,174,0.17445000000000002,3.4995020000000006,10
compact_111_chem20264861_T1200_rate0p005,111,1200,20264861,20260907,175,0.17545,3.794312,10
compact_111_chem20264861_T1200_rate0p005,111,1200,20264861,20260907,176,0.17645000000000002,3.762684,10
compact_111_chem20264861_T1200_rate0p005,111,1200,20264861,20260907,177,0.17745,3.727594,10
compact_111_chem20264861_T1200_rate0p005,111,1200,20264861,20260907,178,0.17845,3.7046970000000004,10
compact_111_chem20264861_T1200_rate0p005,111,1200,20264861,20260907,179,0.17944999999999997,3.5393160000000004,10
compact_111_chem20264861_T1200_rate0p005,111,1200,20264861,20260907,180,0.18045,3.649915,10
compact_111_chem20264861_T1200_rate0p005,111,1200,20264861,20260907,181,0.18144999999999997,3.7834200000000004,10
compact_111_chem20264861_T1200_rate0p005,111,1200,20264861,20260907,182,0.18245,3.811244,10
compact_111_chem20264861_T1200_rate0p005,111,1200,20264861,20260907,183,0.18344999999999997,3.5978299999999996,10
compact_111_chem20264861_T1200_rate0p005,111,1200,20264861,20260907,184,0.18445,3.9442479999999995,10
compact_111_chem20264861_T1200_rate0p005,111,1200,20264861,20260907,185,0.18544999999999998,3.770694,10
compact_111_chem20264861_T1200_rate0p005,111,1200,20264861,20260907,186,0.18645,3.995596,10
compact_111_chem20264861_T1200_rate0p005,111,1200,20264861,20260907,187,0.18744999999999998,3.965220000000001,10
compact_111_chem20264861_T1200_rate0p005,111,1200,20264861,20260907,188,0.18845,3.840153000000001,10
compact_111_chem20264861_T1200_rate0p005,111,1200,20264861,20260907,189,0.18944999999999998,3.815311,10
compact_111_chem20264861_T1200_rate0p005,111,1200,20264861,20260907,190,0.19045,3.7862470000000004,10
compact_111_chem20264861_T1200_rate0p005,111,1200,20264861,20260907,191,0.19144999999999998,3.7815280000000002,10
compact_111_chem20264861_T1200_rate0p005,111,1200,20264861,20260907,192,0.19245,3.8184060000000004,10
compact_111_chem20264861_T1200_rate0p005,111,1200,20264861,20260907,193,0.19344999999999998,3.8235680000000003,10
compact_111_chem20264861_T1200_rate0p005,111,1200,20264861,20260907,194,0.19445,3.5846360000000006,10
compact_111_chem20264861_T1200_rate0p005,111,1200,20264861,20260907,195,0.19544999999999998,3.6268529999999997,10
compact_111_chem20264861_T1200_rate0p005,111,1200,20264861,20260907,196,0.19645,3.267658,10
compact_111_chem20264861_T1200_rate0p005,111,1200,20264861,20260907,197,0.19745,3.4677589999999996,10
compact_111_chem20264861_T1200_rate0p005,111,1200,20264861,20260907,198,0.19845000000000002,3.499751,10
compact_111_chem20264861_T1200_rate0p005,111,1200,20264861,20260907,199,0.19945,3.035844,10
compact_111_chem20264861_T1200_rate0p005,111,1200,20264861,20260907,200,0.2,3.52755,1
