orientation,temperature_K,strain_bin,n_realization_pairs,strain_mean,stress_GPa_mean,stress_GPa_sd,stress_GPa_min,stress_GPa_max,curve_role
100,300,0,3,0.000450000000000035,0.03947062266666667,0.04012508551623451,0.004729057999999999,0.083389291,descriptive_equal_realization_mean_not_inferential_frames
100,300,1,3,0.0014500000000000001,0.09670239863333331,0.04825798561816946,0.04188172590000001,0.13276452999999996,descriptive_equal_realization_mean_not_inferential_frames
100,300,2,3,0.00245,0.15736125800000003,0.11405173907485451,0.028921523999999997,0.24678480000000005,descriptive_equal_realization_mean_not_inferential_frames
100,300,3,3,0.0034500000000000004,0.19279108,0.06919618436671489,0.13130706,0.2677247,descriptive_equal_realization_mean_not_inferential_frames
100,300,4,3,0.00445,0.3137754366666667,0.07665640223271653,0.26358800000000004,0.40201279999999995,descriptive_equal_realization_mean_not_inferential_frames
100,300,5,3,0.005450000000000001,0.3525182666666667,0.06422394359873372,0.28563980000000005,0.4137094,descriptive_equal_realization_mean_not_inferential_frames
100,300,6,3,0.00645,0.37756486666666667,0.04571848408732882,0.33264569999999993,0.42404280000000005,descriptive_equal_realization_mean_not_inferential_frames
100,300,7,3,0.007450000000000001,0.48063986666666664,0.032305285713847706,0.4442546,0.505954,descriptive_equal_realization_mean_not_inferential_frames
100,300,8,3,0.008450000000000001,0.5110381666666667,0.05792075802942617,0.4751948,0.5778603,descriptive_equal_realization_mean_not_inferential_frames
100,300,9,3,0.00945,0.6515931,0.06981170118196514,0.5770459000000001,0.7154319,descriptive_equal_realization_mean_not_inferential_frames
100,300,10,3,0.010450000000000001,0.6739657,0.10926741654953692,0.5507785999999999,0.7591828,descriptive_equal_realization_mean_not_inferential_frames
100,300,11,3,0.011450000000000002,0.7424360000000001,0.03943109325735213,0.6969049,0.7652193,descriptive_equal_realization_mean_not_inferential_frames
100,300,12,3,0.012449999999999998,0.8589607666666667,0.05711744991456927,0.7932352,0.8965685999999999,descriptive_equal_realization_mean_not_inferential_frames
100,300,13,3,0.013449999999999998,0.8125918333333333,0.0800466997412343,0.7208216000000001,0.8680237999999999,descriptive_equal_realization_mean_not_inferential_frames
100,300,14,3,0.01445,0.9190831999999999,0.05920855974840122,0.8507686,0.9555836,descriptive_equal_realization_mean_not_inferential_frames
100,300,15,3,0.01545,0.9699318333333333,0.08648672765056696,0.9149206,1.0696197,descriptive_equal_realization_mean_not_inferential_frames
100,300,16,3,0.01645,1.0422262333333332,0.09722965626167406,0.9340186000000001,1.1222517999999997,descriptive_equal_realization_mean_not_inferential_frames
100,300,17,3,0.01745,1.1059329666666666,0.08678344603381065,1.0150700000000001,1.187961,descriptive_equal_realization_mean_not_inferential_frames
100,300,18,3,0.01845,1.1729269999999998,0.06275223811944869,1.120212,1.2423389999999999,descriptive_equal_realization_mean_not_inferential_frames
100,300,19,3,0.019450000000000002,1.2274899666666668,0.0656945645727508,1.1804970000000001,1.302557,descriptive_equal_realization_mean_not_inferential_frames
100,300,20,3,0.02045,1.2578773333333333,0.0598796823750205,1.1919499999999998,1.3088899999999999,descriptive_equal_realization_mean_not_inferential_frames
100,300,21,3,0.02145,1.357361,0.048439279835687084,1.321242,1.412406,descriptive_equal_realization_mean_not_inferential_frames
100,300,22,3,0.02245,1.4010876666666665,0.11969785689532342,1.262939,1.473875,descriptive_equal_realization_mean_not_inferential_frames
100,300,23,3,0.023450000000000002,1.445339,0.0697059088456639,1.369643,1.506883,descriptive_equal_realization_mean_not_inferential_frames
100,300,24,3,0.02445,1.5181983333333333,0.043014114454831484,1.4726879999999998,1.558182,descriptive_equal_realization_mean_not_inferential_frames
100,300,25,3,0.02545,1.5851210000000002,0.11867578666686816,1.496085,1.7198520000000002,descriptive_equal_realization_mean_not_inferential_frames
100,300,26,3,0.02644999999999999,1.6539726666666665,0.1939574075469491,1.467829,1.854898,descriptive_equal_realization_mean_not_inferential_frames
100,300,27,3,0.027449999999999992,1.688502,0.06523128332326439,1.6131920000000002,1.7273500000000002,descriptive_equal_realization_mean_not_inferential_frames
100,300,28,3,0.028449999999999993,1.8084566666666666,0.048728772017498326,1.761958,1.8591449999999998,descriptive_equal_realization_mean_not_inferential_frames
100,300,29,3,0.029449999999999994,1.808331,0.14364087878803877,1.6491209999999998,1.9282080000000001,descriptive_equal_realization_mean_not_inferential_frames
100,300,30,3,0.030449999999999994,1.8715780000000002,0.05685161667885953,1.8070230000000003,1.91418,descriptive_equal_realization_mean_not_inferential_frames
100,300,31,3,0.03144999999999999,1.9174856666666669,0.12197112767509113,1.785255,2.0255920000000005,descriptive_equal_realization_mean_not_inferential_frames
100,300,32,3,0.03244999999999999,1.9677573333333331,0.10063218487806634,1.8527339999999999,2.039554,descriptive_equal_realization_mean_not_inferential_frames
100,300,33,3,0.033449999999999994,2.025836333333333,0.028442646507196384,2.00787,2.058629,descriptive_equal_realization_mean_not_inferential_frames
100,300,34,3,0.034449999999999995,2.109172333333333,0.15142268677557308,1.948002,2.248468,descriptive_equal_realization_mean_not_inferential_frames
100,300,35,3,0.035449999999999995,2.14399,0.10897348828040722,2.048132,2.2625140000000004,descriptive_equal_realization_mean_not_inferential_frames
100,300,36,3,0.036449999999999996,2.189902333333333,0.06593865817813827,2.1161019999999997,2.243021,descriptive_equal_realization_mean_not_inferential_frames
100,300,37,3,0.03745,2.2838826666666665,0.09986794235555954,2.1750529999999997,2.371323,descriptive_equal_realization_mean_not_inferential_frames
100,300,38,3,0.03845,2.2914196666666666,0.11834327019874587,2.212319,2.427471,descriptive_equal_realization_mean_not_inferential_frames
100,300,39,3,0.03945,2.382376666666667,0.0888019839887224,2.2798410000000002,2.434432,descriptive_equal_realization_mean_not_inferential_frames
100,300,40,3,0.04045,2.4112009999999997,0.057714578600211716,2.3513919999999997,2.466564,descriptive_equal_realization_mean_not_inferential_frames
100,300,41,3,0.04145,2.4803719999999996,0.07263735878320478,2.409191,2.554383,descriptive_equal_realization_mean_not_inferential_frames
100,300,42,3,0.04245000000000001,2.5036359999999998,0.07684073577862177,2.455451,2.5922509999999996,descriptive_equal_realization_mean_not_inferential_frames
100,300,43,3,0.04345000000000001,2.6135983333333335,0.0872597663894039,2.513354,2.6725280000000002,descriptive_equal_realization_mean_not_inferential_frames
100,300,44,3,0.04445000000000001,2.6119333333333334,0.12598055617567874,2.5224159999999998,2.755995,descriptive_equal_realization_mean_not_inferential_frames
100,300,45,3,0.04545000000000001,2.661632666666667,0.08488424120726605,2.60163,2.758754,descriptive_equal_realization_mean_not_inferential_frames
100,300,46,3,0.04645,2.7331636666666665,0.09114193916267807,2.6286180000000003,2.795901,descriptive_equal_realization_mean_not_inferential_frames
100,300,47,3,0.04745,2.7537783333333334,0.11808390727501084,2.634005,2.8700970000000003,descriptive_equal_realization_mean_not_inferential_frames
100,300,48,3,0.04845,2.8486233333333337,0.10239863916250702,2.730405,2.9096819999999997,descriptive_equal_realization_mean_not_inferential_frames
100,300,49,3,0.04945,2.8020866666666664,0.09319810336231832,2.7253909999999997,2.905812,descriptive_equal_realization_mean_not_inferential_frames
100,300,50,3,0.050449999999999995,2.8818309999999996,0.07487221175442872,2.7990989999999996,2.9449319999999997,descriptive_equal_realization_mean_not_inferential_frames
100,300,51,3,0.051449999999999996,2.9396283333333333,0.0899915280253273,2.881733,3.0433059999999994,descriptive_equal_realization_mean_not_inferential_frames
100,300,52,3,0.05245,3.020462666666667,0.09080227897103316,2.954359,3.123997,descriptive_equal_realization_mean_not_inferential_frames
100,300,53,3,0.05345,3.0297749999999994,0.08434574682223178,2.9449739999999998,3.113658,descriptive_equal_realization_mean_not_inferential_frames
100,300,54,3,0.05445,3.0849816666666663,0.09274460964030959,3.0084569999999995,3.1881250000000003,descriptive_equal_realization_mean_not_inferential_frames
100,300,55,3,0.05545,3.139792,0.07234963902466972,3.0798389999999998,3.220154,descriptive_equal_realization_mean_not_inferential_frames
100,300,56,3,0.05645,3.2138943333333336,0.1553648790632342,3.0688619999999998,3.377857,descriptive_equal_realization_mean_not_inferential_frames
100,300,57,3,0.05744999999999998,3.2226879999999998,0.1327543575593663,3.0782669999999994,3.339403,descriptive_equal_realization_mean_not_inferential_frames
100,300,58,3,0.05844999999999998,3.2562129999999994,0.07332858855862429,3.1820829999999996,3.3287129999999996,descriptive_equal_realization_mean_not_inferential_frames
100,300,59,3,0.05944999999999998,3.2571046666666668,0.04690315871381542,3.2041759999999995,3.29351,descriptive_equal_realization_mean_not_inferential_frames
100,300,60,3,0.06044999999999998,3.3237403333333333,0.07645397125940119,3.235973,3.375863,descriptive_equal_realization_mean_not_inferential_frames
100,300,61,3,0.061449999999999984,3.395588333333334,0.055352470824104785,3.362331,3.4594860000000005,descriptive_equal_realization_mean_not_inferential_frames
100,300,62,3,0.062449999999999985,3.3579866666666667,0.15102599335986283,3.2397830000000005,3.528128,descriptive_equal_realization_mean_not_inferential_frames
100,300,63,3,0.06344999999999999,3.449199666666667,0.08007693107464432,3.36002,3.514945,descriptive_equal_realization_mean_not_inferential_frames
100,300,64,3,0.06444999999999998,3.4443756666666663,0.09417594600710592,3.336528,3.510373,descriptive_equal_realization_mean_not_inferential_frames
100,300,65,3,0.06544999999999998,3.4722303333333335,0.1142067598977106,3.364353,3.5918579999999998,descriptive_equal_realization_mean_not_inferential_frames
100,300,66,3,0.06644999999999998,3.5592183333333334,0.1704713362543199,3.4015859999999996,3.740135,descriptive_equal_realization_mean_not_inferential_frames
100,300,67,3,0.06744999999999998,3.6223346666666667,0.05484568553070833,3.5693439999999996,3.678864,descriptive_equal_realization_mean_not_inferential_frames
100,300,68,3,0.06844999999999998,3.651253666666666,0.06557004911034747,3.5857299999999994,3.71687,descriptive_equal_realization_mean_not_inferential_frames
100,300,69,3,0.06944999999999998,3.68319,0.0803362675819579,3.6263980000000005,3.7751069999999998,descriptive_equal_realization_mean_not_inferential_frames
100,300,70,3,0.07044999999999998,3.698741666666667,0.13816697932694788,3.561744,3.8380489999999994,descriptive_equal_realization_mean_not_inferential_frames
100,300,71,3,0.07144999999999999,3.694430333333333,0.0758754996974213,3.6310659999999997,3.7785130000000002,descriptive_equal_realization_mean_not_inferential_frames
100,300,72,3,0.07244999999999999,3.7325703333333333,0.0880222080178253,3.6677910000000002,3.832788,descriptive_equal_realization_mean_not_inferential_frames
100,300,73,3,0.07344999999999999,3.7851456666666663,0.11613921226413321,3.6511629999999995,3.8571169999999997,descriptive_equal_realization_mean_not_inferential_frames
100,300,74,3,0.07444999999999999,3.771216666666666,0.08474316503608609,3.686668,3.856153,descriptive_equal_realization_mean_not_inferential_frames
100,300,75,3,0.07544999999999999,3.8070089999999994,0.06899550996985201,3.753183,3.884788999999999,descriptive_equal_realization_mean_not_inferential_frames
100,300,76,3,0.07644999999999999,3.909390333333333,0.010271604662044603,3.90008,3.9204090000000003,descriptive_equal_realization_mean_not_inferential_frames
100,300,77,3,0.07744999999999999,3.9003686666666666,0.06337907008100777,3.8287570000000004,3.949241,descriptive_equal_realization_mean_not_inferential_frames
100,300,78,3,0.07844999999999999,3.8340556666666665,0.15040712020823152,3.685088999999999,3.9858629999999997,descriptive_equal_realization_mean_not_inferential_frames
100,300,79,3,0.07944999999999999,3.9453309999999995,0.08486045685123295,3.8688269999999996,4.036607999999999,descriptive_equal_realization_mean_not_inferential_frames
100,300,80,3,0.08045,3.987909333333333,0.08302183791228282,3.896705,4.059084,descriptive_equal_realization_mean_not_inferential_frames
100,300,81,3,0.08145,3.958306333333333,0.025696223970329456,3.9289539999999996,3.9767409999999996,descriptive_equal_realization_mean_not_inferential_frames
100,300,82,3,0.08245,4.063329,0.05058460573138853,4.005137,4.096792000000001,descriptive_equal_realization_mean_not_inferential_frames
100,300,83,3,0.08344999999999998,4.03896,0.0545340850844679,3.977306,4.08088,descriptive_equal_realization_mean_not_inferential_frames
100,300,84,3,0.08444999999999998,3.998162333333333,0.047628636473589385,3.945234,4.037566,descriptive_equal_realization_mean_not_inferential_frames
100,300,85,3,0.08544999999999998,4.109182999999999,0.10199604048687373,3.9914379999999996,4.1703529999999995,descriptive_equal_realization_mean_not_inferential_frames
100,300,86,3,0.08644999999999999,4.111851000000001,0.07608709157275019,4.029738999999999,4.179971,descriptive_equal_realization_mean_not_inferential_frames
100,300,87,3,0.08744999999999999,4.030136,0.056805500825184534,3.981298,4.0924760000000004,descriptive_equal_realization_mean_not_inferential_frames
100,300,88,3,0.08844999999999999,4.093793999999999,0.02513435061822728,4.070014,4.120092999999999,descriptive_equal_realization_mean_not_inferential_frames
100,300,89,3,0.08944999999999999,4.156850666666666,0.05175764382517174,4.1043199999999995,4.207799,descriptive_equal_realization_mean_not_inferential_frames
100,300,90,3,0.09044999999999999,4.118402666666666,0.09679909275056867,4.0300080000000005,4.221843999999999,descriptive_equal_realization_mean_not_inferential_frames
100,300,91,3,0.09144999999999999,4.090476,0.02864495538484937,4.0714809999999995,4.123424,descriptive_equal_realization_mean_not_inferential_frames
100,300,92,3,0.09244999999999999,4.1880109999999995,0.052359000668461726,4.140242,4.243989999999999,descriptive_equal_realization_mean_not_inferential_frames
100,300,93,3,0.09344999999999999,4.159972666666667,0.06754330599203233,4.094625000000001,4.229516,descriptive_equal_realization_mean_not_inferential_frames
100,300,94,3,0.09444999999999999,4.266688333333334,0.06806181961520977,4.1882209999999995,4.3097389999999995,descriptive_equal_realization_mean_not_inferential_frames
100,300,95,3,0.09545,4.1652960000000006,0.017783967302039287,4.15278,4.185653,descriptive_equal_realization_mean_not_inferential_frames
100,300,96,3,0.09645,4.162950333333334,0.051365574710435846,4.114794999999999,4.217015,descriptive_equal_realization_mean_not_inferential_frames
100,300,97,3,0.09745,4.195850666666667,0.045026180077076185,4.144239000000001,4.227091,descriptive_equal_realization_mean_not_inferential_frames
100,300,98,3,0.09845,4.218088000000001,0.057128212758670624,4.164077000000001,4.277892,descriptive_equal_realization_mean_not_inferential_frames
100,300,99,3,0.09945,4.254229333333333,0.0556601189751987,4.193906,4.303596999999999,descriptive_equal_realization_mean_not_inferential_frames
100,300,100,3,0.10045,4.185097666666667,0.08561094273709038,4.086252,4.235697,descriptive_equal_realization_mean_not_inferential_frames
100,300,101,3,0.10145,4.1843053333333335,0.04626098464509078,4.133031,4.2229149999999995,descriptive_equal_realization_mean_not_inferential_frames
100,300,102,3,0.10245,4.211189333333333,0.0976554442534226,4.099574,4.280893,descriptive_equal_realization_mean_not_inferential_frames
100,300,103,3,0.10345,4.195617666666667,0.05986985265000537,4.127118,4.237945000000001,descriptive_equal_realization_mean_not_inferential_frames
100,300,104,3,0.10445,4.152607,0.05648150355647385,4.104725,4.214897,descriptive_equal_realization_mean_not_inferential_frames
100,300,105,3,0.10545,4.131099666666667,0.10145769132664768,4.046863,4.243729,descriptive_equal_realization_mean_not_inferential_frames
100,300,106,3,0.10645,4.209040666666667,0.16784875609408986,4.018969,4.336906,descriptive_equal_realization_mean_not_inferential_frames
100,300,107,3,0.10745,4.179136333333333,0.11975991460556974,4.040887,4.25105,descriptive_equal_realization_mean_not_inferential_frames
100,300,108,3,0.10845,4.193162,0.13705957712980146,4.076124,4.343941,descriptive_equal_realization_mean_not_inferential_frames
100,300,109,3,0.10945,4.272917333333333,0.08994380146698999,4.179319,4.358695999999999,descriptive_equal_realization_mean_not_inferential_frames
100,300,110,3,0.11045,4.212617333333333,0.044646770122073944,4.1672910000000005,4.256552,descriptive_equal_realization_mean_not_inferential_frames
100,300,111,3,0.11145000000000001,4.205241,0.06644827975952383,4.137780000000001,4.270628,descriptive_equal_realization_mean_not_inferential_frames
100,300,112,3,0.11245000000000001,4.208450666666667,0.09374108008943276,4.134794999999999,4.31397,descriptive_equal_realization_mean_not_inferential_frames
100,300,113,3,0.11345000000000001,4.150689333333333,0.07629902202081833,4.10454,4.238758,descriptive_equal_realization_mean_not_inferential_frames
100,300,114,3,0.11445000000000001,4.151998333333334,0.04839122504476691,4.096317000000001,4.183889,descriptive_equal_realization_mean_not_inferential_frames
100,300,115,3,0.11545000000000001,4.062087666666667,0.011763734285223194,4.048647,4.07051,descriptive_equal_realization_mean_not_inferential_frames
100,300,116,3,0.11645000000000001,4.0609176666666675,0.03408425739741694,4.024246,4.091628000000001,descriptive_equal_realization_mean_not_inferential_frames
100,300,117,3,0.11745000000000001,4.065313333333333,0.021863367680513578,4.040108,4.079151,descriptive_equal_realization_mean_not_inferential_frames
100,300,118,3,0.11844999999999999,4.010755333333333,0.023699837348246062,3.983746,4.028074999999999,descriptive_equal_realization_mean_not_inferential_frames
100,300,119,3,0.11945000000000001,3.967144,0.022492130690532682,3.9429749999999997,3.987462,descriptive_equal_realization_mean_not_inferential_frames
100,300,120,3,0.12044999999999999,3.9276206666666673,0.07020164174955837,3.8465830000000003,3.969855,descriptive_equal_realization_mean_not_inferential_frames
100,300,121,3,0.12144999999999999,3.8873270000000004,0.1780375362472759,3.725276,4.0779060000000005,descriptive_equal_realization_mean_not_inferential_frames
100,300,122,3,0.12244999999999999,3.945475333333333,0.15018335702178628,3.802299,4.101801,descriptive_equal_realization_mean_not_inferential_frames
100,300,123,3,0.12344999999999999,3.8770566666666664,0.16805868917831449,3.7336749999999994,4.061995,descriptive_equal_realization_mean_not_inferential_frames
100,300,124,3,0.12444999999999999,3.8369743333333326,0.1571346125153,3.687317999999999,4.000648,descriptive_equal_realization_mean_not_inferential_frames
100,300,125,3,0.12544999999999998,3.8573203333333335,0.21109112876275324,3.69738,4.096582,descriptive_equal_realization_mean_not_inferential_frames
100,300,126,3,0.12645,3.881753,0.2308576638905448,3.7103220000000006,4.1442559999999995,descriptive_equal_realization_mean_not_inferential_frames
100,300,127,3,0.12744999999999998,3.8056700000000006,0.28113840821381925,3.518669,4.080554,descriptive_equal_realization_mean_not_inferential_frames
100,300,128,3,0.12845,3.6995283333333333,0.24238706111781902,3.5100229999999994,3.9726549999999996,descriptive_equal_realization_mean_not_inferential_frames
100,300,129,3,0.12944999999999998,3.6333636666666664,0.3408254878047318,3.318287,3.9951250000000003,descriptive_equal_realization_mean_not_inferential_frames
100,300,130,3,0.13045,3.60426,0.2667186518018566,3.3419050000000006,3.8751380000000006,descriptive_equal_realization_mean_not_inferential_frames
100,300,131,3,0.13144999999999998,3.5621043333333327,0.32941851893500645,3.319153,3.9370509999999994,descriptive_equal_realization_mean_not_inferential_frames
100,300,132,3,0.13245,3.5115843333333334,0.3547972041664549,3.268806,3.9187619999999996,descriptive_equal_realization_mean_not_inferential_frames
100,300,133,3,0.13344999999999999,3.4864226666666664,0.38978582185776495,3.2506120000000003,3.936334,descriptive_equal_realization_mean_not_inferential_frames
100,300,134,3,0.13445000000000001,3.3579286666666666,0.35767499292141397,3.0242599999999995,3.735548,descriptive_equal_realization_mean_not_inferential_frames
100,300,135,3,0.13545,3.387700666666667,0.30072817427759146,3.100305,3.7001890000000004,descriptive_equal_realization_mean_not_inferential_frames
100,300,136,3,0.13645000000000002,3.352957,0.3579545348560344,3.050709,3.748245,descriptive_equal_realization_mean_not_inferential_frames
100,300,137,3,0.13745,3.2882653333333334,0.42134137543010575,2.901382,3.737186,descriptive_equal_realization_mean_not_inferential_frames
100,300,138,3,0.13845000000000002,3.265604,0.44612495725861384,2.9113960000000003,3.7666370000000002,descriptive_equal_realization_mean_not_inferential_frames
100,300,139,3,0.13945,3.282763333333333,0.3584270631207044,2.978582,3.677908,descriptive_equal_realization_mean_not_inferential_frames
100,300,140,3,0.14045000000000002,3.268853,0.2986808038274304,3.0429230000000005,3.607488,descriptive_equal_realization_mean_not_inferential_frames
100,300,141,3,0.14145,3.263178333333333,0.2880136978866341,3.0675979999999994,3.5939129999999997,descriptive_equal_realization_mean_not_inferential_frames
100,300,142,3,0.14245000000000002,3.1460756666666665,0.22806936569897612,2.9894519999999996,3.4077379999999997,descriptive_equal_realization_mean_not_inferential_frames
100,300,143,3,0.14345,3.1301143333333328,0.21652239364632334,2.9630079999999994,3.3747219999999998,descriptive_equal_realization_mean_not_inferential_frames
100,300,144,3,0.14445000000000002,3.0904740000000004,0.2721004510598981,2.820196,3.364361,descriptive_equal_realization_mean_not_inferential_frames
100,300,145,3,0.14545,3.0970030000000004,0.3217462871223228,2.785831,3.4283720000000004,descriptive_equal_realization_mean_not_inferential_frames
100,300,146,3,0.14645000000000002,3.0702176666666667,0.2886417272196334,2.817994,3.385013,descriptive_equal_realization_mean_not_inferential_frames
100,300,147,3,0.14745,3.0077510000000003,0.24900946702685856,2.835508,3.2932590000000004,descriptive_equal_realization_mean_not_inferential_frames
100,300,148,3,0.14845000000000003,2.9320383333333333,0.16152056904411102,2.8210189999999997,3.1173360000000003,descriptive_equal_realization_mean_not_inferential_frames
100,300,149,3,0.14945,2.885389333333334,0.10074294256340387,2.8263650000000005,3.001713,descriptive_equal_realization_mean_not_inferential_frames
100,300,150,3,0.15045000000000003,2.861280333333333,0.13256816801303917,2.7157679999999997,2.975194,descriptive_equal_realization_mean_not_inferential_frames
100,300,151,3,0.15145,2.7551376666666667,0.01692436061815432,2.7361380000000004,2.7685990000000005,descriptive_equal_realization_mean_not_inferential_frames
100,300,152,3,0.15245000000000003,2.7014790000000004,0.11028775598859579,2.5829999999999997,2.801159,descriptive_equal_realization_mean_not_inferential_frames
100,300,153,3,0.15345,2.6805506666666665,0.21917727130871323,2.449464,2.8854689999999996,descriptive_equal_realization_mean_not_inferential_frames
100,300,154,3,0.15445000000000003,2.6152960000000003,0.3043714702054055,2.269971,2.844571,descriptive_equal_realization_mean_not_inferential_frames
100,300,155,3,0.15545,2.449558666666667,0.28834339409345494,2.11822,2.6435640000000005,descriptive_equal_realization_mean_not_inferential_frames
100,300,156,3,0.15645000000000003,2.3846643333333333,0.3707510479086113,1.957847,2.626823,descriptive_equal_realization_mean_not_inferential_frames
100,300,157,3,0.15745,2.2921023333333332,0.41408880968861417,1.8140129999999999,2.5376649999999996,descriptive_equal_realization_mean_not_inferential_frames
100,300,158,3,0.15845000000000004,2.1877503333333332,0.39758948791100274,1.729605,2.442407,descriptive_equal_realization_mean_not_inferential_frames
100,300,159,3,0.15944999999999998,2.105267,0.16984250079706198,1.911164,2.226598,descriptive_equal_realization_mean_not_inferential_frames
100,300,160,3,0.16045,1.996374,0.16880554526732833,1.808221,2.1345430000000003,descriptive_equal_realization_mean_not_inferential_frames
100,300,161,3,0.16144999999999998,2.0732086666666665,0.07359785745749214,1.9897749999999998,2.128917,descriptive_equal_realization_mean_not_inferential_frames
100,300,162,3,0.16245,2.018426,0.08648788575864254,1.952189,2.116272,descriptive_equal_realization_mean_not_inferential_frames
100,300,163,3,0.16344999999999998,2.0050776666666668,0.06445199722532532,1.9311349999999998,2.049358,descriptive_equal_realization_mean_not_inferential_frames
100,300,164,3,0.16445,2.0039096666666665,0.16874732563609235,1.858679,2.1890270000000003,descriptive_equal_realization_mean_not_inferential_frames
100,300,165,3,0.16544999999999999,1.9406023333333333,0.07842595705717159,1.872651,2.02642,descriptive_equal_realization_mean_not_inferential_frames
100,300,166,3,0.16645000000000001,1.9667503333333334,0.07293416800329806,1.8830540000000002,2.0166969999999997,descriptive_equal_realization_mean_not_inferential_frames
100,300,167,3,0.16745,1.8537000000000001,0.04114765581415286,1.8063180000000003,1.8804470000000002,descriptive_equal_realization_mean_not_inferential_frames
100,300,168,3,0.16845000000000002,1.800854,0.15413068327558926,1.6228849999999997,1.8910809999999998,descriptive_equal_realization_mean_not_inferential_frames
100,300,169,3,0.16945,1.8137073333333333,0.15973189012321037,1.629419,1.9123809999999999,descriptive_equal_realization_mean_not_inferential_frames
100,300,170,3,0.17045000000000002,1.8105023333333332,0.15533195772388025,1.65847,1.968936,descriptive_equal_realization_mean_not_inferential_frames
100,300,171,3,0.17145,1.7699730000000002,0.1102000465925492,1.64554,1.8552410000000001,descriptive_equal_realization_mean_not_inferential_frames
100,300,172,3,0.17245000000000002,1.7390216666666662,0.13679716006311443,1.5814489999999997,1.8273789999999999,descriptive_equal_realization_mean_not_inferential_frames
100,300,173,3,0.17345,1.7365936666666666,0.0920769692938106,1.676682,1.842616,descriptive_equal_realization_mean_not_inferential_frames
100,300,174,3,0.17445000000000002,1.824261,0.14921077710071765,1.6925839999999996,1.986327,descriptive_equal_realization_mean_not_inferential_frames
100,300,175,3,0.17545,1.8076086666666669,0.15562969074483604,1.6870660000000002,1.983304,descriptive_equal_realization_mean_not_inferential_frames
100,300,176,3,0.17645000000000002,1.7811733333333333,0.1803409257665418,1.582907,1.9354490000000002,descriptive_equal_realization_mean_not_inferential_frames
100,300,177,3,0.17745,1.7122956666666667,0.14978069880105818,1.539349,1.799929,descriptive_equal_realization_mean_not_inferential_frames
100,300,178,3,0.17845,1.703931,0.16712406367426574,1.519273,1.8448040000000003,descriptive_equal_realization_mean_not_inferential_frames
100,300,179,3,0.17944999999999997,1.6066293333333332,0.2214072616386674,1.366997,1.803604,descriptive_equal_realization_mean_not_inferential_frames
100,300,180,3,0.18045,1.6269966666666666,0.22512797837970602,1.3673959999999998,1.768554,descriptive_equal_realization_mean_not_inferential_frames
100,300,181,3,0.18144999999999997,1.6945193333333333,0.22569011213239568,1.4410749999999999,1.8737819999999998,descriptive_equal_realization_mean_not_inferential_frames
100,300,182,3,0.18245,1.60846,0.2270600682616827,1.346455,1.747907,descriptive_equal_realization_mean_not_inferential_frames
100,300,183,3,0.18344999999999997,1.5742146666666665,0.20317051155207866,1.3617329999999999,1.7665769999999998,descriptive_equal_realization_mean_not_inferential_frames
100,300,184,3,0.18445,1.5671126666666666,0.18928579230975928,1.350834,1.702579,descriptive_equal_realization_mean_not_inferential_frames
100,300,185,3,0.18544999999999998,1.6115896666666665,0.179313748369536,1.4064780000000001,1.7386469999999998,descriptive_equal_realization_mean_not_inferential_frames
100,300,186,3,0.18645,1.6175263333333334,0.23072192470013184,1.353563,1.780735,descriptive_equal_realization_mean_not_inferential_frames
100,300,187,3,0.18744999999999998,1.480707,0.15079495560860115,1.306584,1.567834,descriptive_equal_realization_mean_not_inferential_frames
100,300,188,3,0.18845,1.5391503333333336,0.13491295318587213,1.3953590000000002,1.6629550000000002,descriptive_equal_realization_mean_not_inferential_frames
100,300,189,3,0.18944999999999998,1.4761110000000002,0.20152967291939913,1.245968,1.621013,descriptive_equal_realization_mean_not_inferential_frames
100,300,190,3,0.19045,1.5004353333333331,0.1429775970225173,1.335435,1.58781,descriptive_equal_realization_mean_not_inferential_frames
100,300,191,3,0.19144999999999998,1.523896,0.16844615173105026,1.377755,1.7081250000000001,descriptive_equal_realization_mean_not_inferential_frames
100,300,192,3,0.19245,1.4582356666666667,0.17665507506248843,1.2832149999999998,1.6364810000000003,descriptive_equal_realization_mean_not_inferential_frames
100,300,193,3,0.19344999999999998,1.3754038333333334,0.1440814346440351,1.288141,1.5417070000000002,descriptive_equal_realization_mean_not_inferential_frames
100,300,194,3,0.19445,1.453239333333333,0.1237635340410628,1.3597309999999998,1.5935859999999997,descriptive_equal_realization_mean_not_inferential_frames
100,300,195,3,0.19544999999999998,1.4583606666666666,0.0951837663960263,1.3816220000000001,1.5648719999999998,descriptive_equal_realization_mean_not_inferential_frames
100,300,196,3,0.19645,1.389869,0.19034039219514082,1.1792799999999999,1.549649,descriptive_equal_realization_mean_not_inferential_frames
100,300,197,3,0.19745,1.3136533333333331,0.13785349229284452,1.1675619999999998,1.4414399999999998,descriptive_equal_realization_mean_not_inferential_frames
100,300,198,3,0.19845000000000002,1.3354203333333334,0.08510319905463795,1.239047,1.4002409999999998,descriptive_equal_realization_mean_not_inferential_frames
100,300,199,3,0.19945,1.4303241,0.13289270094903632,1.2770393,1.513155,descriptive_equal_realization_mean_not_inferential_frames
100,300,200,3,0.20000000000000004,1.4544300000000001,0.14051000960785678,1.31395,1.59497,descriptive_equal_realization_mean_not_inferential_frames
100,1200,0,3,0.00044999999999998616,-0.015029603333333334,0.08534045356145603,-0.10870955,0.05828760000000001,descriptive_equal_realization_mean_not_inferential_frames
100,1200,1,3,0.0014500000000000001,0.026675706666666674,0.12011139909660129,-0.11200334999999999,0.09769976000000001,descriptive_equal_realization_mean_not_inferential_frames
100,1200,2,3,0.00245,0.08141559586666668,0.10539820493629126,-0.031265680000000004,0.1775805876,descriptive_equal_realization_mean_not_inferential_frames
100,1200,3,3,0.0034500000000000004,0.16384137333333335,0.14977379019365147,0.006699826000000001,0.30495884,descriptive_equal_realization_mean_not_inferential_frames
100,1200,4,3,0.00445,0.2834150866666667,0.0644161803044719,0.22267229000000005,0.35096415000000003,descriptive_equal_realization_mean_not_inferential_frames
100,1200,5,3,0.005450000000000001,0.23175056666666663,0.1152737974273357,0.13942221000000002,0.36094879999999996,descriptive_equal_realization_mean_not_inferential_frames
100,1200,6,3,0.00645,0.43083906366666663,0.0805569398645627,0.357668111,0.5171631499999999,descriptive_equal_realization_mean_not_inferential_frames
100,1200,7,3,0.007450000000000001,0.3377939773333334,0.16728565310201696,0.160746332,0.49321390000000004,descriptive_equal_realization_mean_not_inferential_frames
100,1200,8,3,0.008450000000000001,0.589772,0.08327731408084678,0.5188214,0.6814578,descriptive_equal_realization_mean_not_inferential_frames
100,1200,9,3,0.00945,0.32226936666666667,0.3776759322263134,-0.06318814000000002,0.6916502999999999,descriptive_equal_realization_mean_not_inferential_frames
100,1200,10,3,0.010450000000000001,0.6201032666666667,0.18479169688071312,0.4104229999999999,0.7592014,descriptive_equal_realization_mean_not_inferential_frames
100,1200,11,3,0.011450000000000002,0.5082090833333334,0.14352716997544698,0.42094424999999996,0.6738607000000001,descriptive_equal_realization_mean_not_inferential_frames
100,1200,12,3,0.012449999999999998,0.7218943666666666,0.11668289597196038,0.5916595,0.8169126,descriptive_equal_realization_mean_not_inferential_frames
100,1200,13,3,0.013449999999999998,0.64554,0.13938735323439494,0.48619200000000007,0.7448353,descriptive_equal_realization_mean_not_inferential_frames
100,1200,14,3,0.01445,0.7787840666666667,0.18789780795449243,0.5792693,0.9523721999999999,descriptive_equal_realization_mean_not_inferential_frames
100,1200,15,3,0.01545,0.7003846333333333,0.19790093525896577,0.5759180999999999,0.9285873,descriptive_equal_realization_mean_not_inferential_frames
100,1200,16,3,0.01645,0.9365231333333334,0.08616705322165386,0.8474347,1.0194366,descriptive_equal_realization_mean_not_inferential_frames
100,1200,17,3,0.01745,0.8878996666666668,0.1280454212837903,0.7516826000000001,1.0058009,descriptive_equal_realization_mean_not_inferential_frames
100,1200,18,3,0.01845,0.9359074333333334,0.06814265930020141,0.8602857,0.9925447999999999,descriptive_equal_realization_mean_not_inferential_frames
100,1200,19,3,0.019450000000000002,0.9701141,0.07604959894351851,0.8910574,1.0427494000000002,descriptive_equal_realization_mean_not_inferential_frames
100,1200,20,3,0.02045,1.0541766333333333,0.1470040449324553,0.898064,1.1899549,descriptive_equal_realization_mean_not_inferential_frames
100,1200,21,3,0.02145,1.0129835333333335,0.08010629664828692,0.9266925,1.0849806000000002,descriptive_equal_realization_mean_not_inferential_frames
100,1200,22,3,0.02245,1.0885990666666667,0.17158941000718347,0.8945472000000001,1.220278,descriptive_equal_realization_mean_not_inferential_frames
100,1200,23,3,0.023450000000000002,1.1935600333333334,0.16159020137565072,1.078562,1.3783107,descriptive_equal_realization_mean_not_inferential_frames
100,1200,24,3,0.02445,1.1709804000000001,0.1324148170114282,1.0214760999999999,1.273482,descriptive_equal_realization_mean_not_inferential_frames
100,1200,25,3,0.02545,1.4328614,0.06361659803447531,1.3635389999999998,1.4885671999999999,descriptive_equal_realization_mean_not_inferential_frames
100,1200,26,3,0.02644999999999999,1.2918676333333332,0.0767189071246673,1.2082069,1.3589259999999999,descriptive_equal_realization_mean_not_inferential_frames
100,1200,27,3,0.027449999999999992,1.3008896666666667,0.2262722577479029,1.113384,1.5522190000000002,descriptive_equal_realization_mean_not_inferential_frames
100,1200,28,3,0.028449999999999993,1.4870090666666667,0.13597018087217994,1.37027,1.636301,descriptive_equal_realization_mean_not_inferential_frames
100,1200,29,3,0.029449999999999994,1.3606239,0.15455313915715202,1.2101226999999999,1.5189329999999999,descriptive_equal_realization_mean_not_inferential_frames
100,1200,30,3,0.030449999999999994,1.5413523333333332,0.034998016034245946,1.5022179999999998,1.569651,descriptive_equal_realization_mean_not_inferential_frames
100,1200,31,3,0.03144999999999999,1.5794009333333332,0.20791016155496905,1.3529668,1.7616999999999998,descriptive_equal_realization_mean_not_inferential_frames
100,1200,32,3,0.03244999999999999,1.593970333333333,0.21448336935374118,1.3506269999999998,1.755531,descriptive_equal_realization_mean_not_inferential_frames
100,1200,33,3,0.033449999999999994,1.653916,0.19391674317603416,1.453254,1.840298,descriptive_equal_realization_mean_not_inferential_frames
100,1200,34,3,0.034449999999999995,1.7011413333333334,0.1065910028535867,1.589028,1.801182,descriptive_equal_realization_mean_not_inferential_frames
100,1200,35,3,0.035449999999999995,1.798197,0.06919362750282723,1.747684,1.877064,descriptive_equal_realization_mean_not_inferential_frames
100,1200,36,3,0.036449999999999996,1.6910226666666668,0.08640371676226279,1.6081990000000002,1.780609,descriptive_equal_realization_mean_not_inferential_frames
100,1200,37,3,0.03745,1.8241793333333334,0.05732423180761651,1.773124,1.8861910000000002,descriptive_equal_realization_mean_not_inferential_frames
100,1200,38,3,0.03845,1.902902,0.1096640943472387,1.8378419999999998,2.0295150000000004,descriptive_equal_realization_mean_not_inferential_frames
100,1200,39,3,0.03945,1.722574,0.026672089700659075,1.6974170000000002,1.7505390000000003,descriptive_equal_realization_mean_not_inferential_frames
100,1200,40,3,0.04045,2.0002383333333333,0.17800670938010538,1.832016,2.186635,descriptive_equal_realization_mean_not_inferential_frames
100,1200,41,3,0.04145,1.9198950000000001,0.13388571837205054,1.770635,2.0294030000000003,descriptive_equal_realization_mean_not_inferential_frames
100,1200,42,3,0.04245000000000001,2.033151333333333,0.12278456534244589,1.9501369999999998,2.174195,descriptive_equal_realization_mean_not_inferential_frames
100,1200,43,3,0.04345000000000001,1.8911473333333333,0.09172591510763668,1.8203409999999998,1.9947670000000002,descriptive_equal_realization_mean_not_inferential_frames
100,1200,44,3,0.04445000000000001,2.0542036666666665,0.21697510762604394,1.847261,2.279983,descriptive_equal_realization_mean_not_inferential_frames
100,1200,45,3,0.04545000000000001,2.167002,0.09570087081630974,2.077692,2.268017,descriptive_equal_realization_mean_not_inferential_frames
100,1200,46,3,0.04645,2.247403,0.08918405509955217,2.158825,2.3371809999999997,descriptive_equal_realization_mean_not_inferential_frames
100,1200,47,3,0.04745,2.185563333333333,0.06634381117582383,2.1218839999999997,2.254284,descriptive_equal_realization_mean_not_inferential_frames
100,1200,48,3,0.04845,2.1955516666666663,0.11402910847820101,2.083748,2.311683,descriptive_equal_realization_mean_not_inferential_frames
100,1200,49,3,0.04945,2.1694936666666664,0.09729614274128917,2.063589,2.2549219999999996,descriptive_equal_realization_mean_not_inferential_frames
100,1200,50,3,0.050449999999999995,2.318249,0.07398474571829021,2.2609239999999997,2.4017670000000004,descriptive_equal_realization_mean_not_inferential_frames
100,1200,51,3,0.051449999999999996,2.218636,0.22094739279520828,1.970449,2.393917,descriptive_equal_realization_mean_not_inferential_frames
100,1200,52,3,0.05245,2.3792,0.07090565134740696,2.305941,2.4474910000000003,descriptive_equal_realization_mean_not_inferential_frames
100,1200,53,3,0.05345,2.2729909999999998,0.05242389685057754,2.228367,2.330726,descriptive_equal_realization_mean_not_inferential_frames
100,1200,54,3,0.05445,2.348698,0.09511404891497346,2.244129,2.4300629999999996,descriptive_equal_realization_mean_not_inferential_frames
100,1200,55,3,0.05545,2.426664,0.05833300774004376,2.362348,2.476152,descriptive_equal_realization_mean_not_inferential_frames
100,1200,56,3,0.05645,2.351684333333333,0.12249149414279081,2.235009,2.479263,descriptive_equal_realization_mean_not_inferential_frames
100,1200,57,3,0.05744999999999998,2.523552333333333,0.09613521207826678,2.467165,2.6345549999999998,descriptive_equal_realization_mean_not_inferential_frames
100,1200,58,3,0.05844999999999998,2.4917840000000004,0.10742268281885345,2.3795960000000003,2.5937040000000002,descriptive_equal_realization_mean_not_inferential_frames
100,1200,59,3,0.05944999999999998,2.56458,0.18164314008792062,2.453949,2.774216,descriptive_equal_realization_mean_not_inferential_frames
100,1200,60,3,0.06044999999999998,2.5614600000000003,0.14472190772305318,2.4417550000000006,2.722295,descriptive_equal_realization_mean_not_inferential_frames
100,1200,61,3,0.061449999999999984,2.6074653333333333,0.197246689141626,2.3799020000000004,2.72946,descriptive_equal_realization_mean_not_inferential_frames
100,1200,62,3,0.062449999999999985,2.4861226666666663,0.1134007899325807,2.358104,2.573968,descriptive_equal_realization_mean_not_inferential_frames
100,1200,63,3,0.06344999999999999,2.769553333333333,0.09978589530757022,2.6794919999999998,2.876825,descriptive_equal_realization_mean_not_inferential_frames
100,1200,64,3,0.06444999999999998,2.571137,0.035902316067351094,2.5331270000000004,2.6044739999999997,descriptive_equal_realization_mean_not_inferential_frames
100,1200,65,3,0.06544999999999998,2.724577333333334,0.06248779268251755,2.6745030000000005,2.794605,descriptive_equal_realization_mean_not_inferential_frames
100,1200,66,3,0.06644999999999998,2.5898936666666663,0.14554581913038,2.4631359999999995,2.7488389999999994,descriptive_equal_realization_mean_not_inferential_frames
100,1200,67,3,0.06744999999999998,2.737026333333333,0.050661658878616914,2.689056,2.790007,descriptive_equal_realization_mean_not_inferential_frames
100,1200,68,3,0.06844999999999998,2.6575943333333334,0.05866104798188753,2.589877,2.6928279999999996,descriptive_equal_realization_mean_not_inferential_frames
100,1200,69,3,0.06944999999999998,2.671821,0.091137510219448,2.567228,2.734181,descriptive_equal_realization_mean_not_inferential_frames
100,1200,70,3,0.07044999999999998,2.6658500000000003,0.11530733266796148,2.5717030000000003,2.794459,descriptive_equal_realization_mean_not_inferential_frames
100,1200,71,3,0.07144999999999999,2.8570586666666666,0.0915767847455528,2.751511,2.9154069999999996,descriptive_equal_realization_mean_not_inferential_frames
100,1200,72,3,0.07244999999999999,2.7319433333333336,0.12019181197291859,2.5987839999999998,2.8323980000000004,descriptive_equal_realization_mean_not_inferential_frames
100,1200,73,3,0.07344999999999999,2.7870753333333327,0.11948973862358789,2.6687209999999997,2.907669,descriptive_equal_realization_mean_not_inferential_frames
100,1200,74,3,0.07444999999999999,2.8858666666666664,0.14716174759880124,2.716599,2.9834589999999994,descriptive_equal_realization_mean_not_inferential_frames
100,1200,75,3,0.07544999999999999,2.8172156666666672,0.1373885705738775,2.6647800000000004,2.9314880000000003,descriptive_equal_realization_mean_not_inferential_frames
100,1200,76,3,0.07644999999999999,2.882635,0.031158873519432858,2.861712,2.918445,descriptive_equal_realization_mean_not_inferential_frames
100,1200,77,3,0.07744999999999999,2.8890623333333334,0.1428160590561623,2.78078,3.0509189999999995,descriptive_equal_realization_mean_not_inferential_frames
100,1200,78,3,0.07844999999999999,2.804100333333333,0.14417612863901383,2.6502229999999996,2.9360670000000004,descriptive_equal_realization_mean_not_inferential_frames
100,1200,79,3,0.07944999999999999,2.8856776666666666,0.024847638043349926,2.863873,2.91273,descriptive_equal_realization_mean_not_inferential_frames
100,1200,80,3,0.08045,2.8710426666666664,0.1832251491262413,2.7611509999999995,3.082559,descriptive_equal_realization_mean_not_inferential_frames
100,1200,81,3,0.08145,2.8673333333333333,0.04031688567254843,2.824163,2.904008,descriptive_equal_realization_mean_not_inferential_frames
100,1200,82,3,0.08245,2.820991333333333,0.11763815837275486,2.721936,2.951016,descriptive_equal_realization_mean_not_inferential_frames
100,1200,83,3,0.08344999999999998,2.9267616666666663,0.1616705039279996,2.774646,3.096537,descriptive_equal_realization_mean_not_inferential_frames
100,1200,84,3,0.08444999999999998,2.744214,0.15768329378535947,2.5945810000000002,2.908872,descriptive_equal_realization_mean_not_inferential_frames
100,1200,85,3,0.08544999999999998,2.8872259999999996,0.16785609011292985,2.7027039999999998,3.030862,descriptive_equal_realization_mean_not_inferential_frames
100,1200,86,3,0.08644999999999999,2.9234416666666667,0.08255574790608643,2.8650450000000003,3.017892,descriptive_equal_realization_mean_not_inferential_frames
100,1200,87,3,0.08744999999999999,2.962039666666667,0.1273389574416776,2.8392399999999998,3.093478,descriptive_equal_realization_mean_not_inferential_frames
100,1200,88,3,0.08844999999999999,3.0570983333333337,0.07933486999001985,2.983799,3.141334,descriptive_equal_realization_mean_not_inferential_frames
100,1200,89,3,0.08944999999999999,2.9186263333333335,0.20677677425265453,2.6894250000000004,3.091164,descriptive_equal_realization_mean_not_inferential_frames
100,1200,90,3,0.09044999999999999,3.058973333333333,0.12035306464454233,2.95395,3.1903040000000003,descriptive_equal_realization_mean_not_inferential_frames
100,1200,91,3,0.09144999999999999,3.016227,0.024690983354252908,2.987905,3.0332239999999997,descriptive_equal_realization_mean_not_inferential_frames
100,1200,92,3,0.09244999999999999,2.9351333333333334,0.1407697130860658,2.8426630000000004,3.09714,descriptive_equal_realization_mean_not_inferential_frames
100,1200,93,3,0.09344999999999999,2.937039,0.13900612730020215,2.835458,3.095457,descriptive_equal_realization_mean_not_inferential_frames
100,1200,94,3,0.09444999999999999,3.064826666666667,0.24596843165197693,2.822426,3.3142139999999998,descriptive_equal_realization_mean_not_inferential_frames
100,1200,95,3,0.09545,2.9370860000000003,0.08853770568520482,2.8519020000000004,3.028634,descriptive_equal_realization_mean_not_inferential_frames
100,1200,96,3,0.09645,3.070295,0.11860415730066105,2.9541600000000003,3.191223,descriptive_equal_realization_mean_not_inferential_frames
100,1200,97,3,0.09745,2.881169333333333,0.07592466008045926,2.825951,2.9677509999999994,descriptive_equal_realization_mean_not_inferential_frames
100,1200,98,3,0.09845,3.0393383333333333,0.04960533335573244,2.982893,3.075995,descriptive_equal_realization_mean_not_inferential_frames
100,1200,99,3,0.09945,2.8530530000000005,0.09248015722845658,2.7632689999999998,2.9480120000000003,descriptive_equal_realization_mean_not_inferential_frames
100,1200,100,3,0.10045,2.8743513333333333,0.0340798743591192,2.8407159999999996,2.908859,descriptive_equal_realization_mean_not_inferential_frames
100,1200,101,3,0.10145,2.9323753333333333,0.07791159569880055,2.847873,3.001361,descriptive_equal_realization_mean_not_inferential_frames
100,1200,102,3,0.10245,3.0398340000000004,0.22169237957358856,2.8133989999999995,3.256458,descriptive_equal_realization_mean_not_inferential_frames
100,1200,103,3,0.10345,2.889128,0.26180398570686425,2.653136,3.170746,descriptive_equal_realization_mean_not_inferential_frames
100,1200,104,3,0.10445,2.9299890000000004,0.2735931979801398,2.628889,3.163348,descriptive_equal_realization_mean_not_inferential_frames
100,1200,105,3,0.10545,2.8346256666666663,0.1751681262225905,2.7319980000000004,3.0368850000000003,descriptive_equal_realization_mean_not_inferential_frames
100,1200,106,3,0.10645,3.0401686666666663,0.16215274834036356,2.865482,3.1858809999999997,descriptive_equal_realization_mean_not_inferential_frames
100,1200,107,3,0.10745,2.9487520000000003,0.21163173559038861,2.7440439999999997,3.1666870000000005,descriptive_equal_realization_mean_not_inferential_frames
100,1200,108,3,0.10845,2.90607,0.2844366982247544,2.579959,3.102933,descriptive_equal_realization_mean_not_inferential_frames
100,1200,109,3,0.10945,2.8531409999999995,0.13620436117834117,2.711071,2.982603,descriptive_equal_realization_mean_not_inferential_frames
100,1200,110,3,0.11045,2.8960526666666673,0.18911091973847863,2.682885,3.043656,descriptive_equal_realization_mean_not_inferential_frames
100,1200,111,3,0.11145000000000001,2.934317666666667,0.09768312391264587,2.846489,3.039523,descriptive_equal_realization_mean_not_inferential_frames
100,1200,112,3,0.11245000000000001,2.94959,0.18932048740429538,2.8325000000000005,3.168009,descriptive_equal_realization_mean_not_inferential_frames
100,1200,113,3,0.11345000000000001,3.0357723333333335,0.2465782135435594,2.7638480000000003,3.2448349999999997,descriptive_equal_realization_mean_not_inferential_frames
100,1200,114,3,0.11445000000000001,2.782802333333333,0.07958433568443846,2.6942479999999995,2.8483460000000003,descriptive_equal_realization_mean_not_inferential_frames
100,1200,115,3,0.11545000000000001,2.866092,0.3445624554315226,2.471568,3.107923,descriptive_equal_realization_mean_not_inferential_frames
100,1200,116,3,0.11645000000000001,2.682283,0.1171519469919302,2.5664309999999997,2.800693,descriptive_equal_realization_mean_not_inferential_frames
100,1200,117,3,0.11745000000000001,2.894569666666667,0.27028807756601725,2.591442,3.110483,descriptive_equal_realization_mean_not_inferential_frames
100,1200,118,3,0.11844999999999999,2.616737,0.3925072684358854,2.1663819999999996,2.8860419999999998,descriptive_equal_realization_mean_not_inferential_frames
100,1200,119,3,0.11945000000000001,2.787383333333333,0.17978287592630543,2.643609,2.988957,descriptive_equal_realization_mean_not_inferential_frames
100,1200,120,3,0.12044999999999999,2.573552,0.25303077999919266,2.3567460000000002,2.8515749999999995,descriptive_equal_realization_mean_not_inferential_frames
100,1200,121,3,0.12144999999999999,2.7252783333333332,0.26382897162050534,2.426182,2.9249440000000004,descriptive_equal_realization_mean_not_inferential_frames
100,1200,122,3,0.12244999999999999,2.7323953333333333,0.19938255764317325,2.505217,2.878325,descriptive_equal_realization_mean_not_inferential_frames
100,1200,123,3,0.12344999999999999,2.623225666666667,0.31368077959819807,2.261019,2.804945,descriptive_equal_realization_mean_not_inferential_frames
100,1200,124,3,0.12444999999999999,2.677726,0.23100483070490124,2.4555309999999997,2.916633,descriptive_equal_realization_mean_not_inferential_frames
100,1200,125,3,0.12544999999999998,2.482784,0.09788873681890083,2.37058,2.550714,descriptive_equal_realization_mean_not_inferential_frames
100,1200,126,3,0.12645,2.6735823333333335,0.11658852273415804,2.5712590000000004,2.800509,descriptive_equal_realization_mean_not_inferential_frames
100,1200,127,3,0.12744999999999998,2.5184246666666668,0.1509287671762187,2.4310600000000004,2.6927019999999997,descriptive_equal_realization_mean_not_inferential_frames
100,1200,128,3,0.12845,2.5241243333333334,0.1908329061308174,2.306711,2.663908,descriptive_equal_realization_mean_not_inferential_frames
100,1200,129,3,0.12944999999999998,2.461169333333333,0.2714469020127754,2.161241,2.6899729999999997,descriptive_equal_realization_mean_not_inferential_frames
100,1200,130,3,0.13045,2.593712,0.3184113050505588,2.26246,2.897504,descriptive_equal_realization_mean_not_inferential_frames
100,1200,131,3,0.13144999999999998,2.411981,0.2901394085039124,2.0769719999999996,2.582243,descriptive_equal_realization_mean_not_inferential_frames
100,1200,132,3,0.13245,2.591139666666667,0.3608212111632762,2.274739,2.9840950000000004,descriptive_equal_realization_mean_not_inferential_frames
100,1200,133,3,0.13344999999999999,2.406112333333333,0.33982625032556474,2.083812,2.761102,descriptive_equal_realization_mean_not_inferential_frames
100,1200,134,3,0.13445000000000001,2.4745333333333335,0.19517869783696518,2.279054,2.66941,descriptive_equal_realization_mean_not_inferential_frames
100,1200,135,3,0.13545,2.201646333333333,0.3798825635039506,1.7653690000000002,2.4592479999999997,descriptive_equal_realization_mean_not_inferential_frames
100,1200,136,3,0.13645000000000002,2.323791333333333,0.17723773280352387,2.201648,2.527074,descriptive_equal_realization_mean_not_inferential_frames
100,1200,137,3,0.13745,2.1595693333333332,0.35641767471512054,1.9002319999999997,2.56599,descriptive_equal_realization_mean_not_inferential_frames
100,1200,138,3,0.13845000000000002,2.159739,0.5562311781993167,1.6437800000000002,2.748978,descriptive_equal_realization_mean_not_inferential_frames
100,1200,139,3,0.13945,2.222094333333333,0.4330108721606577,1.7325009999999998,2.554767,descriptive_equal_realization_mean_not_inferential_frames
100,1200,140,3,0.14045000000000002,2.1116093333333334,0.341626127271222,1.90824,2.5060209999999996,descriptive_equal_realization_mean_not_inferential_frames
100,1200,141,3,0.14145,2.140103,0.4584735407403572,1.693826,2.60987,descriptive_equal_realization_mean_not_inferential_frames
100,1200,142,3,0.14245000000000002,2.1371233333333333,0.29069508154479234,1.933295,2.4700010000000003,descriptive_equal_realization_mean_not_inferential_frames
100,1200,143,3,0.14345,1.9518236666666668,0.5881046671548642,1.534211,2.6243830000000004,descriptive_equal_realization_mean_not_inferential_frames
100,1200,144,3,0.14445000000000002,2.082252,0.4662241796957769,1.7738479999999999,2.618593,descriptive_equal_realization_mean_not_inferential_frames
100,1200,145,3,0.14545,1.9155069999999998,0.5389015427404157,1.488251,2.520931,descriptive_equal_realization_mean_not_inferential_frames
100,1200,146,3,0.14645000000000002,1.921411,0.43530144711107954,1.5511119999999998,2.400918,descriptive_equal_realization_mean_not_inferential_frames
100,1200,147,3,0.14745,1.7514743333333334,0.43854008321056964,1.3740839999999999,2.232573,descriptive_equal_realization_mean_not_inferential_frames
100,1200,148,3,0.14845000000000003,2.0325873333333333,0.7810946929792402,1.5044879999999998,2.929837,descriptive_equal_realization_mean_not_inferential_frames
100,1200,149,3,0.14945,1.6415783333333334,0.5262751125270255,1.190087,2.219577,descriptive_equal_realization_mean_not_inferential_frames
100,1200,150,3,0.15045000000000003,1.8592010333333333,0.8579410179811333,1.3145361000000002,2.84817,descriptive_equal_realization_mean_not_inferential_frames
100,1200,151,3,0.15145,1.4922658,0.5586606019376342,1.0436484,2.1180199999999996,descriptive_equal_realization_mean_not_inferential_frames
100,1200,152,3,0.15245000000000003,1.4457050999999999,0.7317062761480386,0.9327133,2.2835989999999997,descriptive_equal_realization_mean_not_inferential_frames
100,1200,153,3,0.15345,1.5380516666666664,0.5750607939551546,1.173291,2.2009599999999994,descriptive_equal_realization_mean_not_inferential_frames
100,1200,154,3,0.15445000000000003,1.4555729,0.821727908669366,0.6466757,2.289557,descriptive_equal_realization_mean_not_inferential_frames
100,1200,155,3,0.15545,1.4632018,0.6411856582105451,0.9904673,2.193037,descriptive_equal_realization_mean_not_inferential_frames
100,1200,156,3,0.15645000000000003,1.4580573000000001,0.535872125993478,0.9078329,1.97832,descriptive_equal_realization_mean_not_inferential_frames
100,1200,157,3,0.15745,1.380205466666667,0.5531318979224155,0.97356,2.010066,descriptive_equal_realization_mean_not_inferential_frames
100,1200,158,3,0.15845000000000004,1.5075509666666667,0.35648792884635416,1.1899642,1.8931429999999998,descriptive_equal_realization_mean_not_inferential_frames
100,1200,159,3,0.15944999999999998,1.2578196333333331,0.377751351988346,0.9967831,1.6909779999999999,descriptive_equal_realization_mean_not_inferential_frames
100,1200,160,3,0.16045,1.3066566999999998,0.22503101111817914,1.1546920999999997,1.565174,descriptive_equal_realization_mean_not_inferential_frames
100,1200,161,3,0.16144999999999998,1.0994079666666667,0.22822760989120774,0.8854936999999999,1.3396630999999999,descriptive_equal_realization_mean_not_inferential_frames
100,1200,162,3,0.16245,1.1638641333333333,0.1272315586274622,1.0502327999999999,1.301326,descriptive_equal_realization_mean_not_inferential_frames
100,1200,163,3,0.16344999999999998,1.0553418666666667,0.3046425422921481,0.7786607000000001,1.3818119999999998,descriptive_equal_realization_mean_not_inferential_frames
100,1200,164,3,0.16445,1.2036768333333334,0.14711915047621543,1.0972341,1.3715564,descriptive_equal_realization_mean_not_inferential_frames
100,1200,165,3,0.16544999999999999,0.7142911333333334,0.22703205873271148,0.5368472,0.9701322000000001,descriptive_equal_realization_mean_not_inferential_frames
100,1200,166,3,0.16645000000000001,1.1637624,0.2890644014933871,0.8440256999999999,1.4066040000000002,descriptive_equal_realization_mean_not_inferential_frames
100,1200,167,3,0.16745,0.7826269333333334,0.41461899765024446,0.4828125999999999,1.2557870000000002,descriptive_equal_realization_mean_not_inferential_frames
100,1200,168,3,0.16845000000000002,1.1945214333333332,0.03492676567968089,1.1583074999999998,1.2280001999999999,descriptive_equal_realization_mean_not_inferential_frames
100,1200,169,3,0.16945,0.9502351333333333,0.15820665385063087,0.847467,1.1324182,descriptive_equal_realization_mean_not_inferential_frames
100,1200,170,3,0.17045000000000002,1.0936062666666666,0.1285391985716939,0.9543149999999999,1.2076454,descriptive_equal_realization_mean_not_inferential_frames
100,1200,171,3,0.17145,0.9077007,0.08391369215872942,0.8418801,1.0021922,descriptive_equal_realization_mean_not_inferential_frames
100,1200,172,3,0.17245000000000002,0.9340898000000001,0.13015932409654712,0.7850895,1.0256379,descriptive_equal_realization_mean_not_inferential_frames
100,1200,173,3,0.17345,0.8989903666666667,0.33647160030127843,0.528653,1.185898,descriptive_equal_realization_mean_not_inferential_frames
100,1200,174,3,0.17445000000000002,0.9523287666666667,0.28344974553652946,0.6361071,1.1835604,descriptive_equal_realization_mean_not_inferential_frames
100,1200,175,3,0.17545,1.0559040000000002,0.14495232198885263,0.8997970000000001,1.1862464000000001,descriptive_equal_realization_mean_not_inferential_frames
100,1200,176,3,0.17645000000000002,1.1855627999999998,0.0750982417850778,1.0988527,1.2297924,descriptive_equal_realization_mean_not_inferential_frames
100,1200,177,3,0.17745,0.8673663,0.07262745716579923,0.789967,0.9340259,descriptive_equal_realization_mean_not_inferential_frames
100,1200,178,3,0.17845,1.0334892666666666,0.45200264171494986,0.5489236,1.443711,descriptive_equal_realization_mean_not_inferential_frames
100,1200,179,3,0.17944999999999997,0.7865194333333333,0.17475744860097758,0.6119488,0.9614630999999999,descriptive_equal_realization_mean_not_inferential_frames
100,1200,180,3,0.18045,0.9688231666666667,0.304683333740957,0.7759748999999999,1.3200788,descriptive_equal_realization_mean_not_inferential_frames
100,1200,181,3,0.18144999999999997,0.8682202333333334,0.15352662734667014,0.6996435000000001,1.0000148,descriptive_equal_realization_mean_not_inferential_frames
100,1200,182,3,0.18245,0.9448818333333334,0.3357592698186357,0.5581305999999999,1.16175,descriptive_equal_realization_mean_not_inferential_frames
100,1200,183,3,0.18344999999999997,1.0003236333333334,0.21468621928389658,0.7563240999999999,1.1602488999999998,descriptive_equal_realization_mean_not_inferential_frames
100,1200,184,3,0.18445,0.7780745666666666,0.3176290802991176,0.46301430000000005,1.0982116,descriptive_equal_realization_mean_not_inferential_frames
100,1200,185,3,0.18544999999999998,1.0483299,0.17095416505932232,0.93527,1.2449970000000001,descriptive_equal_realization_mean_not_inferential_frames
100,1200,186,3,0.18645,0.9707759333333333,0.22974777744849534,0.7055361,1.1078584,descriptive_equal_realization_mean_not_inferential_frames
100,1200,187,3,0.18744999999999998,0.7921467666666665,0.3492076935976974,0.39579980000000003,1.0545684,descriptive_equal_realization_mean_not_inferential_frames
100,1200,188,3,0.18845,1.0320352333333334,0.22396481334987287,0.8486285,1.2816364000000002,descriptive_equal_realization_mean_not_inferential_frames
100,1200,189,3,0.18944999999999998,0.8497432333333333,0.2250581174401478,0.617537,1.0668976000000001,descriptive_equal_realization_mean_not_inferential_frames
100,1200,190,3,0.19045,0.8430580333333334,0.057330086294574284,0.7768591,0.8762788,descriptive_equal_realization_mean_not_inferential_frames
100,1200,191,3,0.19144999999999998,0.8674144333333335,0.1714748260329875,0.7520241000000001,1.064456,descriptive_equal_realization_mean_not_inferential_frames
100,1200,192,3,0.19245,0.8949693,0.0843567269795953,0.8285766999999999,0.9898913999999998,descriptive_equal_realization_mean_not_inferential_frames
100,1200,193,3,0.19344999999999998,0.6356266133333334,0.36474403831846863,0.26823124000000004,0.9976602,descriptive_equal_realization_mean_not_inferential_frames
100,1200,194,3,0.19445,0.7860141333333334,0.13280118854021344,0.6786358,0.9345113999999999,descriptive_equal_realization_mean_not_inferential_frames
100,1200,195,3,0.19544999999999998,0.7409652666666666,0.1770450475982973,0.5564190999999999,0.9094091000000001,descriptive_equal_realization_mean_not_inferential_frames
100,1200,196,3,0.19645,0.8459328,0.20680532499432888,0.6727187,1.0748989,descriptive_equal_realization_mean_not_inferential_frames
100,1200,197,3,0.19745,0.7040909666666666,0.17410109624124515,0.5690820000000001,0.9005939999999999,descriptive_equal_realization_mean_not_inferential_frames
100,1200,198,3,0.19845000000000002,0.5458361666666667,0.09116735488969353,0.469576,0.6468134999999999,descriptive_equal_realization_mean_not_inferential_frames
100,1200,199,3,0.19945,0.7318507,0.20729114553957673,0.49357370000000006,0.8706786,descriptive_equal_realization_mean_not_inferential_frames
100,1200,200,3,0.20000000000000004,0.6582673333333333,0.16698883793335803,0.545178,0.850065,descriptive_equal_realization_mean_not_inferential_frames
110,300,0,3,0.0004500000000000495,-0.005441785599999999,0.07775860877704033,-0.06579023580000001,0.08230803900000001,descriptive_equal_realization_mean_not_inferential_frames
110,300,1,3,0.0014500000000000001,0.08162518299999999,0.11348951424825003,-0.039139556000000006,0.18607316499999998,descriptive_equal_realization_mean_not_inferential_frames
110,300,2,3,0.00245,0.15364207,0.10424121128054825,0.05366417,0.2616788,descriptive_equal_realization_mean_not_inferential_frames
110,300,3,3,0.0034500000000000004,0.24124435233333333,0.05598145611772901,0.2009195,0.30516010000000005,descriptive_equal_realization_mean_not_inferential_frames
110,300,4,3,0.00445,0.32741885333333337,0.13921655281014625,0.18943247,0.4678338,descriptive_equal_realization_mean_not_inferential_frames
110,300,5,3,0.005450000000000001,0.36867983333333326,0.11766260980423364,0.2739959999999999,0.5004061,descriptive_equal_realization_mean_not_inferential_frames
110,300,6,3,0.00645,0.5653243333333333,0.10370465228235101,0.4759868,0.6790493,descriptive_equal_realization_mean_not_inferential_frames
110,300,7,3,0.007450000000000001,0.5908428,0.07937250372868428,0.5129124,0.6715828,descriptive_equal_realization_mean_not_inferential_frames
110,300,8,3,0.008450000000000001,0.6480170333333334,0.12432346360270584,0.5508047,0.7881035,descriptive_equal_realization_mean_not_inferential_frames
110,300,9,3,0.00945,0.8108653333333332,0.16436074202881693,0.6359271000000001,0.9620675999999999,descriptive_equal_realization_mean_not_inferential_frames
110,300,10,3,0.010450000000000001,0.8730176333333334,0.09080009460663208,0.7789725000000001,0.9601811000000001,descriptive_equal_realization_mean_not_inferential_frames
110,300,11,3,0.011450000000000002,0.9274131666666667,0.0875003165553892,0.8498525000000001,1.0222699,descriptive_equal_realization_mean_not_inferential_frames
110,300,12,3,0.012449999999999998,1.0093615666666667,0.07154668959758613,0.9425217,1.0848321,descriptive_equal_realization_mean_not_inferential_frames
110,300,13,3,0.013449999999999998,1.1453243000000002,0.058944572968085855,1.0804081,1.195499,descriptive_equal_realization_mean_not_inferential_frames
110,300,14,3,0.01445,1.2022376,0.19371915378062116,0.9901368000000002,1.369827,descriptive_equal_realization_mean_not_inferential_frames
110,300,15,3,0.01545,1.2738846666666668,0.11410209752819307,1.1631160000000003,1.3910509999999998,descriptive_equal_realization_mean_not_inferential_frames
110,300,16,3,0.01645,1.3709443333333333,0.11426062690329204,1.2718080000000003,1.495908,descriptive_equal_realization_mean_not_inferential_frames
110,300,17,3,0.01745,1.4910826666666666,0.07733538293907467,1.408225,1.561351,descriptive_equal_realization_mean_not_inferential_frames
110,300,18,3,0.01845,1.5509156666666666,0.12399346987778571,1.4128589999999999,1.652802,descriptive_equal_realization_mean_not_inferential_frames
110,300,19,3,0.019450000000000002,1.6293523333333333,0.09181942064908341,1.526004,1.7015239999999998,descriptive_equal_realization_mean_not_inferential_frames
110,300,20,3,0.02045,1.7787196666666667,0.10129374576119347,1.6769610000000004,1.879542,descriptive_equal_realization_mean_not_inferential_frames
110,300,21,3,0.02145,1.8436959999999998,0.15692542911523308,1.6830349999999998,1.996598,descriptive_equal_realization_mean_not_inferential_frames
110,300,22,3,0.02245,1.9035966666666664,0.15337549497991293,1.737323,2.0395429999999997,descriptive_equal_realization_mean_not_inferential_frames
110,300,23,3,0.023450000000000002,2.0173330000000003,0.1672149770534924,1.8324390000000002,2.157962,descriptive_equal_realization_mean_not_inferential_frames
110,300,24,3,0.02445,2.112707,0.1672208103945202,1.9542519999999999,2.2874950000000003,descriptive_equal_realization_mean_not_inferential_frames
110,300,25,3,0.02545,2.1935556666666667,0.13315295025395935,2.0613029999999997,2.327591,descriptive_equal_realization_mean_not_inferential_frames
110,300,26,3,0.02644999999999999,2.280839,0.16066189597723568,2.1032719999999996,2.4161490000000003,descriptive_equal_realization_mean_not_inferential_frames
110,300,27,3,0.027449999999999992,2.4115823333333335,0.10043436490730316,2.298298,2.4897199999999997,descriptive_equal_realization_mean_not_inferential_frames
110,300,28,3,0.028449999999999993,2.499390333333333,0.17587714203196883,2.3150269999999997,2.6653309999999997,descriptive_equal_realization_mean_not_inferential_frames
110,300,29,3,0.029449999999999994,2.573871666666667,0.1568479124831868,2.4318479999999996,2.742214,descriptive_equal_realization_mean_not_inferential_frames
110,300,30,3,0.030449999999999994,2.6563046666666668,0.1960910405330479,2.4379859999999995,2.817468,descriptive_equal_realization_mean_not_inferential_frames
110,300,31,3,0.03144999999999999,2.757494,0.13368705660609043,2.618782,2.885514,descriptive_equal_realization_mean_not_inferential_frames
110,300,32,3,0.03244999999999999,2.8961873333333332,0.10561861604060793,2.8037499999999995,3.011303,descriptive_equal_realization_mean_not_inferential_frames
110,300,33,3,0.033449999999999994,2.949388666666666,0.1691157818783724,2.7575000000000003,3.0767049999999996,descriptive_equal_realization_mean_not_inferential_frames
110,300,34,3,0.034449999999999995,3.042463,0.20368831166024254,2.830285,3.2364400000000004,descriptive_equal_realization_mean_not_inferential_frames
110,300,35,3,0.035449999999999995,3.1632149999999997,0.17778941132980908,3.015139,3.360396,descriptive_equal_realization_mean_not_inferential_frames
110,300,36,3,0.036449999999999996,3.236342666666667,0.13633610034885615,3.082461,3.3420560000000004,descriptive_equal_realization_mean_not_inferential_frames
110,300,37,3,0.03745,3.3264,0.12830304044721613,3.1837660000000003,3.4324060000000003,descriptive_equal_realization_mean_not_inferential_frames
110,300,38,3,0.03845,3.4182010000000003,0.1688393169880763,3.22466,3.535297000000001,descriptive_equal_realization_mean_not_inferential_frames
110,300,39,3,0.03945,3.5038709999999997,0.18437302206125455,3.306519,3.6717029999999995,descriptive_equal_realization_mean_not_inferential_frames
110,300,40,3,0.04045,3.6200233333333336,0.1299067389719767,3.476813,3.7302789999999995,descriptive_equal_realization_mean_not_inferential_frames
110,300,41,3,0.04145,3.6931766666666666,0.18455748022860904,3.4914949999999996,3.85364,descriptive_equal_realization_mean_not_inferential_frames
110,300,42,3,0.04245000000000001,3.7996219999999994,0.17200031026425494,3.6084959999999997,3.9419529999999994,descriptive_equal_realization_mean_not_inferential_frames
110,300,43,3,0.04345000000000001,3.895833,0.14700032259488396,3.7325760000000003,4.017704,descriptive_equal_realization_mean_not_inferential_frames
110,300,44,3,0.04445000000000001,3.990281333333334,0.18150536905649198,3.790894,4.145901,descriptive_equal_realization_mean_not_inferential_frames
110,300,45,3,0.04545000000000001,4.1157156666666666,0.17193601689097374,3.9212350000000002,4.247523999999999,descriptive_equal_realization_mean_not_inferential_frames
110,300,46,3,0.04645,4.194127666666667,0.14340544606580852,4.028626999999999,4.2815970000000005,descriptive_equal_realization_mean_not_inferential_frames
110,300,47,3,0.04745,4.2835296666666665,0.17564859259992174,4.081018,4.394491,descriptive_equal_realization_mean_not_inferential_frames
110,300,48,3,0.04845,4.367371333333334,0.20892047511274064,4.126512,4.499542,descriptive_equal_realization_mean_not_inferential_frames
110,300,49,3,0.04945,4.490493666666667,0.17818811736289644,4.287823,4.622561,descriptive_equal_realization_mean_not_inferential_frames
110,300,50,3,0.050449999999999995,4.507734666666667,0.18245635119757636,4.313911,4.676163,descriptive_equal_realization_mean_not_inferential_frames
110,300,51,3,0.051449999999999996,4.641673666666667,0.14428960664695548,4.475106000000001,4.728259,descriptive_equal_realization_mean_not_inferential_frames
110,300,52,3,0.05245,4.775996999999999,0.2063224511365644,4.546091,4.945046,descriptive_equal_realization_mean_not_inferential_frames
110,300,53,3,0.05345,4.853256666666667,0.19068323125627332,4.643395,5.015882,descriptive_equal_realization_mean_not_inferential_frames
110,300,54,3,0.05445,5.008059666666667,0.2052585629525187,4.776661000000001,5.1681669999999995,descriptive_equal_realization_mean_not_inferential_frames
110,300,55,3,0.05545,5.054348333333333,0.1458755112838794,4.893945,5.179078,descriptive_equal_realization_mean_not_inferential_frames
110,300,56,3,0.05645,5.146787000000001,0.19690945546367217,4.922033000000001,5.288956000000001,descriptive_equal_realization_mean_not_inferential_frames
110,300,57,3,0.05744999999999998,5.228109333333333,0.18092057057264982,5.02761,5.379174999999999,descriptive_equal_realization_mean_not_inferential_frames
110,300,58,3,0.05844999999999998,5.372554,0.18232231678815397,5.1620289999999995,5.478736,descriptive_equal_realization_mean_not_inferential_frames
110,300,59,3,0.05944999999999998,5.441246666666667,0.16883836873866423,5.264940000000001,5.601465,descriptive_equal_realization_mean_not_inferential_frames
110,300,60,3,0.06044999999999998,5.563683999999999,0.17929045770480911,5.358956,5.692691999999999,descriptive_equal_realization_mean_not_inferential_frames
110,300,61,3,0.061449999999999984,5.643999000000001,0.21705466026095796,5.393368000000001,5.7702100000000005,descriptive_equal_realization_mean_not_inferential_frames
110,300,62,3,0.062449999999999985,5.729641999999999,0.1965150238251519,5.506575,5.877217,descriptive_equal_realization_mean_not_inferential_frames
110,300,63,3,0.06344999999999999,5.834905333333334,0.2110304713408313,5.599087,6.005976,descriptive_equal_realization_mean_not_inferential_frames
110,300,64,3,0.06444999999999998,5.901792333333333,0.15309291212963866,5.725073,5.994044,descriptive_equal_realization_mean_not_inferential_frames
110,300,65,3,0.06544999999999998,6.023868,0.17131351657998323,5.828621999999999,6.149015,descriptive_equal_realization_mean_not_inferential_frames
110,300,66,3,0.06644999999999998,6.177597333333334,0.16804450578443067,5.984768999999999,6.29277,descriptive_equal_realization_mean_not_inferential_frames
110,300,67,3,0.06744999999999998,6.205324,0.20510790776320656,5.975961,6.37113,descriptive_equal_realization_mean_not_inferential_frames
110,300,68,3,0.06844999999999998,6.33336,0.20811387140697726,6.098396,6.494491999999999,descriptive_equal_realization_mean_not_inferential_frames
110,300,69,3,0.06944999999999998,6.435609,0.20697657842374423,6.1979489999999995,6.5762930000000015,descriptive_equal_realization_mean_not_inferential_frames
110,300,70,3,0.07044999999999998,6.521077333333333,0.1892167943400726,6.302846,6.639374999999999,descriptive_equal_realization_mean_not_inferential_frames
110,300,71,3,0.07144999999999999,6.596228,0.22315923096972728,6.338737,6.733566000000001,descriptive_equal_realization_mean_not_inferential_frames
110,300,72,3,0.07244999999999999,6.713783666666667,0.1975487774736495,6.486758999999999,6.846540999999999,descriptive_equal_realization_mean_not_inferential_frames
110,300,73,3,0.07344999999999999,6.844817,0.1969622667390886,6.620255,6.9882919999999995,descriptive_equal_realization_mean_not_inferential_frames
110,300,74,3,0.07444999999999999,6.878718333333333,0.20059362644494363,6.647891999999999,7.010781,descriptive_equal_realization_mean_not_inferential_frames
110,300,75,3,0.07544999999999999,7.013272999999999,0.2197649753145392,6.7596229999999995,7.146647999999999,descriptive_equal_realization_mean_not_inferential_frames
110,300,76,3,0.07644999999999999,7.154174666666667,0.23885326101465196,6.881036,7.323870000000001,descriptive_equal_realization_mean_not_inferential_frames
110,300,77,3,0.07744999999999999,7.241504,0.21677614389272598,6.991808000000001,7.381545,descriptive_equal_realization_mean_not_inferential_frames
110,300,78,3,0.07844999999999999,7.301522333333334,0.1911653766620241,7.081344,7.425225,descriptive_equal_realization_mean_not_inferential_frames
110,300,79,3,0.07944999999999999,7.379837333333334,0.17994714317635954,7.1748460000000005,7.511742,descriptive_equal_realization_mean_not_inferential_frames
110,300,80,3,0.08045,7.503829333333333,0.2175494872582639,7.260071999999999,7.678287,descriptive_equal_realization_mean_not_inferential_frames
110,300,81,3,0.08145,7.64876,0.21960828255555392,7.403673,7.827669,descriptive_equal_realization_mean_not_inferential_frames
110,300,82,3,0.08245,7.700895,0.257198176634284,7.403922999999999,7.851954999999999,descriptive_equal_realization_mean_not_inferential_frames
110,300,83,3,0.08344999999999998,7.790998666666667,0.22891788543565836,7.527335000000001,7.939094,descriptive_equal_realization_mean_not_inferential_frames
110,300,84,3,0.08444999999999998,7.860976666666666,0.2061783151893843,7.628125,8.020350999999998,descriptive_equal_realization_mean_not_inferential_frames
110,300,85,3,0.08544999999999998,8.007401666666665,0.233094045600339,7.748786,8.201294999999998,descriptive_equal_realization_mean_not_inferential_frames
110,300,86,3,0.08644999999999999,8.110615666666666,0.23577777641315925,7.840456999999999,8.274882,descriptive_equal_realization_mean_not_inferential_frames
110,300,87,3,0.08744999999999999,8.192577333333332,0.27686439320781864,7.872932999999999,8.357351,descriptive_equal_realization_mean_not_inferential_frames
110,300,88,3,0.08844999999999999,8.280356,0.2136463883219186,8.034699,8.422787,descriptive_equal_realization_mean_not_inferential_frames
110,300,89,3,0.08944999999999999,8.349871333333335,0.2272158337623798,8.099543,8.543071000000001,descriptive_equal_realization_mean_not_inferential_frames
110,300,90,3,0.09044999999999999,8.450119666666668,0.2138207118974514,8.211155000000002,8.623372,descriptive_equal_realization_mean_not_inferential_frames
110,300,91,3,0.09144999999999999,8.558949333333333,0.22094493286865355,8.311573,8.736678000000001,descriptive_equal_realization_mean_not_inferential_frames
110,300,92,3,0.09244999999999999,8.633593666666668,0.20664890212709383,8.395468000000001,8.765919,descriptive_equal_realization_mean_not_inferential_frames
110,300,93,3,0.09344999999999999,8.741522666666667,0.1973024148213429,8.518705,8.894071,descriptive_equal_realization_mean_not_inferential_frames
110,300,94,3,0.09444999999999999,8.806015333333335,0.22078707487833868,8.557092,8.978171999999999,descriptive_equal_realization_mean_not_inferential_frames
110,300,95,3,0.09545,8.887839333333334,0.25574508715189986,8.596661000000001,9.076054,descriptive_equal_realization_mean_not_inferential_frames
110,300,96,3,0.09645,8.999775999999999,0.3157913306726462,8.636023999999999,9.203732,descriptive_equal_realization_mean_not_inferential_frames
110,300,97,3,0.09745,9.087064666666665,0.2818454880929155,8.765517999999998,9.291343,descriptive_equal_realization_mean_not_inferential_frames
110,300,98,3,0.09845,9.152358666666666,0.27418758105416263,8.841963000000002,9.361591,descriptive_equal_realization_mean_not_inferential_frames
110,300,99,3,0.09945,9.223138999999998,0.25511768639786614,8.928586,9.374148,descriptive_equal_realization_mean_not_inferential_frames
110,300,100,3,0.10045,9.296050000000001,0.26124072610716753,8.994403,9.448753,descriptive_equal_realization_mean_not_inferential_frames
110,300,101,3,0.10145,9.363055000000001,0.2796248883826316,9.042904000000002,9.559428999999998,descriptive_equal_realization_mean_not_inferential_frames
110,300,102,3,0.10245,9.478953666666667,0.27483397712497915,9.162431999999999,9.65707,descriptive_equal_realization_mean_not_inferential_frames
110,300,103,3,0.10345,9.548463,0.310950379985296,9.192012,9.764067,descriptive_equal_realization_mean_not_inferential_frames
110,300,104,3,0.10445,9.564612333333333,0.393904495968672,9.113805,9.842364,descriptive_equal_realization_mean_not_inferential_frames
110,300,105,3,0.10545,9.549766666666667,0.4188469011993919,9.092065,9.913948999999999,descriptive_equal_realization_mean_not_inferential_frames
110,300,106,3,0.10645,9.593973333333333,0.4462957783021637,9.119513,10.005403000000001,descriptive_equal_realization_mean_not_inferential_frames
110,300,107,3,0.10745,9.577820333333333,0.5426354552020476,9.046699,10.13128,descriptive_equal_realization_mean_not_inferential_frames
110,300,108,3,0.10845,9.511919666666666,0.6153108652058186,8.943175,10.16508,descriptive_equal_realization_mean_not_inferential_frames
110,300,109,3,0.10945,9.485739666666667,0.5834078884642673,9.022621000000001,10.140980000000003,descriptive_equal_realization_mean_not_inferential_frames
110,300,110,3,0.11045,9.396513333333333,0.7859442780867709,8.934231999999998,10.30399,descriptive_equal_realization_mean_not_inferential_frames
110,300,111,3,0.11145000000000001,9.378103333333334,0.728491882876763,8.903138,10.216839999999998,descriptive_equal_realization_mean_not_inferential_frames
110,300,112,3,0.11245000000000001,9.332512,0.7721702716188958,8.713726,10.197849999999999,descriptive_equal_realization_mean_not_inferential_frames
110,300,113,3,0.11345000000000001,9.248298,0.818844986231826,8.536579,10.143229999999999,descriptive_equal_realization_mean_not_inferential_frames
110,300,114,3,0.11445000000000001,9.081091666666667,1.020460601184257,8.100534999999999,10.137251000000001,descriptive_equal_realization_mean_not_inferential_frames
110,300,115,3,0.11545000000000001,8.981005666666666,1.1017158965478948,7.815430000000001,10.005215,descriptive_equal_realization_mean_not_inferential_frames
110,300,116,3,0.11645000000000001,8.85545,1.2596988672905127,7.4922889999999995,9.976559,descriptive_equal_realization_mean_not_inferential_frames
110,300,117,3,0.11745000000000001,8.715589666666666,1.338476758735964,7.27178,9.915071999999999,descriptive_equal_realization_mean_not_inferential_frames
110,300,118,3,0.11844999999999999,8.63536,1.4193068906927782,7.121256,9.935596,descriptive_equal_realization_mean_not_inferential_frames
110,300,119,3,0.11945000000000001,8.422851,1.436985068992716,6.833088999999999,9.629337,descriptive_equal_realization_mean_not_inferential_frames
110,300,120,3,0.12044999999999999,8.197348,1.4358590297612788,6.585221,9.338786,descriptive_equal_realization_mean_not_inferential_frames
110,300,121,3,0.12144999999999999,7.934054666666667,1.414201230218788,6.349825,9.069138,descriptive_equal_realization_mean_not_inferential_frames
110,300,122,3,0.12244999999999999,7.6276443333333335,1.3380249813782754,6.111833,8.644486,descriptive_equal_realization_mean_not_inferential_frames
110,300,123,3,0.12344999999999999,7.234345333333333,1.1350339205091329,5.944661,8.081271,descriptive_equal_realization_mean_not_inferential_frames
110,300,124,3,0.12444999999999999,6.932610666666668,1.053523689865745,5.754494,7.784239000000001,descriptive_equal_realization_mean_not_inferential_frames
110,300,125,3,0.12544999999999998,6.469004333333333,0.8667415855665018,5.543857999999999,7.262212,descriptive_equal_realization_mean_not_inferential_frames
110,300,126,3,0.12645,5.837649,0.6956199483166078,5.261269,6.6103250000000005,descriptive_equal_realization_mean_not_inferential_frames
110,300,127,3,0.12744999999999998,5.436234333333334,0.5663485486397339,5.01536,6.080145,descriptive_equal_realization_mean_not_inferential_frames
110,300,128,3,0.12845,5.159718333333333,0.47148067862886267,4.679963000000001,5.622464,descriptive_equal_realization_mean_not_inferential_frames
110,300,129,3,0.12944999999999998,4.931768,0.38877546523796996,4.488054,5.212657,descriptive_equal_realization_mean_not_inferential_frames
110,300,130,3,0.13045,4.883333666666666,0.29867646844760504,4.538522,5.061766,descriptive_equal_realization_mean_not_inferential_frames
110,300,131,3,0.13144999999999998,4.828086666666667,0.23823594351888522,4.553106,4.972329,descriptive_equal_realization_mean_not_inferential_frames
110,300,132,3,0.13245,4.746050333333334,0.20928434216236327,4.535908000000001,4.954466,descriptive_equal_realization_mean_not_inferential_frames
110,300,133,3,0.13344999999999999,4.747269333333333,0.1490096649762466,4.645103,4.91825,descriptive_equal_realization_mean_not_inferential_frames
110,300,134,3,0.13445000000000001,4.716532,0.15329869640345972,4.54435,4.838197,descriptive_equal_realization_mean_not_inferential_frames
110,300,135,3,0.13545,4.718216,0.019601874374660995,4.698393,4.737589,descriptive_equal_realization_mean_not_inferential_frames
110,300,136,3,0.13645000000000002,4.804863999999999,0.03311636322122355,4.777715,4.84176,descriptive_equal_realization_mean_not_inferential_frames
110,300,137,3,0.13745,4.8633820000000005,0.07925795927223987,4.788748,4.94657,descriptive_equal_realization_mean_not_inferential_frames
110,300,138,3,0.13845000000000002,4.961505333333333,0.04493301503720146,4.932574999999999,5.01327,descriptive_equal_realization_mean_not_inferential_frames
110,300,139,3,0.13945,5.0202800000000005,0.11615356939844765,4.93045,5.151448,descriptive_equal_realization_mean_not_inferential_frames
110,300,140,3,0.14045000000000002,5.092860666666667,0.13605255931930604,4.988484,5.246732,descriptive_equal_realization_mean_not_inferential_frames
110,300,141,3,0.14145,5.1262533333333336,0.15159281466591065,5.015495000000001,5.29902,descriptive_equal_realization_mean_not_inferential_frames
110,300,142,3,0.14245000000000002,5.259172,0.15037776914158596,5.092466,5.384600000000001,descriptive_equal_realization_mean_not_inferential_frames
110,300,143,3,0.14345,5.260674333333333,0.20153406563242082,5.105994000000001,5.488584999999999,descriptive_equal_realization_mean_not_inferential_frames
110,300,144,3,0.14445000000000002,5.246326000000001,0.23194992802111422,5.0385860000000005,5.496599000000001,descriptive_equal_realization_mean_not_inferential_frames
110,300,145,3,0.14545,5.3604363333333325,0.23546976425930688,5.167116999999999,5.622676,descriptive_equal_realization_mean_not_inferential_frames
110,300,146,3,0.14645000000000002,5.427499,0.341634983987296,5.095317,5.777861,descriptive_equal_realization_mean_not_inferential_frames
110,300,147,3,0.14745,5.539708999999999,0.2867102987128293,5.267081,5.838683,descriptive_equal_realization_mean_not_inferential_frames
110,300,148,3,0.14845000000000003,5.670955666666667,0.2393930698607069,5.457047,5.929539,descriptive_equal_realization_mean_not_inferential_frames
110,300,149,3,0.14945,5.739637333333332,0.33226502271128877,5.460995999999999,6.107363999999999,descriptive_equal_realization_mean_not_inferential_frames
110,300,150,3,0.15045000000000003,5.756047333333332,0.28205345909123963,5.505107999999999,6.061312,descriptive_equal_realization_mean_not_inferential_frames
110,300,151,3,0.15145,5.838542666666666,0.2680467908599789,5.630909,6.141144,descriptive_equal_realization_mean_not_inferential_frames
110,300,152,3,0.15245000000000003,5.915798333333334,0.2906840741291709,5.678275,6.239948,descriptive_equal_realization_mean_not_inferential_frames
110,300,153,3,0.15345,5.907352,0.38172548534385325,5.654907,6.346493000000001,descriptive_equal_realization_mean_not_inferential_frames
110,300,154,3,0.15445000000000003,5.909182,0.48099051379003305,5.631416,6.464582,descriptive_equal_realization_mean_not_inferential_frames
110,300,155,3,0.15545,5.897567,0.5772550836813822,5.510973,6.5611109999999995,descriptive_equal_realization_mean_not_inferential_frames
110,300,156,3,0.15645000000000003,5.948131666666666,0.6445450161581682,5.369619999999999,6.642888999999999,descriptive_equal_realization_mean_not_inferential_frames
110,300,157,3,0.15745,5.903545333333334,0.683786377426703,5.276617,6.632683,descriptive_equal_realization_mean_not_inferential_frames
110,300,158,3,0.15845000000000004,5.8813906666666655,0.8062270055420712,5.092381999999999,6.703798000000001,descriptive_equal_realization_mean_not_inferential_frames
110,300,159,3,0.15944999999999998,5.877338666666667,0.9496557087441385,4.958875000000001,6.8553809999999995,descriptive_equal_realization_mean_not_inferential_frames
110,300,160,3,0.16045,5.824790666666666,1.044184177651306,4.797586,6.8851640000000005,descriptive_equal_realization_mean_not_inferential_frames
110,300,161,3,0.16144999999999998,5.723566666666667,1.1661066925287467,4.534919,6.865743,descriptive_equal_realization_mean_not_inferential_frames
110,300,162,3,0.16245,5.7038753333333325,1.2946895152986806,4.388953,6.977335999999999,descriptive_equal_realization_mean_not_inferential_frames
110,300,163,3,0.16344999999999998,5.622211333333333,1.399381069759176,4.243264999999999,7.041169000000001,descriptive_equal_realization_mean_not_inferential_frames
110,300,164,3,0.16445,5.594227666666666,1.5599461944799038,4.084748,7.200164000000001,descriptive_equal_realization_mean_not_inferential_frames
110,300,165,3,0.16544999999999999,5.499101333333333,1.5831396108459082,3.995164,7.151048,descriptive_equal_realization_mean_not_inferential_frames
110,300,166,3,0.16645000000000001,5.385076333333333,1.6853175594247316,3.896725,7.215025,descriptive_equal_realization_mean_not_inferential_frames
110,300,167,3,0.16745,5.284464333333333,1.7571396699697304,3.876423,7.253635,descriptive_equal_realization_mean_not_inferential_frames
110,300,168,3,0.16845000000000002,5.139037999999999,1.8879039785020846,3.6686360000000002,7.268018,descriptive_equal_realization_mean_not_inferential_frames
110,300,169,3,0.16945,5.139602000000001,2.045888145532644,3.620167,7.465891000000001,descriptive_equal_realization_mean_not_inferential_frames
110,300,170,3,0.17045000000000002,4.996083333333334,2.2510613344159096,3.4172629999999997,7.5737250000000005,descriptive_equal_realization_mean_not_inferential_frames
110,300,171,3,0.17145,4.807961333333334,2.5429037276075426,3.066665,7.726114000000001,descriptive_equal_realization_mean_not_inferential_frames
110,300,172,3,0.17245000000000002,4.618271333333333,2.622332766481465,2.9914509999999996,7.643405,descriptive_equal_realization_mean_not_inferential_frames
110,300,173,3,0.17345,4.613065,2.739429147194539,2.9574349999999994,7.775112,descriptive_equal_realization_mean_not_inferential_frames
110,300,174,3,0.17445000000000002,4.653735,2.8630988814396545,2.9781950000000004,7.9596540000000005,descriptive_equal_realization_mean_not_inferential_frames
110,300,175,3,0.17545,4.6146503333333335,2.8126401085288766,2.919035,7.8613349999999995,descriptive_equal_realization_mean_not_inferential_frames
110,300,176,3,0.17645000000000002,4.6478383333333335,2.850309333635971,2.999027,7.93909,descriptive_equal_realization_mean_not_inferential_frames
110,300,177,3,0.17745,4.722520333333333,2.837825129747309,3.055319,7.999188999999999,descriptive_equal_realization_mean_not_inferential_frames
110,300,178,3,0.17845,4.7646663333333334,2.7381590634516346,3.176881,7.92641,descriptive_equal_realization_mean_not_inferential_frames
110,300,179,3,0.17944999999999997,4.758890666666666,2.64560228520848,3.2151709999999993,7.813711,descriptive_equal_realization_mean_not_inferential_frames
110,300,180,3,0.18045,4.794970666666667,2.560787750881813,3.311491,7.751908,descriptive_equal_realization_mean_not_inferential_frames
110,300,181,3,0.18144999999999997,4.844404666666667,2.5147876082799385,3.3864929999999993,7.748223,descriptive_equal_realization_mean_not_inferential_frames
110,300,182,3,0.18245,4.853189666666666,2.3950447878656322,3.4377509999999996,7.6184899999999995,descriptive_equal_realization_mean_not_inferential_frames
110,300,183,3,0.18344999999999997,4.908548333333333,2.3546707142480314,3.5328450000000005,7.627423,descriptive_equal_realization_mean_not_inferential_frames
110,300,184,3,0.18445,4.851086333333334,2.2696393109369457,3.5401940000000005,7.47184,descriptive_equal_realization_mean_not_inferential_frames
110,300,185,3,0.18544999999999998,4.891330333333333,2.1055808498961355,3.672551,7.322642999999999,descriptive_equal_realization_mean_not_inferential_frames
110,300,186,3,0.18645,4.872868666666666,1.8718820974170178,3.789634999999999,7.03433,descriptive_equal_realization_mean_not_inferential_frames
110,300,187,3,0.18744999999999998,4.791003666666667,1.7076213439695387,3.7808900000000003,6.762595,descriptive_equal_realization_mean_not_inferential_frames
110,300,188,3,0.18845,4.708854,1.4009515231284775,3.8910180000000003,6.3265,descriptive_equal_realization_mean_not_inferential_frames
110,300,189,3,0.18944999999999998,4.659754,1.098438477589437,3.9876739999999997,5.927351,descriptive_equal_realization_mean_not_inferential_frames
110,300,190,3,0.19045,4.526815,0.8830575340163296,4.004421,5.546378000000001,descriptive_equal_realization_mean_not_inferential_frames
110,300,191,3,0.19144999999999998,4.407164666666667,0.5802917034943145,4.020007,5.074368,descriptive_equal_realization_mean_not_inferential_frames
110,300,192,3,0.19245,4.38924,0.33118613663165325,4.172229,4.770443,descriptive_equal_realization_mean_not_inferential_frames
110,300,193,3,0.19344999999999998,4.328711333333334,0.11450429412180736,4.251056,4.460213,descriptive_equal_realization_mean_not_inferential_frames
110,300,194,3,0.19445,4.3248396666666675,0.07770604649789699,4.249208000000001,4.404466000000001,descriptive_equal_realization_mean_not_inferential_frames
110,300,195,3,0.19544999999999998,4.365149,0.1933763549687499,4.1469130000000005,4.5151840000000005,descriptive_equal_realization_mean_not_inferential_frames
110,300,196,3,0.19645,4.388085666666666,0.2304062536094304,4.1252189999999995,4.555055999999999,descriptive_equal_realization_mean_not_inferential_frames
110,300,197,3,0.19745,4.408217333333334,0.30865424026300603,4.051946,4.594749,descriptive_equal_realization_mean_not_inferential_frames
110,300,198,3,0.19845000000000002,4.474237666666666,0.3096046637380214,4.116746,4.655181000000001,descriptive_equal_realization_mean_not_inferential_frames
110,300,199,3,0.19945,4.545839,0.28211810855030234,4.222575,4.742341000000001,descriptive_equal_realization_mean_not_inferential_frames
110,300,200,3,0.20000000000000004,4.650343333333333,0.28111437286864804,4.32618,4.82705,descriptive_equal_realization_mean_not_inferential_frames
110,1200,0,3,0.00044999999999997185,-0.023586160333333345,0.09846347614053778,-0.13443551000000004,0.053733089,descriptive_equal_realization_mean_not_inferential_frames
110,1200,1,3,0.0014500000000000001,0.178863926,0.1583351706542999,0.013869258,0.3295712,descriptive_equal_realization_mean_not_inferential_frames
110,1200,2,3,0.00245,0.08466008939999999,0.11055982775918091,-0.013162426799999998,0.20461036499999996,descriptive_equal_realization_mean_not_inferential_frames
110,1200,3,3,0.0034500000000000004,0.24759543233333337,0.16608510795164003,0.11695560699999999,0.43450560000000005,descriptive_equal_realization_mean_not_inferential_frames
110,1200,4,3,0.00445,0.29969873333333336,0.2009510746704365,0.1193817,0.5163312,descriptive_equal_realization_mean_not_inferential_frames
110,1200,5,3,0.005450000000000001,0.3378587743333334,0.19275619611879993,0.168836883,0.54778364,descriptive_equal_realization_mean_not_inferential_frames
110,1200,6,3,0.00645,0.5423471733333334,0.07077514147829116,0.46124010000000004,0.5915813,descriptive_equal_realization_mean_not_inferential_frames
110,1200,7,3,0.007450000000000001,0.3788245766666667,0.1949403539375715,0.20395333,0.5890070000000001,descriptive_equal_realization_mean_not_inferential_frames
110,1200,8,3,0.008450000000000001,0.6911689666666666,0.05110165979499426,0.6323646,0.7248037,descriptive_equal_realization_mean_not_inferential_frames
110,1200,9,3,0.00945,0.5988286333333334,0.1189943258183487,0.4749824,0.7122904,descriptive_equal_realization_mean_not_inferential_frames
110,1200,10,3,0.010450000000000001,0.8085828666666667,0.10937070569244456,0.6862349,0.8968710999999999,descriptive_equal_realization_mean_not_inferential_frames
110,1200,11,3,0.011450000000000002,0.8194649333333334,0.05850657771364965,0.7768095,0.8861623,descriptive_equal_realization_mean_not_inferential_frames
110,1200,12,3,0.012449999999999998,1.0018265666666668,0.13543197108882143,0.8460525999999999,1.0916581000000003,descriptive_equal_realization_mean_not_inferential_frames
110,1200,13,3,0.013449999999999998,1.0910808,0.08134731724162744,1.0146399000000002,1.1765767999999999,descriptive_equal_realization_mean_not_inferential_frames
110,1200,14,3,0.01445,1.0159645666666668,0.20719818128676554,0.7916567999999999,1.200199,descriptive_equal_realization_mean_not_inferential_frames
110,1200,15,3,0.01545,1.2839170333333332,0.11013080468744124,1.1878981,1.404135,descriptive_equal_realization_mean_not_inferential_frames
110,1200,16,3,0.01645,1.2355985333333335,0.16239400728171383,1.0852368000000001,1.407812,descriptive_equal_realization_mean_not_inferential_frames
110,1200,17,3,0.01745,1.3947453333333335,0.1284773947133631,1.318405,1.5430769999999998,descriptive_equal_realization_mean_not_inferential_frames
110,1200,18,3,0.01845,1.5495659999999998,0.05002383199036238,1.495593,1.594373,descriptive_equal_realization_mean_not_inferential_frames
110,1200,19,3,0.019450000000000002,1.5156863333333332,0.18940270847148227,1.306842,1.676335,descriptive_equal_realization_mean_not_inferential_frames
110,1200,20,3,0.02045,1.6194416666666667,0.11173104102859395,1.542425,1.747589,descriptive_equal_realization_mean_not_inferential_frames
110,1200,21,3,0.02145,1.6867786666666669,0.127172703267381,1.54027,1.768653,descriptive_equal_realization_mean_not_inferential_frames
110,1200,22,3,0.02245,1.7821253333333331,0.04648703157153961,1.736723,1.8296259999999998,descriptive_equal_realization_mean_not_inferential_frames
110,1200,23,3,0.023450000000000002,1.8907596666666666,0.20627930311190515,1.709488,2.1152109999999995,descriptive_equal_realization_mean_not_inferential_frames
110,1200,24,3,0.02445,1.8879206666666668,0.23929794262453133,1.687744,2.1529650000000005,descriptive_equal_realization_mean_not_inferential_frames
110,1200,25,3,0.02545,2.1334736666666667,0.23830961067974873,1.8967799999999997,2.373367,descriptive_equal_realization_mean_not_inferential_frames
110,1200,26,3,0.02644999999999999,2.250099,0.12291994010330455,2.1081890000000003,2.323394,descriptive_equal_realization_mean_not_inferential_frames
110,1200,27,3,0.027449999999999992,2.309348,0.10509368423934926,2.23981,2.430245,descriptive_equal_realization_mean_not_inferential_frames
110,1200,28,3,0.028449999999999993,2.208736333333334,0.13038583061948603,2.0833350000000004,2.343592,descriptive_equal_realization_mean_not_inferential_frames
110,1200,29,3,0.029449999999999994,2.3030139999999997,0.129037884402217,2.202439,2.4485079999999995,descriptive_equal_realization_mean_not_inferential_frames
110,1200,30,3,0.030449999999999994,2.4468146666666666,0.11089177636025745,2.363662,2.572719,descriptive_equal_realization_mean_not_inferential_frames
110,1200,31,3,0.03144999999999999,2.5436343333333333,0.1295209850963671,2.444644,2.690219,descriptive_equal_realization_mean_not_inferential_frames
110,1200,32,3,0.03244999999999999,2.564716,0.051274355198286124,2.534415,2.623917,descriptive_equal_realization_mean_not_inferential_frames
110,1200,33,3,0.033449999999999994,2.570914,0.16701446919054663,2.403572,2.7375990000000003,descriptive_equal_realization_mean_not_inferential_frames
110,1200,34,3,0.034449999999999995,2.7174973333333328,0.09564894749725847,2.646856,2.8263439999999997,descriptive_equal_realization_mean_not_inferential_frames
110,1200,35,3,0.035449999999999995,2.838544,0.17874234843203762,2.638577,2.982785,descriptive_equal_realization_mean_not_inferential_frames
110,1200,36,3,0.036449999999999996,3.0084013333333335,0.04960768828854379,2.97325,3.065146,descriptive_equal_realization_mean_not_inferential_frames
110,1200,37,3,0.03745,3.0260536666666664,0.17191118885730866,2.865387,3.2073479999999996,descriptive_equal_realization_mean_not_inferential_frames
110,1200,38,3,0.03845,3.1045656666666663,0.2158020264741122,2.897131,3.3278600000000003,descriptive_equal_realization_mean_not_inferential_frames
110,1200,39,3,0.03945,3.263902333333333,0.1527106174905113,3.114118,3.4193799999999994,descriptive_equal_realization_mean_not_inferential_frames
110,1200,40,3,0.04045,3.274642333333333,0.13865250269047927,3.1387159999999996,3.415869,descriptive_equal_realization_mean_not_inferential_frames
110,1200,41,3,0.04145,3.4698279999999997,0.11820614327098239,3.383954,3.604645,descriptive_equal_realization_mean_not_inferential_frames
110,1200,42,3,0.04245000000000001,3.4091730000000005,0.11684010348762958,3.293959,3.527574,descriptive_equal_realization_mean_not_inferential_frames
110,1200,43,3,0.04345000000000001,3.580591666666667,0.18486068227812327,3.3787580000000004,3.741682,descriptive_equal_realization_mean_not_inferential_frames
110,1200,44,3,0.04445000000000001,3.6373156666666664,0.07930897012528534,3.5595659999999993,3.718097,descriptive_equal_realization_mean_not_inferential_frames
110,1200,45,3,0.04545000000000001,3.747177,0.13050339621251206,3.5965830000000003,3.8271879999999996,descriptive_equal_realization_mean_not_inferential_frames
110,1200,46,3,0.04645,3.804537,0.05466948373635917,3.760915,3.8658650000000003,descriptive_equal_realization_mean_not_inferential_frames
110,1200,47,3,0.04745,3.825378333333333,0.09893399359842564,3.724731,3.9225049999999997,descriptive_equal_realization_mean_not_inferential_frames
110,1200,48,3,0.04845,4.043930333333333,0.13604086356802217,3.908916,4.180974999999999,descriptive_equal_realization_mean_not_inferential_frames
110,1200,49,3,0.04945,4.061693333333333,0.2622023957963264,3.840986,4.351536,descriptive_equal_realization_mean_not_inferential_frames
110,1200,50,3,0.050449999999999995,4.095222333333333,0.04609104769185989,4.042229000000001,4.125981,descriptive_equal_realization_mean_not_inferential_frames
110,1200,51,3,0.051449999999999996,4.2124663333333325,0.1604729691453778,4.1085769999999995,4.39729,descriptive_equal_realization_mean_not_inferential_frames
110,1200,52,3,0.05245,4.287887333333333,0.21826029676817868,4.120136,4.53465,descriptive_equal_realization_mean_not_inferential_frames
110,1200,53,3,0.05345,4.456670666666667,0.1269370052992158,4.325584000000001,4.5790049999999995,descriptive_equal_realization_mean_not_inferential_frames
110,1200,54,3,0.05445,4.478461333333333,0.18755269831258986,4.275918,4.646127,descriptive_equal_realization_mean_not_inferential_frames
110,1200,55,3,0.05545,4.591314333333334,0.13961185158264097,4.453984,4.7331010000000004,descriptive_equal_realization_mean_not_inferential_frames
110,1200,56,3,0.05645,4.474683,0.2379315112190898,4.305362,4.7467179999999995,descriptive_equal_realization_mean_not_inferential_frames
110,1200,57,3,0.05744999999999998,4.837287,0.2135396073823309,4.603458,5.021967,descriptive_equal_realization_mean_not_inferential_frames
110,1200,58,3,0.05844999999999998,4.802567,0.09325449517851687,4.728848,4.907401,descriptive_equal_realization_mean_not_inferential_frames
110,1200,59,3,0.05944999999999998,5.082784666666667,0.06503163545024329,5.0334840000000005,5.156488,descriptive_equal_realization_mean_not_inferential_frames
110,1200,60,3,0.06044999999999998,4.986947333333333,0.16628163815146127,4.828765,5.160290000000001,descriptive_equal_realization_mean_not_inferential_frames
110,1200,61,3,0.061449999999999984,5.146744333333333,0.06455528421696691,5.077798,5.205757,descriptive_equal_realization_mean_not_inferential_frames
110,1200,62,3,0.062449999999999985,5.150955333333333,0.0792976945461424,5.072324,5.230903,descriptive_equal_realization_mean_not_inferential_frames
110,1200,63,3,0.06344999999999999,5.148713333333333,0.08207607033315739,5.069164,5.233102000000001,descriptive_equal_realization_mean_not_inferential_frames
110,1200,64,3,0.06444999999999998,5.3919369999999995,0.15003899473470228,5.252460999999999,5.550678,descriptive_equal_realization_mean_not_inferential_frames
110,1200,65,3,0.06544999999999998,5.365498333333334,0.07115571989891838,5.3065240000000005,5.44453,descriptive_equal_realization_mean_not_inferential_frames
110,1200,66,3,0.06644999999999998,5.463732333333333,0.11224155796465685,5.38169,5.5916440000000005,descriptive_equal_realization_mean_not_inferential_frames
110,1200,67,3,0.06744999999999998,5.563540666666666,0.3317748817742732,5.342381,5.945027999999999,descriptive_equal_realization_mean_not_inferential_frames
110,1200,68,3,0.06844999999999998,5.59641,0.14185675475281456,5.489762999999999,5.757405,descriptive_equal_realization_mean_not_inferential_frames
110,1200,69,3,0.06944999999999998,5.8015333333333325,0.1938796930684929,5.581229,5.946164999999999,descriptive_equal_realization_mean_not_inferential_frames
110,1200,70,3,0.07044999999999998,5.898781333333333,0.11055615410429759,5.773204000000001,5.9814549999999995,descriptive_equal_realization_mean_not_inferential_frames
110,1200,71,3,0.07144999999999999,5.812652333333332,0.11716954748710717,5.700193999999999,5.934024,descriptive_equal_realization_mean_not_inferential_frames
110,1200,72,3,0.07244999999999999,5.9602993333333325,0.026098392294034965,5.932827,5.984763,descriptive_equal_realization_mean_not_inferential_frames
110,1200,73,3,0.07344999999999999,6.115149666666667,0.24689459480987694,5.901479,6.385434,descriptive_equal_realization_mean_not_inferential_frames
110,1200,74,3,0.07444999999999999,6.111155,0.060622093926224654,6.0638190000000005,6.179483,descriptive_equal_realization_mean_not_inferential_frames
110,1200,75,3,0.07544999999999999,6.221143666666666,0.12055445355661162,6.134599,6.358839999999999,descriptive_equal_realization_mean_not_inferential_frames
110,1200,76,3,0.07644999999999999,6.165808000000001,0.12905534678191413,6.058196,6.308889000000001,descriptive_equal_realization_mean_not_inferential_frames
110,1200,77,3,0.07744999999999999,6.224197333333333,0.2345013185044663,6.02395,6.482170999999999,descriptive_equal_realization_mean_not_inferential_frames
110,1200,78,3,0.07844999999999999,6.271839333333332,0.1888516887966134,6.1145320000000005,6.481281999999998,descriptive_equal_realization_mean_not_inferential_frames
110,1200,79,3,0.07944999999999999,6.427945666666666,0.18120912430761643,6.254234,6.6158209999999995,descriptive_equal_realization_mean_not_inferential_frames
110,1200,80,3,0.08045,6.348683333333334,0.22350711270635976,6.184286,6.6031770000000005,descriptive_equal_realization_mean_not_inferential_frames
110,1200,81,3,0.08145,6.634530000000001,0.1600700791653454,6.452968,6.755292,descriptive_equal_realization_mean_not_inferential_frames
110,1200,82,3,0.08245,6.648317666666666,0.13629427818266343,6.499029,6.766099,descriptive_equal_realization_mean_not_inferential_frames
110,1200,83,3,0.08344999999999998,6.605825666666667,0.1281133399858634,6.495946999999999,6.746544,descriptive_equal_realization_mean_not_inferential_frames
110,1200,84,3,0.08444999999999998,6.589422,0.30715919418438375,6.280458,6.894744,descriptive_equal_realization_mean_not_inferential_frames
110,1200,85,3,0.08544999999999998,6.802274333333333,0.1523425155671693,6.631775,6.9250169999999995,descriptive_equal_realization_mean_not_inferential_frames
110,1200,86,3,0.08644999999999999,6.728303999999999,0.28900304885415995,6.545064999999999,7.0614609999999995,descriptive_equal_realization_mean_not_inferential_frames
110,1200,87,3,0.08744999999999999,6.849650666666666,0.23838828919293273,6.700972999999999,7.124613999999999,descriptive_equal_realization_mean_not_inferential_frames
110,1200,88,3,0.08844999999999999,7.056967,0.3138039123417673,6.810258,7.410155999999999,descriptive_equal_realization_mean_not_inferential_frames
110,1200,89,3,0.08944999999999999,6.8916993333333325,0.18507363945828065,6.723832999999999,7.090166000000001,descriptive_equal_realization_mean_not_inferential_frames
110,1200,90,3,0.09044999999999999,7.132916000000001,0.41790086981962643,6.655332,7.43151,descriptive_equal_realization_mean_not_inferential_frames
110,1200,91,3,0.09144999999999999,7.001957999999999,0.30375781451840916,6.653118999999999,7.208037,descriptive_equal_realization_mean_not_inferential_frames
110,1200,92,3,0.09244999999999999,7.060571,0.35348379851557593,6.756302000000001,7.448324000000001,descriptive_equal_realization_mean_not_inferential_frames
110,1200,93,3,0.09344999999999999,7.173331666666667,0.4999110923697658,6.662404,7.661444999999999,descriptive_equal_realization_mean_not_inferential_frames
110,1200,94,3,0.09444999999999999,7.307649333333333,0.3231020671650583,6.970456999999999,7.614524,descriptive_equal_realization_mean_not_inferential_frames
110,1200,95,3,0.09545,7.218082,0.54758035327338,6.895771999999999,7.850332999999999,descriptive_equal_realization_mean_not_inferential_frames
110,1200,96,3,0.09645,7.132229666666667,0.4940499116894296,6.766164000000001,7.694185,descriptive_equal_realization_mean_not_inferential_frames
110,1200,97,3,0.09745,6.872264333333333,0.5990963218793219,6.433101000000001,7.5547369999999985,descriptive_equal_realization_mean_not_inferential_frames
110,1200,98,3,0.09845,6.701167333333333,0.6111341196998681,6.083158,7.305185999999999,descriptive_equal_realization_mean_not_inferential_frames
110,1200,99,3,0.09945,6.6371649999999995,0.9213233685362593,5.688139,7.528029999999999,descriptive_equal_realization_mean_not_inferential_frames
110,1200,100,3,0.10045,6.618891333333334,1.1428847348487652,5.3686810000000005,7.609941999999999,descriptive_equal_realization_mean_not_inferential_frames
110,1200,101,3,0.10145,6.4178223333333335,1.4426281935690617,4.8034360000000005,7.580675000000001,descriptive_equal_realization_mean_not_inferential_frames
110,1200,102,3,0.10245,6.108947,1.6617717999981219,4.265674000000001,7.492367,descriptive_equal_realization_mean_not_inferential_frames
110,1200,103,3,0.10345,5.893324,1.5954632241866307,4.093956,7.135365999999999,descriptive_equal_realization_mean_not_inferential_frames
110,1200,104,3,0.10445,5.708781666666667,1.6710011299267076,3.7918460000000005,6.857678,descriptive_equal_realization_mean_not_inferential_frames
110,1200,105,3,0.10545,5.631155000000001,1.677082390214923,3.7772600000000005,7.042778,descriptive_equal_realization_mean_not_inferential_frames
110,1200,106,3,0.10645,5.181592,2.02450604195295,2.9944800000000003,6.990012,descriptive_equal_realization_mean_not_inferential_frames
110,1200,107,3,0.10745,5.151769666666667,1.8648234650015356,3.1275250000000003,6.799810000000001,descriptive_equal_realization_mean_not_inferential_frames
110,1200,108,3,0.10845,5.0016,1.6954789899043279,3.108951,6.381582,descriptive_equal_realization_mean_not_inferential_frames
110,1200,109,3,0.10945,4.752451,1.5062020295468332,3.0218,5.767041,descriptive_equal_realization_mean_not_inferential_frames
110,1200,110,3,0.11045,4.355959,1.2875527216494864,2.9785530000000002,5.529282,descriptive_equal_realization_mean_not_inferential_frames
110,1200,111,3,0.11145000000000001,4.1396456666666674,1.1669766152097192,2.8495760000000003,5.121763,descriptive_equal_realization_mean_not_inferential_frames
110,1200,112,3,0.11245000000000001,3.8432779999999998,0.8090417716706596,2.976724,4.578816,descriptive_equal_realization_mean_not_inferential_frames
110,1200,113,3,0.11345000000000001,3.719258,0.6826039592413741,3.1519160000000004,4.476786,descriptive_equal_realization_mean_not_inferential_frames
110,1200,114,3,0.11445000000000001,3.2401329999999997,0.46692325278465174,2.755224,3.6867069999999997,descriptive_equal_realization_mean_not_inferential_frames
110,1200,115,3,0.11545000000000001,3.2127999999999997,0.3847376975499022,2.7826139999999997,3.5239559999999996,descriptive_equal_realization_mean_not_inferential_frames
110,1200,116,3,0.11645000000000001,3.0818916666666674,0.551916517307041,2.4546660000000005,3.4932430000000005,descriptive_equal_realization_mean_not_inferential_frames
110,1200,117,3,0.11745000000000001,2.992578333333333,0.7647631749145176,2.124359,3.566363,descriptive_equal_realization_mean_not_inferential_frames
110,1200,118,3,0.11844999999999999,2.8796963333333334,0.8391098672643131,1.911206,3.388946,descriptive_equal_realization_mean_not_inferential_frames
110,1200,119,3,0.11945000000000001,2.843074,0.8187853759007914,1.926217,3.5013510000000005,descriptive_equal_realization_mean_not_inferential_frames
110,1200,120,3,0.12044999999999999,2.6608913333333333,0.9394253837114117,1.6578060000000001,3.520044,descriptive_equal_realization_mean_not_inferential_frames
110,1200,121,3,0.12144999999999999,2.620148,0.8836276156803837,1.6109550000000001,3.254917,descriptive_equal_realization_mean_not_inferential_frames
110,1200,122,3,0.12244999999999999,2.716127,1.240237254332009,1.3426900000000002,3.7541880000000005,descriptive_equal_realization_mean_not_inferential_frames
110,1200,123,3,0.12344999999999999,2.493593166666667,1.191311474198114,1.2218995000000001,3.583664,descriptive_equal_realization_mean_not_inferential_frames
110,1200,124,3,0.12444999999999999,2.6936033666666663,1.239099980928538,1.3459111,3.7835779999999994,descriptive_equal_realization_mean_not_inferential_frames
110,1200,125,3,0.12544999999999998,2.6517055333333333,1.550115383132834,0.9262036000000002,3.926573,descriptive_equal_realization_mean_not_inferential_frames
110,1200,126,3,0.12645,2.6046013,1.3893338784027656,1.0917679,3.8233490000000003,descriptive_equal_realization_mean_not_inferential_frames
110,1200,127,3,0.12744999999999998,2.7030345333333337,1.6095715635776664,0.8544155999999999,3.793707,descriptive_equal_realization_mean_not_inferential_frames
110,1200,128,3,0.12845,2.744577533333333,1.759646078092141,0.7999856,4.227046,descriptive_equal_realization_mean_not_inferential_frames
110,1200,129,3,0.12944999999999998,2.717589466666667,1.5790728041918314,0.9482793999999999,3.9838560000000003,descriptive_equal_realization_mean_not_inferential_frames
110,1200,130,3,0.13045,2.6591680666666666,1.8464828517703091,0.6126622,4.200455,descriptive_equal_realization_mean_not_inferential_frames
110,1200,131,3,0.13144999999999998,2.7697569333333334,1.9023239282509734,0.6258308,4.255872000000001,descriptive_equal_realization_mean_not_inferential_frames
110,1200,132,3,0.13245,2.6837606666666667,1.8291209183775508,0.68051,4.264975000000001,descriptive_equal_realization_mean_not_inferential_frames
110,1200,133,3,0.13344999999999999,2.745538266666667,2.082276589555963,0.4591558,4.533103,descriptive_equal_realization_mean_not_inferential_frames
110,1200,134,3,0.13445000000000001,2.7893215999999996,1.765765218064927,0.8517838,4.307988,descriptive_equal_realization_mean_not_inferential_frames
110,1200,135,3,0.13545,2.7066817000000003,2.104227340836862,0.4196721,4.5607940000000005,descriptive_equal_realization_mean_not_inferential_frames
110,1200,136,3,0.13645000000000002,2.710902966666667,1.8854139409044646,0.6720639,4.3914860000000004,descriptive_equal_realization_mean_not_inferential_frames
110,1200,137,3,0.13745,2.7934457,1.9905112236221054,0.5949981,4.473407000000001,descriptive_equal_realization_mean_not_inferential_frames
110,1200,138,3,0.13845000000000002,2.7624910000000003,2.190407137245494,0.413431,4.749007000000001,descriptive_equal_realization_mean_not_inferential_frames
110,1200,139,3,0.13945,2.936711733333334,2.11065746749159,0.6486152000000001,4.807627,descriptive_equal_realization_mean_not_inferential_frames
110,1200,140,3,0.14045000000000002,2.9145455333333334,2.227340743464828,0.49336260000000004,4.876437,descriptive_equal_realization_mean_not_inferential_frames
110,1200,141,3,0.14145,2.8118994333333336,2.1563653002747616,0.5398153,4.830062,descriptive_equal_realization_mean_not_inferential_frames
110,1200,142,3,0.14245000000000002,3.141493,2.1125506972039747,0.849821,5.011242,descriptive_equal_realization_mean_not_inferential_frames
110,1200,143,3,0.14345,3.123041333333333,2.1059365492242006,1.003028,5.214613,descriptive_equal_realization_mean_not_inferential_frames
110,1200,144,3,0.14445000000000002,3.059886633333333,2.107037566973499,0.8483539,5.043975,descriptive_equal_realization_mean_not_inferential_frames
110,1200,145,3,0.14545,3.0267320666666664,2.075834735668717,0.8274412,4.951865,descriptive_equal_realization_mean_not_inferential_frames
110,1200,146,3,0.14645000000000002,3.110398566666666,2.1581722611432714,0.9222387,5.237277999999999,descriptive_equal_realization_mean_not_inferential_frames
110,1200,147,3,0.14745,2.9263670000000004,2.3094959753357442,0.6144010000000001,5.233385,descriptive_equal_realization_mean_not_inferential_frames
110,1200,148,3,0.14845000000000003,3.072161233333334,2.166244642476829,0.9743137,5.300870000000001,descriptive_equal_realization_mean_not_inferential_frames
110,1200,149,3,0.14945,2.8050302666666664,2.1862523922356756,0.7362808000000001,5.092364,descriptive_equal_realization_mean_not_inferential_frames
110,1200,150,3,0.15045000000000003,3.088711333333334,2.0760841688405445,1.3389210000000002,5.382691,descriptive_equal_realization_mean_not_inferential_frames
110,1200,151,3,0.15145,3.0128458000000005,2.1090294102527167,1.2085224,5.331453000000001,descriptive_equal_realization_mean_not_inferential_frames
110,1200,152,3,0.15245000000000003,2.8953514333333334,2.269164839143592,0.9956322999999999,5.408032,descriptive_equal_realization_mean_not_inferential_frames
110,1200,153,3,0.15345,2.8683344666666666,2.333528045002985,1.2206974,5.538588,descriptive_equal_realization_mean_not_inferential_frames
110,1200,154,3,0.15445000000000003,2.7357219999999995,2.444389851901492,0.9512,5.521828999999999,descriptive_equal_realization_mean_not_inferential_frames
110,1200,155,3,0.15545,2.8796983333333332,2.3479288175522557,1.3775869999999997,5.585368,descriptive_equal_realization_mean_not_inferential_frames
110,1200,156,3,0.15645000000000003,2.7153593333333332,2.4329551241873193,1.055762,5.50821,descriptive_equal_realization_mean_not_inferential_frames
110,1200,157,3,0.15745,2.787601,2.2521998726869246,1.43608,5.387536,descriptive_equal_realization_mean_not_inferential_frames
110,1200,158,3,0.15845000000000004,2.824885666666667,2.306199191728532,1.366085,5.483659,descriptive_equal_realization_mean_not_inferential_frames
110,1200,159,3,0.15944999999999998,2.8892280000000006,2.234894370530071,1.3913100000000003,5.458059,descriptive_equal_realization_mean_not_inferential_frames
110,1200,160,3,0.16045,2.955059,2.066949932664311,1.67958,5.339837999999999,descriptive_equal_realization_mean_not_inferential_frames
110,1200,161,3,0.16144999999999998,2.779989666666667,1.9858822991832457,1.633137,5.073089,descriptive_equal_realization_mean_not_inferential_frames
110,1200,162,3,0.16245,2.735533,1.685014224892182,1.7093900000000002,4.6802280000000005,descriptive_equal_realization_mean_not_inferential_frames
110,1200,163,3,0.16344999999999998,2.7070480000000003,1.6509993945522818,1.70335,4.612550000000001,descriptive_equal_realization_mean_not_inferential_frames
110,1200,164,3,0.16445,2.637531,1.5230521833230144,1.737156,4.396031000000001,descriptive_equal_realization_mean_not_inferential_frames
110,1200,165,3,0.16544999999999999,2.650377666666667,1.309371232958909,1.749652,4.152393,descriptive_equal_realization_mean_not_inferential_frames
110,1200,166,3,0.16645000000000001,2.467471666666667,0.9693875105634141,1.8936060000000001,3.586703,descriptive_equal_realization_mean_not_inferential_frames
110,1200,167,3,0.16745,2.394075,0.7773951321991925,1.8766159999999998,3.288037,descriptive_equal_realization_mean_not_inferential_frames
110,1200,168,3,0.16845000000000002,2.445828,0.41504617978364783,2.147201,2.9197640000000002,descriptive_equal_realization_mean_not_inferential_frames
110,1200,169,3,0.16945,2.1947283333333334,0.35133853678515453,1.9288589999999999,2.593038,descriptive_equal_realization_mean_not_inferential_frames
110,1200,170,3,0.17045000000000002,2.33815,0.20289261738170794,2.169778,2.5634160000000006,descriptive_equal_realization_mean_not_inferential_frames
110,1200,171,3,0.17145,2.207255333333334,0.08021111429430036,2.1351880000000003,2.293673,descriptive_equal_realization_mean_not_inferential_frames
110,1200,172,3,0.17245000000000002,2.3799376666666667,0.16657318859988623,2.189369,2.4977899999999997,descriptive_equal_realization_mean_not_inferential_frames
110,1200,173,3,0.17345,2.4323546666666664,0.11601524862850293,2.305503,2.533077,descriptive_equal_realization_mean_not_inferential_frames
110,1200,174,3,0.17445000000000002,2.2219063333333335,0.02074594190036515,2.2031590000000003,2.244195,descriptive_equal_realization_mean_not_inferential_frames
110,1200,175,3,0.17545,2.415375333333333,0.09728624591551113,2.343393,2.5260559999999996,descriptive_equal_realization_mean_not_inferential_frames
110,1200,176,3,0.17645000000000002,2.525866666666667,0.10744316712259254,2.458994,2.649802,descriptive_equal_realization_mean_not_inferential_frames
110,1200,177,3,0.17745,2.4335776666666664,0.092228096507156,2.367017,2.5388529999999996,descriptive_equal_realization_mean_not_inferential_frames
110,1200,178,3,0.17845,2.5922673333333335,0.14176878698900283,2.438028,2.7168849999999996,descriptive_equal_realization_mean_not_inferential_frames
110,1200,179,3,0.17944999999999997,2.659861333333333,0.08876587765765236,2.6040389999999998,2.7622189999999995,descriptive_equal_realization_mean_not_inferential_frames
110,1200,180,3,0.18045,2.8723050000000003,0.031204021872188212,2.8467200000000004,2.9070690000000003,descriptive_equal_realization_mean_not_inferential_frames
110,1200,181,3,0.18144999999999997,2.7092853333333333,0.1218694263723815,2.590477,2.8340009999999998,descriptive_equal_realization_mean_not_inferential_frames
110,1200,182,3,0.18245,2.8253239999999997,0.1339012988286521,2.67086,2.9084899999999996,descriptive_equal_realization_mean_not_inferential_frames
110,1200,183,3,0.18344999999999997,2.927580666666666,0.1201670902632386,2.8229219999999997,3.0588089999999997,descriptive_equal_realization_mean_not_inferential_frames
110,1200,184,3,0.18445,3.094535666666667,0.11633119815566814,2.9752840000000003,3.2077080000000002,descriptive_equal_realization_mean_not_inferential_frames
110,1200,185,3,0.18544999999999998,3.073427333333333,0.12416412738522072,2.93926,3.184284,descriptive_equal_realization_mean_not_inferential_frames
110,1200,186,3,0.18645,3.129068333333333,0.031426609256064296,3.0930009999999997,3.150565,descriptive_equal_realization_mean_not_inferential_frames
110,1200,187,3,0.18744999999999998,3.2699833333333337,0.04965700931724843,3.2296950000000004,3.325461,descriptive_equal_realization_mean_not_inferential_frames
110,1200,188,3,0.18845,3.2229430000000003,0.12596168934640412,3.114072,3.3609050000000003,descriptive_equal_realization_mean_not_inferential_frames
110,1200,189,3,0.18944999999999998,3.4291266666666664,0.09725408398794037,3.3458729999999997,3.536022,descriptive_equal_realization_mean_not_inferential_frames
110,1200,190,3,0.19045,3.4791250000000002,0.07653415222630988,3.4105490000000005,3.561688,descriptive_equal_realization_mean_not_inferential_frames
110,1200,191,3,0.19144999999999998,3.489137,0.18296415679580508,3.282589,3.630873,descriptive_equal_realization_mean_not_inferential_frames
110,1200,192,3,0.19245,3.6233326666666663,0.039430259729468425,3.589479,3.666626,descriptive_equal_realization_mean_not_inferential_frames
110,1200,193,3,0.19344999999999998,3.6884650000000003,0.09574229283341806,3.588944,3.779918,descriptive_equal_realization_mean_not_inferential_frames
110,1200,194,3,0.19445,3.708257666666667,0.17617998216123615,3.5274659999999995,3.8794320000000004,descriptive_equal_realization_mean_not_inferential_frames
110,1200,195,3,0.19544999999999998,3.8565926666666663,0.14549119811979444,3.7603539999999995,4.023965,descriptive_equal_realization_mean_not_inferential_frames
110,1200,196,3,0.19645,3.7537236666666662,0.17900728860114384,3.5881750000000006,3.9436839999999997,descriptive_equal_realization_mean_not_inferential_frames
110,1200,197,3,0.19745,3.8919366666666666,0.11254604953677082,3.7620070000000005,3.959209,descriptive_equal_realization_mean_not_inferential_frames
110,1200,198,3,0.19845000000000002,3.9459136666666663,0.0852618350572716,3.859298999999999,4.029755,descriptive_equal_realization_mean_not_inferential_frames
110,1200,199,3,0.19945,3.9602186666666666,0.12243983960024427,3.8460259999999993,4.089506000000001,descriptive_equal_realization_mean_not_inferential_frames
110,1200,200,3,0.20000000000000004,4.048453333333334,0.16866155025177876,3.8537,4.1461,descriptive_equal_realization_mean_not_inferential_frames
111,300,0,3,0.00045000000000000725,0.04419040233333333,0.10608612908367289,-0.033192095,0.165120502,descriptive_equal_realization_mean_not_inferential_frames
111,300,1,3,0.0014500000000000001,0.12461771733333332,0.07832758130784506,0.06363699199999999,0.21295462999999998,descriptive_equal_realization_mean_not_inferential_frames
111,300,2,3,0.00245,0.187254,0.08934159942328096,0.08438510000000002,0.2454274,descriptive_equal_realization_mean_not_inferential_frames
111,300,3,3,0.0034500000000000004,0.29488130333333334,0.10489198859212859,0.17428439,0.36490692,descriptive_equal_realization_mean_not_inferential_frames
111,300,4,3,0.00445,0.42356636666666664,0.14416460831099753,0.27704249999999997,0.5652498,descriptive_equal_realization_mean_not_inferential_frames
111,300,5,3,0.005450000000000001,0.4493931,0.10006024184375126,0.3453069000000001,0.5448712,descriptive_equal_realization_mean_not_inferential_frames
111,300,6,3,0.00645,0.6354102,0.1242494044175262,0.5511313,0.7781016999999999,descriptive_equal_realization_mean_not_inferential_frames
111,300,7,3,0.007450000000000001,0.6730961,0.1253666487900191,0.5556721,0.8051259,descriptive_equal_realization_mean_not_inferential_frames
111,300,8,3,0.008450000000000001,0.7797371666666667,0.08413721148257365,0.7254313000000001,0.8766556,descriptive_equal_realization_mean_not_inferential_frames
111,300,9,3,0.00945,0.8563839666666667,0.0839213091226139,0.7842301,0.9484800999999999,descriptive_equal_realization_mean_not_inferential_frames
111,300,10,3,0.010450000000000001,0.9606939,0.03781790278941981,0.9172381999999999,0.9861494000000001,descriptive_equal_realization_mean_not_inferential_frames
111,300,11,3,0.011450000000000002,1.0628895,0.04325744025124476,1.0153302,1.0998900000000003,descriptive_equal_realization_mean_not_inferential_frames
111,300,12,3,0.012449999999999998,1.2280993333333334,0.12188683392529875,1.141267,1.3674400000000002,descriptive_equal_realization_mean_not_inferential_frames
111,300,13,3,0.013449999999999998,1.2496562333333332,0.08415074308028014,1.1630407,1.3311039999999998,descriptive_equal_realization_mean_not_inferential_frames
111,300,14,3,0.01445,1.3412713333333333,0.03938096616810376,1.318044,1.386741,descriptive_equal_realization_mean_not_inferential_frames
111,300,15,3,0.01545,1.4613673333333335,0.09254779565896373,1.3599,1.5411419999999998,descriptive_equal_realization_mean_not_inferential_frames
111,300,16,3,0.01645,1.5332823333333334,0.04913941951563264,1.480442,1.5776080000000001,descriptive_equal_realization_mean_not_inferential_frames
111,300,17,3,0.01745,1.6193576666666667,0.08429771806124621,1.5617579999999998,1.716112,descriptive_equal_realization_mean_not_inferential_frames
111,300,18,3,0.01845,1.6449230000000001,0.05394237450279697,1.588457,1.695926,descriptive_equal_realization_mean_not_inferential_frames
111,300,19,3,0.019450000000000002,1.7939783333333335,0.1010521183614346,1.7149629999999998,1.9078430000000004,descriptive_equal_realization_mean_not_inferential_frames
111,300,20,3,0.02045,1.9053386666666665,0.047448882940837794,1.8519020000000002,1.9425350000000001,descriptive_equal_realization_mean_not_inferential_frames
111,300,21,3,0.02145,2.0248166666666667,0.0705537221012,1.9433500000000001,2.0660130000000003,descriptive_equal_realization_mean_not_inferential_frames
111,300,22,3,0.02245,2.0677266666666667,0.0969086278529073,1.994722,2.1776729999999995,descriptive_equal_realization_mean_not_inferential_frames
111,300,23,3,0.023450000000000002,2.147226666666667,0.07305750492135174,2.0766780000000002,2.2225580000000003,descriptive_equal_realization_mean_not_inferential_frames
111,300,24,3,0.02445,2.2999343333333333,0.07496252821465779,2.241227,2.384374,descriptive_equal_realization_mean_not_inferential_frames
111,300,25,3,0.02545,2.3730689999999997,0.1629482833631579,2.2238279999999997,2.5469239999999997,descriptive_equal_realization_mean_not_inferential_frames
111,300,26,3,0.02644999999999999,2.4539633333333337,0.039141916743222004,2.4149770000000004,2.493259,descriptive_equal_realization_mean_not_inferential_frames
111,300,27,3,0.027449999999999992,2.5449033333333335,0.08965414277284318,2.4754309999999995,2.646108,descriptive_equal_realization_mean_not_inferential_frames
111,300,28,3,0.028449999999999993,2.6121456666666667,0.061791344655488266,2.5640899999999998,2.681848,descriptive_equal_realization_mean_not_inferential_frames
111,300,29,3,0.029449999999999994,2.787870333333333,0.09999175456173003,2.703123,2.8981539999999995,descriptive_equal_realization_mean_not_inferential_frames
111,300,30,3,0.030449999999999994,2.7872249999999994,0.08774943311497799,2.6975709999999995,2.8729369999999994,descriptive_equal_realization_mean_not_inferential_frames
111,300,31,3,0.03144999999999999,2.887480333333333,0.04596508309938465,2.834628,2.918121,descriptive_equal_realization_mean_not_inferential_frames
111,300,32,3,0.03244999999999999,2.981749,0.06530816987176973,2.9165270000000008,3.0471429999999997,descriptive_equal_realization_mean_not_inferential_frames
111,300,33,3,0.033449999999999994,3.0900343333333335,0.07381774301841901,3.02855,3.171902,descriptive_equal_realization_mean_not_inferential_frames
111,300,34,3,0.034449999999999995,3.161548,0.04788925462982286,3.125703,3.215936,descriptive_equal_realization_mean_not_inferential_frames
111,300,35,3,0.035449999999999995,3.241055,0.07816017453921167,3.189325,3.3309670000000002,descriptive_equal_realization_mean_not_inferential_frames
111,300,36,3,0.036449999999999996,3.332649,0.09669839294941722,3.2651140000000005,3.4434219999999995,descriptive_equal_realization_mean_not_inferential_frames
111,300,37,3,0.03745,3.457887,0.054294489112616376,3.4083289999999997,3.515921,descriptive_equal_realization_mean_not_inferential_frames
111,300,38,3,0.03845,3.5185893333333333,0.05679328360231807,3.4796959999999997,3.583763,descriptive_equal_realization_mean_not_inferential_frames
111,300,39,3,0.03945,3.6510806666666666,0.055555645989704486,3.6163959999999995,3.715158,descriptive_equal_realization_mean_not_inferential_frames
111,300,40,3,0.04045,3.6656569999999995,0.07438117340429676,3.6205489999999996,3.7515080000000003,descriptive_equal_realization_mean_not_inferential_frames
111,300,41,3,0.04145,3.7999596666666666,0.05399782182952688,3.7384560000000002,3.8395850000000005,descriptive_equal_realization_mean_not_inferential_frames
111,300,42,3,0.04245000000000001,3.861379,0.039128416668707665,3.82282,3.901053,descriptive_equal_realization_mean_not_inferential_frames
111,300,43,3,0.04345000000000001,3.944285666666667,0.039024638503557633,3.902266,3.9793910000000006,descriptive_equal_realization_mean_not_inferential_frames
111,300,44,3,0.04445000000000001,4.0329793333333335,0.05844587044722083,3.9741489999999997,4.0910329999999995,descriptive_equal_realization_mean_not_inferential_frames
111,300,45,3,0.04545000000000001,4.168633000000001,0.09559678594492631,4.071542,4.262662000000001,descriptive_equal_realization_mean_not_inferential_frames
111,300,46,3,0.04645,4.192564333333333,0.05327021074046286,4.1488760000000005,4.251908,descriptive_equal_realization_mean_not_inferential_frames
111,300,47,3,0.04745,4.283958999999999,0.04876988985019342,4.2357949999999995,4.3333129999999995,descriptive_equal_realization_mean_not_inferential_frames
111,300,48,3,0.04845,4.391399333333333,0.08004751786491138,4.307579,4.467046999999999,descriptive_equal_realization_mean_not_inferential_frames
111,300,49,3,0.04945,4.472328999999999,0.0864826748372184,4.39194,4.563831,descriptive_equal_realization_mean_not_inferential_frames
111,300,50,3,0.050449999999999995,4.546131,0.06424581230710709,4.494973,4.6182360000000005,descriptive_equal_realization_mean_not_inferential_frames
111,300,51,3,0.051449999999999996,4.657213666666666,0.07164107174193711,4.603749,4.738614,descriptive_equal_realization_mean_not_inferential_frames
111,300,52,3,0.05245,4.712584333333333,0.03813485032530395,4.672585,4.748531,descriptive_equal_realization_mean_not_inferential_frames
111,300,53,3,0.05345,4.823956,0.06812710086301907,4.760128,4.8956919999999995,descriptive_equal_realization_mean_not_inferential_frames
111,300,54,3,0.05445,4.888141333333333,0.10645913059166638,4.789983999999999,5.001309,descriptive_equal_realization_mean_not_inferential_frames
111,300,55,3,0.05545,4.989521,0.033032848696411286,4.968202,5.027572,descriptive_equal_realization_mean_not_inferential_frames
111,300,56,3,0.05645,5.0664826666666665,0.0941967035799739,5.003127999999999,5.174728000000001,descriptive_equal_realization_mean_not_inferential_frames
111,300,57,3,0.05744999999999998,5.106811333333334,0.062358491260881097,5.0676749999999995,5.178723000000001,descriptive_equal_realization_mean_not_inferential_frames
111,300,58,3,0.05844999999999998,5.218916,0.1195250830035272,5.1004249999999995,5.339449,descriptive_equal_realization_mean_not_inferential_frames
111,300,59,3,0.05944999999999998,5.347202666666667,0.05895929732733676,5.299032,5.412952,descriptive_equal_realization_mean_not_inferential_frames
111,300,60,3,0.06044999999999998,5.404097,0.04052168402226153,5.357431,5.430383,descriptive_equal_realization_mean_not_inferential_frames
111,300,61,3,0.061449999999999984,5.416243333333334,0.12159952666574567,5.300398,5.542878000000001,descriptive_equal_realization_mean_not_inferential_frames
111,300,62,3,0.062449999999999985,5.541102666666667,0.10182016486105926,5.431789,5.633246,descriptive_equal_realization_mean_not_inferential_frames
111,300,63,3,0.06344999999999999,5.6893476666666665,0.06994516739084494,5.6379150000000005,5.768993,descriptive_equal_realization_mean_not_inferential_frames
111,300,64,3,0.06444999999999998,5.737569333333333,0.06657139808005613,5.666651,5.798712999999999,descriptive_equal_realization_mean_not_inferential_frames
111,300,65,3,0.06544999999999998,5.753246999999999,0.02551343647962794,5.7239059999999995,5.770212,descriptive_equal_realization_mean_not_inferential_frames
111,300,66,3,0.06644999999999998,5.876945,0.10263852089737073,5.804563,5.994409,descriptive_equal_realization_mean_not_inferential_frames
111,300,67,3,0.06744999999999998,5.971045666666666,0.1262519754314101,5.826580999999999,6.060219999999999,descriptive_equal_realization_mean_not_inferential_frames
111,300,68,3,0.06844999999999998,6.002657,0.07125251171011404,5.9237020000000005,6.0621719999999994,descriptive_equal_realization_mean_not_inferential_frames
111,300,69,3,0.06944999999999998,6.091576,0.08565044113721815,6.017498,6.185363000000001,descriptive_equal_realization_mean_not_inferential_frames
111,300,70,3,0.07044999999999998,6.227527000000001,0.09012955091422511,6.150685000000001,6.326733,descriptive_equal_realization_mean_not_inferential_frames
111,300,71,3,0.07144999999999999,6.239187333333334,0.11609597618062945,6.1525620000000005,6.371102,descriptive_equal_realization_mean_not_inferential_frames
111,300,72,3,0.07244999999999999,6.3297126666666665,0.08503539313917056,6.23935,6.4081649999999994,descriptive_equal_realization_mean_not_inferential_frames
111,300,73,3,0.07344999999999999,6.478883666666667,0.06852675416458337,6.428015,6.556807999999999,descriptive_equal_realization_mean_not_inferential_frames
111,300,74,3,0.07444999999999999,6.563619333333333,0.07831908772664131,6.4755709999999995,6.625518,descriptive_equal_realization_mean_not_inferential_frames
111,300,75,3,0.07544999999999999,6.5778886666666665,0.12046813774742758,6.500400000000001,6.716678999999999,descriptive_equal_realization_mean_not_inferential_frames
111,300,76,3,0.07644999999999999,6.688189333333334,0.03750947028862605,6.6639219999999995,6.731392,descriptive_equal_realization_mean_not_inferential_frames
111,300,77,3,0.07744999999999999,6.710391666666666,0.08845962125361666,6.647898,6.81161,descriptive_equal_realization_mean_not_inferential_frames
111,300,78,3,0.07844999999999999,6.813411666666667,0.07944151282757295,6.730938999999999,6.8894280000000006,descriptive_equal_realization_mean_not_inferential_frames
111,300,79,3,0.07944999999999999,6.9101566666666665,0.0845628358106164,6.8369990000000005,7.002743,descriptive_equal_realization_mean_not_inferential_frames
111,300,80,3,0.08045,6.943085,0.0764514812217522,6.874105,7.025283999999999,descriptive_equal_realization_mean_not_inferential_frames
111,300,81,3,0.08145,6.991356666666667,0.07682159360709354,6.90616,7.055349000000001,descriptive_equal_realization_mean_not_inferential_frames
111,300,82,3,0.08245,7.115385,0.14885098626814672,7.026281999999999,7.287224,descriptive_equal_realization_mean_not_inferential_frames
111,300,83,3,0.08344999999999998,7.192468000000001,0.1195999127466232,7.080301,7.3183229999999995,descriptive_equal_realization_mean_not_inferential_frames
111,300,84,3,0.08444999999999998,7.2718446666666665,0.14968690367007137,7.120685,7.420013999999999,descriptive_equal_realization_mean_not_inferential_frames
111,300,85,3,0.08544999999999998,7.314626333333334,0.0702964903841814,7.248262000000001,7.388286000000001,descriptive_equal_realization_mean_not_inferential_frames
111,300,86,3,0.08644999999999999,7.399058333333333,0.08098971247222259,7.312125999999999,7.472380999999999,descriptive_equal_realization_mean_not_inferential_frames
111,300,87,3,0.08744999999999999,7.494661333333333,0.10424208763418628,7.3855319999999995,7.593209,descriptive_equal_realization_mean_not_inferential_frames
111,300,88,3,0.08844999999999999,7.553101333333333,0.14496919939191716,7.398446,7.685903000000001,descriptive_equal_realization_mean_not_inferential_frames
111,300,89,3,0.08944999999999999,7.609483,0.06526218620303804,7.534997,7.656627,descriptive_equal_realization_mean_not_inferential_frames
111,300,90,3,0.09044999999999999,7.640135333333333,0.15030599883349027,7.47179,7.76087,descriptive_equal_realization_mean_not_inferential_frames
111,300,91,3,0.09144999999999999,7.705858,0.16109521610215463,7.545739,7.867912,descriptive_equal_realization_mean_not_inferential_frames
111,300,92,3,0.09244999999999999,7.8431576666666665,0.1590125355100445,7.659551,7.936157,descriptive_equal_realization_mean_not_inferential_frames
111,300,93,3,0.09344999999999999,7.836348666666667,0.10395291292856185,7.7209660000000016,7.922699,descriptive_equal_realization_mean_not_inferential_frames
111,300,94,3,0.09444999999999999,7.920444333333332,0.16082770172558275,7.734738,8.013943999999999,descriptive_equal_realization_mean_not_inferential_frames
111,300,95,3,0.09545,7.9513456666666675,0.09546625972213076,7.842341,8.020071,descriptive_equal_realization_mean_not_inferential_frames
111,300,96,3,0.09645,8.043144666666668,0.1003495204838238,7.9399820000000005,8.140422000000001,descriptive_equal_realization_mean_not_inferential_frames
111,300,97,3,0.09745,8.139882333333334,0.0771719578365964,8.052642,8.199230000000002,descriptive_equal_realization_mean_not_inferential_frames
111,300,98,3,0.09845,8.195927666666668,0.04570584728821131,8.149104000000001,8.240427,descriptive_equal_realization_mean_not_inferential_frames
111,300,99,3,0.09945,8.210521333333334,0.07030597171174915,8.136968000000001,8.277053,descriptive_equal_realization_mean_not_inferential_frames
111,300,100,3,0.10045,8.291007333333333,0.049166923478424926,8.249793,8.345429,descriptive_equal_realization_mean_not_inferential_frames
111,300,101,3,0.10145,8.296884333333333,0.1633268196173958,8.140207,8.466134,descriptive_equal_realization_mean_not_inferential_frames
111,300,102,3,0.10245,8.368335666666667,0.13715475532526572,8.212973999999999,8.472634,descriptive_equal_realization_mean_not_inferential_frames
111,300,103,3,0.10345,8.451098000000002,0.16169051592162298,8.28624,8.609423000000003,descriptive_equal_realization_mean_not_inferential_frames
111,300,104,3,0.10445,8.427294999999999,0.09671249986945933,8.316793999999998,8.496526,descriptive_equal_realization_mean_not_inferential_frames
111,300,105,3,0.10545,8.496867666666667,0.17098498849996588,8.345928,8.682559000000001,descriptive_equal_realization_mean_not_inferential_frames
111,300,106,3,0.10645,8.562235666666668,0.14369779767391422,8.417402000000001,8.70477,descriptive_equal_realization_mean_not_inferential_frames
111,300,107,3,0.10745,8.581152333333334,0.17233682988071236,8.441019,8.773579000000002,descriptive_equal_realization_mean_not_inferential_frames
111,300,108,3,0.10845,8.681399666666666,0.1574594093864622,8.527747,8.842408,descriptive_equal_realization_mean_not_inferential_frames
111,300,109,3,0.10945,8.711531666666666,0.20811100242979338,8.538203,8.942342,descriptive_equal_realization_mean_not_inferential_frames
111,300,110,3,0.11045,8.719927666666665,0.1735078431464515,8.603551,8.919351,descriptive_equal_realization_mean_not_inferential_frames
111,300,111,3,0.11145000000000001,8.781524666666668,0.18641876071182553,8.609676000000002,8.979712,descriptive_equal_realization_mean_not_inferential_frames
111,300,112,3,0.11245000000000001,8.736108666666667,0.1995678167474256,8.555737999999998,8.950500000000002,descriptive_equal_realization_mean_not_inferential_frames
111,300,113,3,0.11345000000000001,8.793361333333333,0.25877399308534427,8.555378,9.068836000000001,descriptive_equal_realization_mean_not_inferential_frames
111,300,114,3,0.11445000000000001,8.888633333333333,0.1701165275989753,8.731663000000001,9.069391999999999,descriptive_equal_realization_mean_not_inferential_frames
111,300,115,3,0.11545000000000001,8.901627333333332,0.2751381636929597,8.649664999999999,9.195201,descriptive_equal_realization_mean_not_inferential_frames
111,300,116,3,0.11645000000000001,8.964262666666668,0.31737980926538595,8.687230000000001,9.310552,descriptive_equal_realization_mean_not_inferential_frames
111,300,117,3,0.11745000000000001,8.976527666666668,0.3228612525053664,8.646066999999999,9.291211,descriptive_equal_realization_mean_not_inferential_frames
111,300,118,3,0.11844999999999999,8.967468,0.35005626312208704,8.604029,9.302398,descriptive_equal_realization_mean_not_inferential_frames
111,300,119,3,0.11945000000000001,9.018876333333333,0.36699562282176285,8.626985999999999,9.354472,descriptive_equal_realization_mean_not_inferential_frames
111,300,120,3,0.12044999999999999,9.029063333333333,0.4191163171499457,8.585094,9.417862000000001,descriptive_equal_realization_mean_not_inferential_frames
111,300,121,3,0.12144999999999999,9.024446333333335,0.4635924986983009,8.529223,9.448079000000002,descriptive_equal_realization_mean_not_inferential_frames
111,300,122,3,0.12244999999999999,9.040765333333333,0.4681777151897916,8.555505,9.48975,descriptive_equal_realization_mean_not_inferential_frames
111,300,123,3,0.12344999999999999,9.066513666666667,0.4568821736031438,8.606028,9.519705,descriptive_equal_realization_mean_not_inferential_frames
111,300,124,3,0.12444999999999999,9.061097333333334,0.4530872600033384,8.592842000000001,9.497316,descriptive_equal_realization_mean_not_inferential_frames
111,300,125,3,0.12544999999999998,8.985864666666666,0.5593687111533244,8.453336000000002,9.568677999999998,descriptive_equal_realization_mean_not_inferential_frames
111,300,126,3,0.12645,8.879171666666666,0.6091457887782967,8.311882,9.522949,descriptive_equal_realization_mean_not_inferential_frames
111,300,127,3,0.12744999999999998,8.872902999999999,0.6850720394068064,8.182070999999999,9.552066,descriptive_equal_realization_mean_not_inferential_frames
111,300,128,3,0.12845,8.833737,0.7273828846536046,8.139758,9.590459,descriptive_equal_realization_mean_not_inferential_frames
111,300,129,3,0.12944999999999998,8.763452666666668,0.6717067817182836,8.107195,9.449610000000002,descriptive_equal_realization_mean_not_inferential_frames
111,300,130,3,0.13045,8.656205666666667,0.6931630726815549,7.954199,9.340173000000002,descriptive_equal_realization_mean_not_inferential_frames
111,300,131,3,0.13144999999999998,8.536466666666668,0.7237360748134172,7.764951000000001,9.200372999999999,descriptive_equal_realization_mean_not_inferential_frames
111,300,132,3,0.13245,8.382819,0.7273470429643611,7.625601999999999,9.076070999999999,descriptive_equal_realization_mean_not_inferential_frames
111,300,133,3,0.13344999999999999,8.210454333333333,0.787834224508134,7.345413000000001,8.88682,descriptive_equal_realization_mean_not_inferential_frames
111,300,134,3,0.13445000000000001,8.03516,0.7672245547302292,7.250316000000001,8.783458999999999,descriptive_equal_realization_mean_not_inferential_frames
111,300,135,3,0.13545,7.926720666666665,0.7804637432003706,7.117521999999999,8.674863,descriptive_equal_realization_mean_not_inferential_frames
111,300,136,3,0.13645000000000002,7.789116333333333,0.8624820268795949,7.004411,8.712556000000001,descriptive_equal_realization_mean_not_inferential_frames
111,300,137,3,0.13745,7.622991333333334,0.8812552185129648,6.902959,8.605724,descriptive_equal_realization_mean_not_inferential_frames
111,300,138,3,0.13845000000000002,7.425121333333333,0.8527089152590898,6.832072999999999,8.402331,descriptive_equal_realization_mean_not_inferential_frames
111,300,139,3,0.13945,7.268544333333334,0.9691828441838689,6.672383999999999,8.386844,descriptive_equal_realization_mean_not_inferential_frames
111,300,140,3,0.14045000000000002,7.084037000000001,1.0495450332410723,6.445111999999999,8.295338000000003,descriptive_equal_realization_mean_not_inferential_frames
111,300,141,3,0.14145,6.871121666666667,1.1234624044311996,6.115947,8.162192,descriptive_equal_realization_mean_not_inferential_frames
111,300,142,3,0.14245000000000002,6.607569333333333,1.1384459361082246,5.693698,7.8828499999999995,descriptive_equal_realization_mean_not_inferential_frames
111,300,143,3,0.14345,6.3520623333333335,1.2002938716449132,5.2415639999999994,7.625504000000001,descriptive_equal_realization_mean_not_inferential_frames
111,300,144,3,0.14445000000000002,6.205025666666667,1.1991434222182649,5.053945000000001,7.4470529999999995,descriptive_equal_realization_mean_not_inferential_frames
111,300,145,3,0.14545,5.989548,1.1493373998643737,4.812879000000001,7.10945,descriptive_equal_realization_mean_not_inferential_frames
111,300,146,3,0.14645000000000002,5.770483666666666,1.2488317255424508,4.428188999999999,6.897991,descriptive_equal_realization_mean_not_inferential_frames
111,300,147,3,0.14745,5.625641999999999,1.2356473469789022,4.282026,6.713198,descriptive_equal_realization_mean_not_inferential_frames
111,300,148,3,0.14845000000000003,5.4581219999999995,1.2354394169796425,4.094284,6.502352999999999,descriptive_equal_realization_mean_not_inferential_frames
111,300,149,3,0.14945,5.376999333333334,1.276261225236564,4.0301659999999995,6.568463000000001,descriptive_equal_realization_mean_not_inferential_frames
111,300,150,3,0.15045000000000003,5.366780666666666,1.2246618881145663,4.044580999999999,6.462205,descriptive_equal_realization_mean_not_inferential_frames
111,300,151,3,0.15145,5.369662333333333,1.1208818790587771,4.137642,6.329141000000001,descriptive_equal_realization_mean_not_inferential_frames
111,300,152,3,0.15245000000000003,5.294650333333333,1.0146627513269297,4.213005999999999,6.225440000000001,descriptive_equal_realization_mean_not_inferential_frames
111,300,153,3,0.15345,5.259775666666666,0.9008659656598937,4.380148,6.1804749999999995,descriptive_equal_realization_mean_not_inferential_frames
111,300,154,3,0.15445000000000003,5.223865666666667,0.7301094003670502,4.598718,6.026289,descriptive_equal_realization_mean_not_inferential_frames
111,300,155,3,0.15545,5.136843333333333,0.695960004424344,4.54795,5.9048549999999995,descriptive_equal_realization_mean_not_inferential_frames
111,300,156,3,0.15645000000000003,5.037573,0.5757590141934383,4.565813,5.679138,descriptive_equal_realization_mean_not_inferential_frames
111,300,157,3,0.15745,4.968727,0.4315534333694963,4.560395999999999,5.420254,descriptive_equal_realization_mean_not_inferential_frames
111,300,158,3,0.15845000000000004,4.920265333333333,0.4865410777204047,4.511628,5.458475999999999,descriptive_equal_realization_mean_not_inferential_frames
111,300,159,3,0.15944999999999998,4.820880333333334,0.2787043659800347,4.568113,5.119768,descriptive_equal_realization_mean_not_inferential_frames
111,300,160,3,0.16045,4.789011333333334,0.23200789897400736,4.606117,5.049987,descriptive_equal_realization_mean_not_inferential_frames
111,300,161,3,0.16144999999999998,4.774242666666667,0.27056335273339055,4.474763,5.001043999999999,descriptive_equal_realization_mean_not_inferential_frames
111,300,162,3,0.16245,4.689224,0.23472865097384257,4.421496,4.859678000000001,descriptive_equal_realization_mean_not_inferential_frames
111,300,163,3,0.16344999999999998,4.726488666666667,0.25025924558412094,4.438344,4.889513,descriptive_equal_realization_mean_not_inferential_frames
111,300,164,3,0.16445,4.773755333333334,0.1406405669582338,4.642091,4.9219170000000005,descriptive_equal_realization_mean_not_inferential_frames
111,300,165,3,0.16544999999999999,4.656067666666667,0.25596479525968646,4.432023000000001,4.935036,descriptive_equal_realization_mean_not_inferential_frames
111,300,166,3,0.16645000000000001,4.627293333333333,0.2674488843804239,4.456643000000001,4.935526,descriptive_equal_realization_mean_not_inferential_frames
111,300,167,3,0.16745,4.639082666666666,0.3026463005099073,4.420280999999999,4.984468999999999,descriptive_equal_realization_mean_not_inferential_frames
111,300,168,3,0.16845000000000002,4.659087333333333,0.3056521993202947,4.433549999999999,5.006957999999999,descriptive_equal_realization_mean_not_inferential_frames
111,300,169,3,0.16945,4.575718999999999,0.44335712281523143,4.165083999999999,5.0458,descriptive_equal_realization_mean_not_inferential_frames
111,300,170,3,0.17045000000000002,4.567803666666666,0.5197532714522662,4.074149,5.110219,descriptive_equal_realization_mean_not_inferential_frames
111,300,171,3,0.17145,4.643719333333333,0.576391872043953,4.085346,5.236580999999999,descriptive_equal_realization_mean_not_inferential_frames
111,300,172,3,0.17245000000000002,4.597411,0.7032192686360351,3.8727199999999997,5.276986,descriptive_equal_realization_mean_not_inferential_frames
111,300,173,3,0.17345,4.611821666666667,0.7529059909127654,3.8780880000000004,5.382537,descriptive_equal_realization_mean_not_inferential_frames
111,300,174,3,0.17445000000000002,4.720118333333334,0.7147729795713695,3.981169,5.407973,descriptive_equal_realization_mean_not_inferential_frames
111,300,175,3,0.17545,4.717397666666667,0.7799690292116307,3.9774070000000004,5.531985000000001,descriptive_equal_realization_mean_not_inferential_frames
111,300,176,3,0.17645000000000002,4.758225666666667,0.8323213510299576,3.98602,5.6398410000000005,descriptive_equal_realization_mean_not_inferential_frames
111,300,177,3,0.17745,4.843374666666667,0.865118478583328,4.005957,5.733759999999999,descriptive_equal_realization_mean_not_inferential_frames
111,300,178,3,0.17845,4.779889333333333,0.8589583319866761,3.981516,5.6887419999999995,descriptive_equal_realization_mean_not_inferential_frames
111,300,179,3,0.17944999999999997,4.811054666666666,0.9223265898895756,3.998856,5.813758,descriptive_equal_realization_mean_not_inferential_frames
111,300,180,3,0.18045,4.720172333333333,0.9560395940442704,3.8891970000000002,5.765042,descriptive_equal_realization_mean_not_inferential_frames
111,300,181,3,0.18144999999999997,4.699746333333334,1.0069868960544293,3.7733909999999993,5.771547,descriptive_equal_realization_mean_not_inferential_frames
111,300,182,3,0.18245,4.65708,1.10908636051166,3.661144,5.852297,descriptive_equal_realization_mean_not_inferential_frames
111,300,183,3,0.18344999999999997,4.662126333333333,1.180717648480505,3.643403,5.956183,descriptive_equal_realization_mean_not_inferential_frames
111,300,184,3,0.18445,4.786994666666667,1.0590848318380044,3.8440039999999995,5.932832,descriptive_equal_realization_mean_not_inferential_frames
111,300,185,3,0.18544999999999998,4.714234,1.1460950869247282,3.689538,5.951863,descriptive_equal_realization_mean_not_inferential_frames
111,300,186,3,0.18645,4.721642,1.198117577401734,3.6814869999999997,6.031684,descriptive_equal_realization_mean_not_inferential_frames
111,300,187,3,0.18744999999999998,4.792039,1.217809833002263,3.6974920000000004,6.103862,descriptive_equal_realization_mean_not_inferential_frames
111,300,188,3,0.18845,4.7772266666666665,1.2227569448677578,3.7165999999999997,6.114656999999999,descriptive_equal_realization_mean_not_inferential_frames
111,300,189,3,0.18944999999999998,4.834739666666667,1.1806566727788959,3.8917230000000003,6.158885,descriptive_equal_realization_mean_not_inferential_frames
111,300,190,3,0.19045,4.799482666666667,1.2306910480544386,3.8053420000000004,6.175964,descriptive_equal_realization_mean_not_inferential_frames
111,300,191,3,0.19144999999999998,4.794531,1.2743950756606057,3.7783130000000007,6.224355000000001,descriptive_equal_realization_mean_not_inferential_frames
111,300,192,3,0.19245,4.769980666666666,1.215284058487699,3.760479,6.118885,descriptive_equal_realization_mean_not_inferential_frames
111,300,193,3,0.19344999999999998,4.774377333333334,1.36673232512198,3.6535640000000003,6.296964000000001,descriptive_equal_realization_mean_not_inferential_frames
111,300,194,3,0.19445,4.7759089999999995,1.3637115417169423,3.691147,6.306813,descriptive_equal_realization_mean_not_inferential_frames
111,300,195,3,0.19544999999999998,4.771060333333334,1.3277249323042521,3.6984550000000005,6.256041999999999,descriptive_equal_realization_mean_not_inferential_frames
111,300,196,3,0.19645,4.798087,1.3658419935567214,3.6301360000000003,6.2999089999999995,descriptive_equal_realization_mean_not_inferential_frames
111,300,197,3,0.19745,4.7823183333333334,1.3982411873472806,3.49996,6.273054,descriptive_equal_realization_mean_not_inferential_frames
111,300,198,3,0.19845000000000002,4.815572333333333,1.3589744135344617,3.613803,6.290313,descriptive_equal_realization_mean_not_inferential_frames
111,300,199,3,0.19945,4.7663693333333335,1.3973927373957304,3.458155,6.238485,descriptive_equal_realization_mean_not_inferential_frames
111,300,200,3,0.20000000000000004,4.765836666666666,1.3773501991263273,3.3842,6.13886,descriptive_equal_realization_mean_not_inferential_frames
111,1200,0,3,0.0004500000000000073,-0.248697851,0.16344188400585488,-0.40572230000000004,-0.079517323,descriptive_equal_realization_mean_not_inferential_frames
111,1200,1,3,0.0014500000000000001,-0.14761521666666666,0.053234897559527934,-0.20247574999999998,-0.09617045999999999,descriptive_equal_realization_mean_not_inferential_frames
111,1200,2,3,0.00245,-0.012390285333333329,0.1739010073221041,-0.20925276999999998,0.12032552999999999,descriptive_equal_realization_mean_not_inferential_frames
111,1200,3,3,0.0034500000000000004,0.08216417133333333,0.07202278435535067,0.01766188,0.159878184,descriptive_equal_realization_mean_not_inferential_frames
111,1200,4,3,0.00445,0.21604338666666667,0.31036242445577483,-0.13435753999999997,0.4563532,descriptive_equal_realization_mean_not_inferential_frames
111,1200,5,3,0.005450000000000001,0.24936456333333332,0.02349996372124928,0.22310789,0.26842489999999997,descriptive_equal_realization_mean_not_inferential_frames
111,1200,6,3,0.00645,0.31546091,0.15881531278028985,0.16629463,0.48242569999999996,descriptive_equal_realization_mean_not_inferential_frames
111,1200,7,3,0.007450000000000001,0.46632405666666665,0.17510851748999426,0.26790237,0.599219,descriptive_equal_realization_mean_not_inferential_frames
111,1200,8,3,0.008450000000000001,0.41858738333333334,0.08616833423877844,0.33220425,0.5045393,descriptive_equal_realization_mean_not_inferential_frames
111,1200,9,3,0.00945,0.6225976000000001,0.07524548352286674,0.5509031,0.7009514000000001,descriptive_equal_realization_mean_not_inferential_frames
111,1200,10,3,0.010450000000000001,0.7226264333333333,0.006580933827606352,0.7154517,0.7283820000000001,descriptive_equal_realization_mean_not_inferential_frames
111,1200,11,3,0.011450000000000002,0.6625749666666667,0.11916249246446352,0.5291714000000001,0.7584712,descriptive_equal_realization_mean_not_inferential_frames
111,1200,12,3,0.012449999999999998,0.8386337333333332,0.07141380397782583,0.7622503999999999,0.9037348999999999,descriptive_equal_realization_mean_not_inferential_frames
111,1200,13,3,0.013449999999999998,0.8394977999999998,0.15855926075972343,0.7454756,1.0225636999999999,descriptive_equal_realization_mean_not_inferential_frames
111,1200,14,3,0.01445,1.0167735000000002,0.19346449692579262,0.8099190000000001,1.1932550000000002,descriptive_equal_realization_mean_not_inferential_frames
111,1200,15,3,0.01545,1.0742437999999999,0.06106473386685639,1.0324521,1.1443229,descriptive_equal_realization_mean_not_inferential_frames
111,1200,16,3,0.01645,1.1821023000000002,0.20468449315185072,0.9638702,1.3698110000000001,descriptive_equal_realization_mean_not_inferential_frames
111,1200,17,3,0.01745,1.3249621333333332,0.14078021753305164,1.1714914,1.4481100000000002,descriptive_equal_realization_mean_not_inferential_frames
111,1200,18,3,0.01845,1.2332837,0.1768771009098407,1.0293331000000001,1.3446729999999998,descriptive_equal_realization_mean_not_inferential_frames
111,1200,19,3,0.019450000000000002,1.620163,0.061825763424320175,1.551992,1.6726050000000001,descriptive_equal_realization_mean_not_inferential_frames
111,1200,20,3,0.02045,1.4853795666666665,0.04076365116084841,1.4385306999999998,1.512749,descriptive_equal_realization_mean_not_inferential_frames
111,1200,21,3,0.02145,1.7198993333333334,0.08805762357873012,1.6200090000000003,1.7862940000000003,descriptive_equal_realization_mean_not_inferential_frames
111,1200,22,3,0.02245,1.6384743333333336,0.09871139655244121,1.5306070000000003,1.724305,descriptive_equal_realization_mean_not_inferential_frames
111,1200,23,3,0.023450000000000002,1.8719720000000002,0.188036841360942,1.6713949999999997,2.044264,descriptive_equal_realization_mean_not_inferential_frames
111,1200,24,3,0.02445,1.7667386666666667,0.07449430250249571,1.6924999999999997,1.8414859999999997,descriptive_equal_realization_mean_not_inferential_frames
111,1200,25,3,0.02545,1.9733406666666664,0.126806857643163,1.8834119999999999,2.1183780000000003,descriptive_equal_realization_mean_not_inferential_frames
111,1200,26,3,0.02644999999999999,2.057634666666667,0.09848980463141015,1.986031,2.169954,descriptive_equal_realization_mean_not_inferential_frames
111,1200,27,3,0.027449999999999992,2.195486666666667,0.1259621357485391,2.05192,2.2874670000000004,descriptive_equal_realization_mean_not_inferential_frames
111,1200,28,3,0.028449999999999993,2.2211183333333335,0.14581183949643184,2.0618170000000005,2.3479749999999995,descriptive_equal_realization_mean_not_inferential_frames
111,1200,29,3,0.029449999999999994,2.3006266666666666,0.08770409565312964,2.237015,2.400676,descriptive_equal_realization_mean_not_inferential_frames
111,1200,30,3,0.030449999999999994,2.451487,0.0814589438735858,2.35765,2.50402,descriptive_equal_realization_mean_not_inferential_frames
111,1200,31,3,0.03144999999999999,2.4276003333333334,0.11799711095757073,2.355632,2.5637779999999997,descriptive_equal_realization_mean_not_inferential_frames
111,1200,32,3,0.03244999999999999,2.6143199999999998,0.04811336765390676,2.561883,2.656434,descriptive_equal_realization_mean_not_inferential_frames
111,1200,33,3,0.033449999999999994,2.5417376666666667,0.1745149235863036,2.340651,2.65362,descriptive_equal_realization_mean_not_inferential_frames
111,1200,34,3,0.034449999999999995,2.7021596666666667,0.035248496029381376,2.6643110000000005,2.734048,descriptive_equal_realization_mean_not_inferential_frames
111,1200,35,3,0.035449999999999995,2.7485363333333335,0.15477542734663488,2.5910909999999996,2.9004960000000004,descriptive_equal_realization_mean_not_inferential_frames
111,1200,36,3,0.036449999999999996,2.7859583333333333,0.25198203007622033,2.5156330000000002,3.014331,descriptive_equal_realization_mean_not_inferential_frames
111,1200,37,3,0.03745,2.9722986666666666,0.07566907657909766,2.918224,3.058773,descriptive_equal_realization_mean_not_inferential_frames
111,1200,38,3,0.03845,3.0613023333333333,0.2305952919561315,2.8071309999999996,3.2571040000000004,descriptive_equal_realization_mean_not_inferential_frames
111,1200,39,3,0.03945,3.1173409999999997,0.09156620529977177,3.039712,3.2183219999999997,descriptive_equal_realization_mean_not_inferential_frames
111,1200,40,3,0.04045,3.2481496666666665,0.09727354586080106,3.1375889999999997,3.320588,descriptive_equal_realization_mean_not_inferential_frames
111,1200,41,3,0.04145,3.1979296666666666,0.05019134030222068,3.140851,3.235169,descriptive_equal_realization_mean_not_inferential_frames
111,1200,42,3,0.04245000000000001,3.3677760000000005,0.043092658597491965,3.3246160000000002,3.410801,descriptive_equal_realization_mean_not_inferential_frames
111,1200,43,3,0.04345000000000001,3.355439666666667,0.06205485704063227,3.31156,3.4264379999999997,descriptive_equal_realization_mean_not_inferential_frames
111,1200,44,3,0.04445000000000001,3.513439333333333,0.2161081488059471,3.273193,3.6919920000000004,descriptive_equal_realization_mean_not_inferential_frames
111,1200,45,3,0.04545000000000001,3.576703,0.08439539838759011,3.4822029999999997,3.644566,descriptive_equal_realization_mean_not_inferential_frames
111,1200,46,3,0.04645,3.5825856666666667,0.1723331675456974,3.3844919999999994,3.6979999999999995,descriptive_equal_realization_mean_not_inferential_frames
111,1200,47,3,0.04745,3.7412819999999996,0.12363962790707517,3.6003899999999995,3.8316989999999995,descriptive_equal_realization_mean_not_inferential_frames
111,1200,48,3,0.04845,3.6301726666666667,0.06839017558343695,3.5736450000000004,3.7061930000000003,descriptive_equal_realization_mean_not_inferential_frames
111,1200,49,3,0.04945,3.9526289999999995,0.07858725794300195,3.875024,4.032162999999999,descriptive_equal_realization_mean_not_inferential_frames
111,1200,50,3,0.050449999999999995,3.8916136666666663,0.1818899586270044,3.6815869999999995,3.9973729999999996,descriptive_equal_realization_mean_not_inferential_frames
111,1200,51,3,0.051449999999999996,3.8866403333333337,0.11971757425847479,3.7484659999999996,3.9593590000000005,descriptive_equal_realization_mean_not_inferential_frames
111,1200,52,3,0.05245,4.246623333333333,0.1283228316876357,4.107535,4.360412,descriptive_equal_realization_mean_not_inferential_frames
111,1200,53,3,0.05345,4.097595666666667,0.040964713404750004,4.052443,4.1323799999999995,descriptive_equal_realization_mean_not_inferential_frames
111,1200,54,3,0.05445,4.240036666666667,0.12262727175197798,4.098447999999999,4.312222,descriptive_equal_realization_mean_not_inferential_frames
111,1200,55,3,0.05545,4.304278,0.05863496135412735,4.238167,4.349985,descriptive_equal_realization_mean_not_inferential_frames
111,1200,56,3,0.05645,4.3486036666666665,0.07063622075347263,4.280112000000001,4.4212050000000005,descriptive_equal_realization_mean_not_inferential_frames
111,1200,57,3,0.05744999999999998,4.508195333333334,0.12643303480235457,4.363786,4.598968000000001,descriptive_equal_realization_mean_not_inferential_frames
111,1200,58,3,0.05844999999999998,4.47032,0.1144436813502604,4.338525000000001,4.544579,descriptive_equal_realization_mean_not_inferential_frames
111,1200,59,3,0.05944999999999998,4.529933,0.04062056199758952,4.483682,4.5598160000000005,descriptive_equal_realization_mean_not_inferential_frames
111,1200,60,3,0.06044999999999998,4.669541333333333,0.06810567228457015,4.59102,4.712567999999999,descriptive_equal_realization_mean_not_inferential_frames
111,1200,61,3,0.061449999999999984,4.708085666666666,0.21439542172661535,4.525948999999999,4.944360999999999,descriptive_equal_realization_mean_not_inferential_frames
111,1200,62,3,0.062449999999999985,4.831847666666667,0.13649174518751434,4.696116,4.969087,descriptive_equal_realization_mean_not_inferential_frames
111,1200,63,3,0.06344999999999999,4.768994666666667,0.14690915308561675,4.647446,4.932246999999999,descriptive_equal_realization_mean_not_inferential_frames
111,1200,64,3,0.06444999999999998,4.910070666666667,0.1502262168875104,4.765805,5.065621,descriptive_equal_realization_mean_not_inferential_frames
111,1200,65,3,0.06544999999999998,5.010491,0.1159057932805775,4.877785,5.091877,descriptive_equal_realization_mean_not_inferential_frames
111,1200,66,3,0.06644999999999998,5.130941,0.10300830220909304,5.023013000000001,5.228198999999999,descriptive_equal_realization_mean_not_inferential_frames
111,1200,67,3,0.06744999999999998,5.133056333333333,0.10824758681990758,5.014145999999999,5.2258700000000005,descriptive_equal_realization_mean_not_inferential_frames
111,1200,68,3,0.06844999999999998,5.140854666666667,0.0875610552776366,5.044634,5.2158560000000005,descriptive_equal_realization_mean_not_inferential_frames
111,1200,69,3,0.06944999999999998,5.256708666666667,0.15513573197150093,5.156066,5.435367,descriptive_equal_realization_mean_not_inferential_frames
111,1200,70,3,0.07044999999999998,5.307883,0.039161184468808063,5.264626,5.340923,descriptive_equal_realization_mean_not_inferential_frames
111,1200,71,3,0.07144999999999999,5.505802333333334,0.09652119395414313,5.438976,5.616462,descriptive_equal_realization_mean_not_inferential_frames
111,1200,72,3,0.07244999999999999,5.393411,0.18168059002821352,5.222562000000001,5.584267,descriptive_equal_realization_mean_not_inferential_frames
111,1200,73,3,0.07344999999999999,5.471885,0.15843275989201247,5.289410999999999,5.574451999999999,descriptive_equal_realization_mean_not_inferential_frames
111,1200,74,3,0.07444999999999999,5.6301283333333325,0.07271582250331315,5.553138,5.69764,descriptive_equal_realization_mean_not_inferential_frames
111,1200,75,3,0.07544999999999999,5.655920999999999,0.08282373904261996,5.563218,5.722629,descriptive_equal_realization_mean_not_inferential_frames
111,1200,76,3,0.07644999999999999,5.795519666666667,0.1479759223162114,5.664025,5.9557590000000005,descriptive_equal_realization_mean_not_inferential_frames
111,1200,77,3,0.07744999999999999,5.685698333333334,0.04073023587377519,5.659064,5.732585,descriptive_equal_realization_mean_not_inferential_frames
111,1200,78,3,0.07844999999999999,5.909999333333334,0.2803205415811211,5.607979000000001,6.161843,descriptive_equal_realization_mean_not_inferential_frames
111,1200,79,3,0.07944999999999999,5.796563333333334,0.0018588965364786734,5.795052,5.798639,descriptive_equal_realization_mean_not_inferential_frames
111,1200,80,3,0.08045,5.801582,0.10762563475770973,5.682583,5.892109,descriptive_equal_realization_mean_not_inferential_frames
111,1200,81,3,0.08145,5.977158,0.1999023286782821,5.8099240000000005,6.198563,descriptive_equal_realization_mean_not_inferential_frames
111,1200,82,3,0.08245,5.923084333333333,0.23221064353369586,5.713938,6.172967999999999,descriptive_equal_realization_mean_not_inferential_frames
111,1200,83,3,0.08344999999999998,6.036357333333334,0.028205582538450905,6.018145,6.068847000000001,descriptive_equal_realization_mean_not_inferential_frames
111,1200,84,3,0.08444999999999998,5.981671666666666,0.07700424917063538,5.930412,6.070221999999999,descriptive_equal_realization_mean_not_inferential_frames
111,1200,85,3,0.08544999999999998,6.252034333333334,0.08588684712069353,6.171596,6.342491000000001,descriptive_equal_realization_mean_not_inferential_frames
111,1200,86,3,0.08644999999999999,6.154016333333334,0.2677907298775169,5.847368,6.341793,descriptive_equal_realization_mean_not_inferential_frames
111,1200,87,3,0.08744999999999999,6.2134409999999995,0.09605442825814903,6.1108970000000005,6.3013189999999994,descriptive_equal_realization_mean_not_inferential_frames
111,1200,88,3,0.08844999999999999,6.247101,0.22189115507608653,6.005185,6.441155999999999,descriptive_equal_realization_mean_not_inferential_frames
111,1200,89,3,0.08944999999999999,6.443447333333334,0.07827452577520615,6.393016,6.533620000000001,descriptive_equal_realization_mean_not_inferential_frames
111,1200,90,3,0.09044999999999999,6.4147170000000004,0.1053110309369351,6.2955689999999995,6.495344,descriptive_equal_realization_mean_not_inferential_frames
111,1200,91,3,0.09144999999999999,6.347625999999999,0.1643695844948204,6.164668,6.482832999999999,descriptive_equal_realization_mean_not_inferential_frames
111,1200,92,3,0.09244999999999999,6.565098333333334,0.10123594719433032,6.449390000000001,6.637354,descriptive_equal_realization_mean_not_inferential_frames
111,1200,93,3,0.09344999999999999,6.445665333333333,0.07457231819739346,6.366494,6.514576,descriptive_equal_realization_mean_not_inferential_frames
111,1200,94,3,0.09444999999999999,6.665967333333334,0.25990643885124054,6.366007999999999,6.824293,descriptive_equal_realization_mean_not_inferential_frames
111,1200,95,3,0.09545,6.590077000000001,0.19360388662420958,6.409063000000001,6.794197,descriptive_equal_realization_mean_not_inferential_frames
111,1200,96,3,0.09645,6.689517666666667,0.16366528685195705,6.524597,6.851898,descriptive_equal_realization_mean_not_inferential_frames
111,1200,97,3,0.09745,6.5899410000000005,0.1523737908598449,6.443202000000001,6.7473849999999995,descriptive_equal_realization_mean_not_inferential_frames
111,1200,98,3,0.09845,6.625423666666666,0.19049410606717862,6.4086039999999995,6.765926,descriptive_equal_realization_mean_not_inferential_frames
111,1200,99,3,0.09945,6.790163333333333,0.0786573817599678,6.7014380000000005,6.851344,descriptive_equal_realization_mean_not_inferential_frames
111,1200,100,3,0.10045,6.775634666666666,0.12876343083474207,6.681705000000001,6.922414000000001,descriptive_equal_realization_mean_not_inferential_frames
111,1200,101,3,0.10145,6.774641666666668,0.24667297833636614,6.592291,7.055313000000001,descriptive_equal_realization_mean_not_inferential_frames
111,1200,102,3,0.10245,6.722134666666666,0.20498005610871864,6.500884999999999,6.905583,descriptive_equal_realization_mean_not_inferential_frames
111,1200,103,3,0.10345,6.815830666666667,0.1920491781011653,6.641498,7.021693999999999,descriptive_equal_realization_mean_not_inferential_frames
111,1200,104,3,0.10445,6.8547720000000005,0.2840689675501353,6.529227000000001,7.052337,descriptive_equal_realization_mean_not_inferential_frames
111,1200,105,3,0.10545,6.857818333333333,0.34698562081782763,6.539509,7.2277059999999995,descriptive_equal_realization_mean_not_inferential_frames
111,1200,106,3,0.10645,6.812015333333334,0.2405767893965113,6.536461,6.980281000000001,descriptive_equal_realization_mean_not_inferential_frames
111,1200,107,3,0.10745,6.7410673333333335,0.09416723359180416,6.677626999999999,6.849266,descriptive_equal_realization_mean_not_inferential_frames
111,1200,108,3,0.10845,6.855659,0.2703286300727317,6.555863,7.080852,descriptive_equal_realization_mean_not_inferential_frames
111,1200,109,3,0.10945,6.786314333333333,0.24942375856428214,6.624467,7.073554,descriptive_equal_realization_mean_not_inferential_frames
111,1200,110,3,0.11045,6.747899333333334,0.21247169972571292,6.599095,6.991231000000001,descriptive_equal_realization_mean_not_inferential_frames
111,1200,111,3,0.11145000000000001,6.711917,0.37121914758401137,6.474521,7.139704,descriptive_equal_realization_mean_not_inferential_frames
111,1200,112,3,0.11245000000000001,6.639100666666667,0.3878067069937459,6.2441580000000005,7.019354,descriptive_equal_realization_mean_not_inferential_frames
111,1200,113,3,0.11345000000000001,6.641842333333334,0.33916966113338237,6.422269,7.032479,descriptive_equal_realization_mean_not_inferential_frames
111,1200,114,3,0.11445000000000001,6.587941333333333,0.32207570855985507,6.238789000000001,6.873432999999999,descriptive_equal_realization_mean_not_inferential_frames
111,1200,115,3,0.11545000000000001,6.460449333333334,0.20643017968391533,6.294906,6.691747000000001,descriptive_equal_realization_mean_not_inferential_frames
111,1200,116,3,0.11645000000000001,6.324116666666666,0.36082859841389153,5.90761,6.5418,descriptive_equal_realization_mean_not_inferential_frames
111,1200,117,3,0.11745000000000001,6.356086666666666,0.16609951394369993,6.2298029999999995,6.544242,descriptive_equal_realization_mean_not_inferential_frames
111,1200,118,3,0.11844999999999999,6.014612,0.21502396120665296,5.838775999999999,6.254341,descriptive_equal_realization_mean_not_inferential_frames
111,1200,119,3,0.11945000000000001,5.947662,0.3736031935074969,5.596819,6.34048,descriptive_equal_realization_mean_not_inferential_frames
111,1200,120,3,0.12044999999999999,5.644019666666666,0.36142600432223176,5.391018999999999,6.0579600000000005,descriptive_equal_realization_mean_not_inferential_frames
111,1200,121,3,0.12144999999999999,5.589047333333333,0.44604700099466366,5.085635,5.93504,descriptive_equal_realization_mean_not_inferential_frames
111,1200,122,3,0.12244999999999999,5.3729466666666665,0.48216743441395277,4.872234,5.834136,descriptive_equal_realization_mean_not_inferential_frames
111,1200,123,3,0.12344999999999999,5.2314256666666665,0.45360393928440856,4.708143,5.512764,descriptive_equal_realization_mean_not_inferential_frames
111,1200,124,3,0.12444999999999999,5.041399999999999,0.2488001517945674,4.771636,5.261850999999999,descriptive_equal_realization_mean_not_inferential_frames
111,1200,125,3,0.12544999999999998,4.939819333333333,0.6656828542672043,4.354914000000001,5.664183999999999,descriptive_equal_realization_mean_not_inferential_frames
111,1200,126,3,0.12645,4.684465666666666,0.5941293653997699,4.136886,5.316176,descriptive_equal_realization_mean_not_inferential_frames
111,1200,127,3,0.12744999999999998,4.434737666666667,0.6678967279762144,3.773535,5.109133,descriptive_equal_realization_mean_not_inferential_frames
111,1200,128,3,0.12845,4.233341333333333,0.5964067464661459,3.5983439999999995,4.781675,descriptive_equal_realization_mean_not_inferential_frames
111,1200,129,3,0.12944999999999998,4.169858666666666,0.9475289864391137,3.1451919999999998,5.014389,descriptive_equal_realization_mean_not_inferential_frames
111,1200,130,3,0.13045,4.135051666666667,1.0305736712949412,2.987976,4.9828980000000005,descriptive_equal_realization_mean_not_inferential_frames
111,1200,131,3,0.13144999999999998,3.950801333333333,1.2456292880405198,2.5216420000000004,4.805809,descriptive_equal_realization_mean_not_inferential_frames
111,1200,132,3,0.13245,3.810852,1.070793670517808,2.603941,4.646952,descriptive_equal_realization_mean_not_inferential_frames
111,1200,133,3,0.13344999999999999,3.746774333333333,1.0509029066856435,2.5343539999999996,4.396855,descriptive_equal_realization_mean_not_inferential_frames
111,1200,134,3,0.13445000000000001,3.524646333333333,1.00731762306302,2.3619930000000005,4.135413,descriptive_equal_realization_mean_not_inferential_frames
111,1200,135,3,0.13545,3.5560663333333324,0.7801484129608499,2.671737,4.146900999999999,descriptive_equal_realization_mean_not_inferential_frames
111,1200,136,3,0.13645000000000002,3.2374023333333333,0.8924777438605026,2.2517400000000003,3.99075,descriptive_equal_realization_mean_not_inferential_frames
111,1200,137,3,0.13745,3.156653,0.6252851085888741,2.453394,3.649886,descriptive_equal_realization_mean_not_inferential_frames
111,1200,138,3,0.13845000000000002,3.043589666666667,0.5242331414002106,2.4484500000000002,3.436956,descriptive_equal_realization_mean_not_inferential_frames
111,1200,139,3,0.13945,3.0218113333333334,0.1998291185621688,2.797162,3.1797560000000002,descriptive_equal_realization_mean_not_inferential_frames
111,1200,140,3,0.14045000000000002,2.8293586666666664,0.26468691640187525,2.575768,3.103897,descriptive_equal_realization_mean_not_inferential_frames
111,1200,141,3,0.14145,2.9246906666666668,0.4271947709655784,2.6460470000000003,3.4165229999999993,descriptive_equal_realization_mean_not_inferential_frames
111,1200,142,3,0.14245000000000002,2.828386333333333,0.18688858524354376,2.618709,2.9774279999999997,descriptive_equal_realization_mean_not_inferential_frames
111,1200,143,3,0.14345,2.9418233333333332,0.3270873797998535,2.6013239999999995,3.2536050000000003,descriptive_equal_realization_mean_not_inferential_frames
111,1200,144,3,0.14445000000000002,2.7474900000000004,0.4042104326177147,2.282467,3.0146610000000003,descriptive_equal_realization_mean_not_inferential_frames
111,1200,145,3,0.14545,2.7698413333333334,0.2932559204148031,2.461203,3.0448079999999997,descriptive_equal_realization_mean_not_inferential_frames
111,1200,146,3,0.14645000000000002,2.8926206666666663,0.5474308833508882,2.2757509999999996,3.3205730000000004,descriptive_equal_realization_mean_not_inferential_frames
111,1200,147,3,0.14745,2.927808666666667,0.31244364511113576,2.741149,3.288514,descriptive_equal_realization_mean_not_inferential_frames
111,1200,148,3,0.14845000000000003,2.838025333333333,0.5543050047621195,2.363641,3.447338,descriptive_equal_realization_mean_not_inferential_frames
111,1200,149,3,0.14945,2.8196290000000004,0.42444275074855525,2.45293,3.2845820000000003,descriptive_equal_realization_mean_not_inferential_frames
111,1200,150,3,0.15045000000000003,2.915785666666667,0.3765866196273222,2.6575860000000002,3.3478990000000004,descriptive_equal_realization_mean_not_inferential_frames
111,1200,151,3,0.15145,2.867354,0.39143589720029526,2.502671,3.280946,descriptive_equal_realization_mean_not_inferential_frames
111,1200,152,3,0.15245000000000003,2.904598,0.4605932319216163,2.518332,3.4143459999999997,descriptive_equal_realization_mean_not_inferential_frames
111,1200,153,3,0.15345,2.9552863333333335,0.5291157162751197,2.5284970000000007,3.5472989999999998,descriptive_equal_realization_mean_not_inferential_frames
111,1200,154,3,0.15445000000000003,2.9775353333333334,0.6921359457002166,2.348566,3.719045,descriptive_equal_realization_mean_not_inferential_frames
111,1200,155,3,0.15545,3.1296173333333335,0.5012048153004249,2.6336730000000004,3.635922,descriptive_equal_realization_mean_not_inferential_frames
111,1200,156,3,0.15645000000000003,3.1041063333333336,0.7025561040346413,2.343774,3.7292340000000004,descriptive_equal_realization_mean_not_inferential_frames
111,1200,157,3,0.15745,3.034913,0.778428782261422,2.274965,3.830592,descriptive_equal_realization_mean_not_inferential_frames
111,1200,158,3,0.15845000000000004,2.9484749999999997,0.8214248807846033,2.022617,3.5898109999999996,descriptive_equal_realization_mean_not_inferential_frames
111,1200,159,3,0.15944999999999998,3.045802333333333,0.5810537981093774,2.374861,3.3826189999999996,descriptive_equal_realization_mean_not_inferential_frames
111,1200,160,3,0.16045,3.04142,0.6576809298010698,2.28268,3.448708,descriptive_equal_realization_mean_not_inferential_frames
111,1200,161,3,0.16144999999999998,3.0246416666666662,0.5742696654746214,2.369356,3.44024,descriptive_equal_realization_mean_not_inferential_frames
111,1200,162,3,0.16245,3.2633243333333333,0.4429209327931265,2.753115,3.54915,descriptive_equal_realization_mean_not_inferential_frames
111,1200,163,3,0.16344999999999998,3.120222,0.5020967758350975,2.554394,3.5125900000000003,descriptive_equal_realization_mean_not_inferential_frames
111,1200,164,3,0.16445,3.2195156666666667,0.6862935790638968,2.4564790000000003,3.786318,descriptive_equal_realization_mean_not_inferential_frames
111,1200,165,3,0.16544999999999999,3.1321816666666664,0.6888338088293386,2.3379339999999997,3.566319000000001,descriptive_equal_realization_mean_not_inferential_frames
111,1200,166,3,0.16645000000000001,3.240561666666667,0.6428793834447744,2.5069600000000003,3.7056750000000003,descriptive_equal_realization_mean_not_inferential_frames
111,1200,167,3,0.16745,3.065135,0.5997898606520454,2.374426,3.45452,descriptive_equal_realization_mean_not_inferential_frames
111,1200,168,3,0.16845000000000002,3.210233666666667,0.8451566972753236,2.236711,3.7559869999999997,descriptive_equal_realization_mean_not_inferential_frames
111,1200,169,3,0.16945,3.184165666666667,0.6394859630690366,2.4457720000000003,3.5581990000000006,descriptive_equal_realization_mean_not_inferential_frames
111,1200,170,3,0.17045000000000002,3.2990843333333335,0.7201995372015544,2.4745890000000004,3.8053690000000002,descriptive_equal_realization_mean_not_inferential_frames
111,1200,171,3,0.17145,3.1011970000000004,0.9360026453205141,2.0444240000000002,3.8258590000000003,descriptive_equal_realization_mean_not_inferential_frames
111,1200,172,3,0.17245000000000002,3.147536666666667,0.7624157723252671,2.2703029999999997,3.650369,descriptive_equal_realization_mean_not_inferential_frames
111,1200,173,3,0.17345,3.036851666666666,0.970116466252549,1.9475159999999998,3.8076539999999994,descriptive_equal_realization_mean_not_inferential_frames
111,1200,174,3,0.17445000000000002,2.8662123333333334,0.9199474694711288,1.81098,3.4995020000000006,descriptive_equal_realization_mean_not_inferential_frames
111,1200,175,3,0.17545,3.0130953333333337,0.9001418556301742,2.028744,3.794312,descriptive_equal_realization_mean_not_inferential_frames
111,1200,176,3,0.17645000000000002,2.9222896666666665,0.9327075906018634,1.918786,3.762684,descriptive_equal_realization_mean_not_inferential_frames
111,1200,177,3,0.17745,2.8414746666666666,0.873800679539867,1.980537,3.727594,descriptive_equal_realization_mean_not_inferential_frames
111,1200,178,3,0.17845,2.815535666666667,0.91303154723445,1.8803729999999999,3.7046970000000004,descriptive_equal_realization_mean_not_inferential_frames
111,1200,179,3,0.17944999999999997,2.691755666666667,0.8610912803160499,1.8177429999999997,3.5393160000000004,descriptive_equal_realization_mean_not_inferential_frames
111,1200,180,3,0.18045,2.750992333333333,0.8215502697402839,2.039046,3.649915,descriptive_equal_realization_mean_not_inferential_frames
111,1200,181,3,0.18144999999999997,2.7479393333333335,0.9461182709790217,1.9285790000000003,3.7834200000000004,descriptive_equal_realization_mean_not_inferential_frames
111,1200,182,3,0.18245,2.772157333333334,0.9348992216502979,1.9991170000000005,3.811244,descriptive_equal_realization_mean_not_inferential_frames
111,1200,183,3,0.18344999999999997,2.5439459999999996,0.9901381775469522,1.6331159999999998,3.5978299999999996,descriptive_equal_realization_mean_not_inferential_frames
111,1200,184,3,0.18445,2.6667986666666668,1.1101792302512836,1.93539,3.9442479999999995,descriptive_equal_realization_mean_not_inferential_frames
111,1200,185,3,0.18544999999999998,2.5409246666666667,1.0657088397467358,1.8874929999999999,3.770694,descriptive_equal_realization_mean_not_inferential_frames
111,1200,186,3,0.18645,2.586959333333333,1.232386995725504,1.7077559999999998,3.995596,descriptive_equal_realization_mean_not_inferential_frames
111,1200,187,3,0.18744999999999998,2.7285753333333336,1.0787567032247514,1.980837,3.965220000000001,descriptive_equal_realization_mean_not_inferential_frames
111,1200,188,3,0.18845,2.631742666666667,1.073713663487773,1.7873929999999998,3.840153000000001,descriptive_equal_realization_mean_not_inferential_frames
111,1200,189,3,0.18944999999999998,2.7060336666666664,0.9618389185749002,2.103835,3.815311,descriptive_equal_realization_mean_not_inferential_frames
111,1200,190,3,0.19045,2.6594546666666665,0.9825891404887059,1.9810119999999998,3.7862470000000004,descriptive_equal_realization_mean_not_inferential_frames
111,1200,191,3,0.19144999999999998,2.548636,1.081032894202577,1.7630299999999999,3.7815280000000002,descriptive_equal_realization_mean_not_inferential_frames
111,1200,192,3,0.19245,2.461232666666667,1.2143580158974263,1.477317,3.8184060000000004,descriptive_equal_realization_mean_not_inferential_frames
111,1200,193,3,0.19344999999999998,2.6588239999999996,1.0903364126878459,1.662493,3.8235680000000003,descriptive_equal_realization_mean_not_inferential_frames
111,1200,194,3,0.19445,2.4188813333333337,1.065411952468309,1.495615,3.5846360000000006,descriptive_equal_realization_mean_not_inferential_frames
111,1200,195,3,0.19544999999999998,2.500411333333333,1.0128606792270756,1.664732,3.6268529999999997,descriptive_equal_realization_mean_not_inferential_frames
111,1200,196,3,0.19645,2.469446,0.8053140479570688,1.6572129999999998,3.267658,descriptive_equal_realization_mean_not_inferential_frames
111,1200,197,3,0.19745,2.5612026666666665,0.798298108993334,1.9633679999999998,3.4677589999999996,descriptive_equal_realization_mean_not_inferential_frames
111,1200,198,3,0.19845000000000002,2.570793,0.8805833518594364,1.748257,3.499751,descriptive_equal_realization_mean_not_inferential_frames
111,1200,199,3,0.19945,2.448677333333333,0.5609001090723137,1.9183759999999999,3.035844,descriptive_equal_realization_mean_not_inferential_frames
111,1200,200,3,0.20000000000000004,2.69952,0.8081672337455906,1.9128,3.52755,descriptive_equal_realization_mean_not_inferential_frames
