architecture,fold,system_id,parent_family,structure,hnf_group,comparison,pure_coverage_distance_median,treatment_coverage_distance_median,coverage_distance_reduction,pure_force_component_rmse_ev_a,treatment_force_component_rmse_ev_a,force_component_rmse_reduction_ev_a
DPA2,bcc_to_fcc,POCC__fcc__POCC_01_H0C0__Hf27_Mo27_Ta27_Ti27_Zr27_n135,fcc,POCC_01_H0C0,0.0,pure_pocc_seed_vs_pure,3.797831784744021,2.9547787848723623,0.8430529998716585,0.7565444789984347,0.6969153969183194,0.0596290820801153
DPA2,bcc_to_fcc,POCC__fcc__POCC_02_H0C1__Hf27_Mo27_Ta27_Ti27_Zr27_n135,fcc,POCC_02_H0C1,0.0,pure_pocc_seed_vs_pure,3.613411109470228,3.00956030890246,0.6038508005677681,0.7537534423166206,0.6575778753871272,0.09617556692949336
DPA2,bcc_to_fcc,POCC__fcc__POCC_03_H0C2__Hf27_Mo27_Ta27_Ti27_Zr27_n135,fcc,POCC_03_H0C2,0.0,pure_pocc_seed_vs_pure,3.68521101986824,2.894957529469599,0.7902534903986411,0.7550875291904869,0.7315659272559115,0.02352160193457542
DPA2,bcc_to_fcc,POCC__fcc__POCC_04_H0C3__Hf27_Mo27_Ta27_Ti27_Zr27_n135,fcc,POCC_04_H0C3,0.0,pure_pocc_seed_vs_pure,3.656619899373652,2.8890393730533,0.7675805263203519,1.2212070237774828,0.7171070726468904,0.5040999511305924
DPA2,bcc_to_fcc,POCC__fcc__POCC_05_H0C4__Hf27_Mo27_Ta27_Ti27_Zr27_n135,fcc,POCC_05_H0C4,0.0,pure_pocc_seed_vs_pure,3.750967687948602,2.966243481945296,0.7847242060033057,1.0643064539160296,0.7204901029347933,0.3438163509812363
DPA2,bcc_to_fcc,POCC__fcc__POCC_06_H0C5__Hf27_Mo27_Ta27_Ti27_Zr27_n135,fcc,POCC_06_H0C5,0.0,pure_pocc_seed_vs_pure,3.753433696195695,2.867969675769885,0.8854640204258102,1.0020848797465918,0.7287920283766982,0.27329285136989356
DPA2,bcc_to_fcc,POCC__fcc__POCC_07_H0C6__Hf27_Mo27_Ta27_Ti27_Zr27_n135,fcc,POCC_07_H0C6,0.0,pure_pocc_seed_vs_pure,3.686280272313149,3.02028062478212,0.665999647531029,1.044958944293695,0.665582864489882,0.37937607980381305
DPA2,bcc_to_fcc,POCC__fcc__POCC_08_H0C7__Hf27_Mo27_Ta27_Ti27_Zr27_n135,fcc,POCC_08_H0C7,0.0,pure_pocc_seed_vs_pure,4.460461985632337,3.427094457151293,1.033367528481044,0.8156883866292847,0.5666306849022038,0.24905770172708086
DPA2,bcc_to_fcc,POCC__fcc__POCC_09_H0C8__Hf27_Mo27_Ta27_Ti27_Zr27_n135,fcc,POCC_09_H0C8,0.0,pure_pocc_seed_vs_pure,3.9364383302166073,3.169478698464788,0.7669596317518192,0.6867335118803558,0.6914179520329025,-0.004684440152546654
DPA2,bcc_to_fcc,POCC__fcc__POCC_10_H0C10__Hf27_Mo27_Ta27_Ti27_Zr27_n135,fcc,POCC_10_H0C10,0.0,pure_pocc_seed_vs_pure,3.861582018914048,3.2401455248476894,0.6214364940663586,0.7364059524101509,0.6924307420072585,0.04397521040289243
DPA2,bcc_to_fcc,POCC__fcc__POCC_11_H0C12__Hf27_Mo27_Ta27_Ti27_Zr27_n135,fcc,POCC_11_H0C12,0.0,pure_pocc_seed_vs_pure,3.9207517692476896,2.9301676436795057,0.990584125568184,0.7963583462308864,0.6045029391454279,0.19185540708545856
DPA2,bcc_to_fcc,POCC__fcc__POCC_12_H0C14__Hf27_Mo27_Ta27_Ti27_Zr27_n135,fcc,POCC_12_H0C14,0.0,pure_pocc_seed_vs_pure,3.902761963012279,2.987790529007293,0.9149714340049862,1.0327957774704826,0.6210675585819393,0.4117282188885433
DPA2,bcc_to_fcc,POCC__fcc__POCC_13_H1C0__Hf27_Mo27_Ta27_Ti27_Zr27_n135,fcc,POCC_13_H1C0,1.0,pure_pocc_seed_vs_pure,4.591236371043089,2.1522532827227314,2.4389830883203576,0.7496117753583611,0.7362806709750401,0.013331104383320969
DPA2,bcc_to_fcc,POCC__fcc__POCC_14_H1C1__Hf27_Mo27_Ta27_Ti27_Zr27_n135,fcc,POCC_14_H1C1,1.0,pure_pocc_seed_vs_pure,4.637904564793718,1.9211785924776992,2.716725972316019,0.7712362990670873,0.6978149055414213,0.07342139352566601
DPA2,bcc_to_fcc,POCC__fcc__POCC_15_H1C2__Hf27_Mo27_Ta27_Ti27_Zr27_n135,fcc,POCC_15_H1C2,1.0,pure_pocc_seed_vs_pure,4.590176213213372,1.973448117723984,2.616728095489388,0.9049867659121708,0.7407753689399608,0.16421139697221
DPA2,bcc_to_fcc,POCC__fcc__POCC_16_H1C3__Hf27_Mo27_Ta27_Ti27_Zr27_n135,fcc,POCC_16_H1C3,1.0,pure_pocc_seed_vs_pure,4.635574208776912,1.86194780225166,2.7736264065252523,0.6784906813237063,0.7061017139444739,-0.027611032620767584
DPA2,bcc_to_fcc,POCC__fcc__POCC_17_H1C4__Hf27_Mo27_Ta27_Ti27_Zr27_n135,fcc,POCC_17_H1C4,1.0,pure_pocc_seed_vs_pure,4.888774620120708,2.800884087183276,2.087890532937432,1.022767638128477,0.6180701724878274,0.40469746564064957
DPA2,bcc_to_fcc,POCC__fcc__POCC_18_H1C5__Hf27_Mo27_Ta27_Ti27_Zr27_n135,fcc,POCC_18_H1C5,1.0,pure_pocc_seed_vs_pure,4.898780688729807,2.909361356700729,1.9894193320290778,0.9924863714002602,0.6331918375116856,0.3592945338885746
DPA2,bcc_to_fcc,POCC__fcc__POCC_19_H1C6__Hf27_Mo27_Ta27_Ti27_Zr27_n135,fcc,POCC_19_H1C6,1.0,pure_pocc_seed_vs_pure,4.644509765763365,1.7311362200854732,2.9133735456778918,0.9803140935790388,0.7241525505146225,0.2561615430644163
DPA2,bcc_to_fcc,POCC__fcc__POCC_20_H1C7__Hf27_Mo27_Ta27_Ti27_Zr27_n135,fcc,POCC_20_H1C7,1.0,pure_pocc_seed_vs_pure,4.696960908069379,2.1062420236920216,2.590718884377357,0.7876249864022907,0.6964293649825135,0.09119562141977722
DPA2,bcc_to_fcc,POCC__fcc__POCC_21_H1C8__Hf27_Mo27_Ta27_Ti27_Zr27_n135,fcc,POCC_21_H1C8,1.0,pure_pocc_seed_vs_pure,4.632958616969924,2.096775682971808,2.5361829339981163,0.8625992917902847,0.6944427108185713,0.16815658097171338
DPA2,bcc_to_fcc,POCC__fcc__POCC_22_H1C10__Hf27_Mo27_Ta27_Ti27_Zr27_n135,fcc,POCC_22_H1C10,1.0,pure_pocc_seed_vs_pure,4.672065832014681,2.083182234946628,2.5888835970680533,0.7226001542453443,0.6974967549232736,0.02510339932207073
DPA2,bcc_to_fcc,POCC__fcc__POCC_23_H1C12__Hf27_Mo27_Ta27_Ti27_Zr27_n135,fcc,POCC_23_H1C12,1.0,pure_pocc_seed_vs_pure,4.63962121576174,1.853843249890791,2.785777965870949,0.9001461154154944,0.7002453260247252,0.19990078939076916
DPA2,bcc_to_fcc,POCC__fcc__POCC_24_H1C14__Hf27_Mo27_Ta27_Ti27_Zr27_n135,fcc,POCC_24_H1C14,1.0,pure_pocc_seed_vs_pure,4.7379404198303225,2.34307922577554,2.3948611940547826,0.7023693411054165,0.6952223314166817,0.007147009688734829
DPA2,bcc_to_fcc,POCC__fcc__POCC_25_H2C0__Hf18_Mo18_Ta18_Ti18_Zr18_n90,fcc,POCC_25_H2C0,2.0,pure_pocc_seed_vs_pure,4.925002121311918,1.581541363287856,3.3434607580240616,0.5845511788379821,0.7331083014402229,-0.14855712260224074
DPA2,bcc_to_fcc,POCC__fcc__POCC_26_H2C1__Hf18_Mo18_Ta18_Ti18_Zr18_n90,fcc,POCC_26_H2C1,2.0,pure_pocc_seed_vs_pure,4.913785815971577,1.691849010222391,3.221936805749186,0.5988782289953769,0.7402468812057724,-0.14136865221039552
DPA2,bcc_to_fcc,POCC__fcc__POCC_27_H2C2__Hf18_Mo18_Ta18_Ti18_Zr18_n90,fcc,POCC_27_H2C2,2.0,pure_pocc_seed_vs_pure,4.957881753754508,1.808580901416576,3.149300852337932,0.5938810315888357,0.7341120152746293,-0.14023098368579368
DPA2,bcc_to_fcc,POCC__fcc__POCC_28_H2C3__Hf18_Mo18_Ta18_Ti18_Zr18_n90,fcc,POCC_28_H2C3,2.0,pure_pocc_seed_vs_pure,4.941155028037018,1.701716863808337,3.239438164228681,0.582377403556972,0.7319761820606357,-0.14959877850366377
DPA2,bcc_to_fcc,POCC__fcc__POCC_29_H2C4__Hf18_Mo18_Ta18_Ti18_Zr18_n90,fcc,POCC_29_H2C4,2.0,pure_pocc_seed_vs_pure,4.910908685293982,1.8493996274191955,3.061509057874786,0.6060096709504076,0.7396449500965397,-0.13363527914613216
DPA2,bcc_to_fcc,POCC__fcc__POCC_30_H2C5__Hf18_Mo18_Ta18_Ti18_Zr18_n90,fcc,POCC_30_H2C5,2.0,pure_pocc_seed_vs_pure,4.9343153342501775,1.8316162615947065,3.1026990726554713,0.5997039585457464,0.7506678617123833,-0.15096390316663688
DPA2,bcc_to_fcc,POCC__fcc__POCC_31_H2C6__Hf18_Mo18_Ta18_Ti18_Zr18_n90,fcc,POCC_31_H2C6,2.0,pure_pocc_seed_vs_pure,4.535763386264398,1.9141184106174367,2.621644975646961,0.5922053681336048,0.763332410000468,-0.17112704186686323
DPA2,bcc_to_fcc,POCC__fcc__POCC_32_H2C7__Hf18_Mo18_Ta18_Ti18_Zr18_n90,fcc,POCC_32_H2C7,2.0,pure_pocc_seed_vs_pure,4.942876887820386,1.7892552736416285,3.153621614178758,0.6116070623256066,0.7492379501128464,-0.13763088778723986
DPA2,bcc_to_fcc,POCC__fcc__POCC_33_H2C8__Hf18_Mo18_Ta18_Ti18_Zr18_n90,fcc,POCC_33_H2C8,2.0,pure_pocc_seed_vs_pure,4.91547251399432,1.6865543180308464,3.228918195963474,0.597173543363695,0.7134093272144646,-0.1162357838507696
DPA2,bcc_to_fcc,POCC__fcc__POCC_34_H2C10__Hf18_Mo18_Ta18_Ti18_Zr18_n90,fcc,POCC_34_H2C10,2.0,pure_pocc_seed_vs_pure,4.919434703101,1.5364573226239902,3.3829773804770102,0.5882389873503255,0.7284995414656285,-0.14026055411530292
DPA2,bcc_to_fcc,POCC__fcc__POCC_35_H2C12__Hf18_Mo18_Ta18_Ti18_Zr18_n90,fcc,POCC_35_H2C12,2.0,pure_pocc_seed_vs_pure,4.535583016280416,1.860904855360909,2.674678160919507,0.7129343415512276,0.7510844163934385,-0.03815007484221089
DPA2,bcc_to_fcc,POCC__fcc__POCC_36_H2C14__Hf18_Mo18_Ta18_Ti18_Zr18_n90,fcc,POCC_36_H2C14,2.0,pure_pocc_seed_vs_pure,4.934715325023624,1.7944086533840051,3.1403066716396184,0.5851299800343012,0.7394642774760211,-0.1543342974417199
DPA2,bcc_to_fcc,POCC__fcc__POCC_37_H3C0__Hf27_Mo27_Ta27_Ti27_Zr27_n135,fcc,POCC_37_H3C0,3.0,pure_pocc_seed_vs_pure,4.838954164451376,1.5615438148586884,3.277410349592688,0.6628837356594578,0.6529088412557543,0.009974894403703471
DPA2,bcc_to_fcc,POCC__fcc__POCC_38_H3C1__Hf27_Mo27_Ta27_Ti27_Zr27_n135,fcc,POCC_38_H3C1,3.0,pure_pocc_seed_vs_pure,4.744000386652012,2.537710235392911,2.2062901512591013,0.9829121582366,0.6188589834138797,0.36405317482272037
DPA2,bcc_to_fcc,POCC__fcc__POCC_39_H3C2__Hf27_Mo27_Ta27_Ti27_Zr27_n135,fcc,POCC_39_H3C2,3.0,pure_pocc_seed_vs_pure,4.751826777137643,2.3866388473266804,2.365187929810962,1.0453302524631676,0.5642358406944334,0.48109441176873413
DPA2,bcc_to_fcc,POCC__fcc__POCC_40_H3C3__Hf27_Mo27_Ta27_Ti27_Zr27_n135,fcc,POCC_40_H3C3,3.0,pure_pocc_seed_vs_pure,4.792222834513693,2.9145381323519723,1.8776847021617202,1.2991059730209842,0.6371181953933532,0.661987777627631
DPA2,bcc_to_fcc,POCC__fcc__POCC_49_H4C0__Hf27_Mo27_Ta27_Ti27_Zr27_n135,fcc,POCC_49_H4C0,4.0,pure_pocc_seed_vs_pure,5.491299392047603,1.5875789097831183,3.9037204822644846,0.6193040771597271,0.6795290774273846,-0.060225000267657425
DPA2,fcc_to_bcc,POCC__bcc__POCC_01_H0C0__Hf32_Mo32_Ta32_Ti32_Zr32_n160,bcc,POCC_01_H0C0,0.0,pure_pocc_seed_vs_pure,3.768064438661612,3.605939703571188,0.16212473509042358,1.3959716064901988,1.1179544579852525,0.2780171485049463
DPA2,fcc_to_bcc,POCC__bcc__POCC_02_H0C1__Hf32_Mo32_Ta32_Ti32_Zr32_n160,bcc,POCC_02_H0C1,0.0,pure_pocc_seed_vs_pure,3.702076723697792,3.6257679571370938,0.07630876656069807,1.4821346893529863,1.158423658382007,0.3237110309709794
DPA2,fcc_to_bcc,POCC__bcc__POCC_03_H0C2__Hf32_Mo32_Ta32_Ti32_Zr32_n160,bcc,POCC_03_H0C2,0.0,pure_pocc_seed_vs_pure,3.694110039599657,3.4414203766028204,0.2526896629968367,1.432296142653802,1.3155709900995098,0.11672515255429206
DPA2,fcc_to_bcc,POCC__bcc__POCC_04_H0C3__Hf32_Mo32_Ta32_Ti32_Zr32_n160,bcc,POCC_04_H0C3,0.0,pure_pocc_seed_vs_pure,3.560535818176704,3.560535818176704,0.0,1.9356140384745983,1.476911136816072,0.45870290165852645
DPA2,fcc_to_bcc,POCC__bcc__POCC_05_H0C4__Hf32_Mo32_Ta32_Ti32_Zr32_n160,bcc,POCC_05_H0C4,0.0,pure_pocc_seed_vs_pure,3.706039443735964,3.224428818414382,0.48161062532158194,1.0902940366753635,0.1836281233050737,0.9066659133702898
DPA2,fcc_to_bcc,POCC__bcc__POCC_06_H0C5__Hf32_Mo32_Ta32_Ti32_Zr32_n160,bcc,POCC_06_H0C5,0.0,pure_pocc_seed_vs_pure,3.722535757599767,3.258020384130901,0.46451537346886607,1.598562896953536,1.319474879314251,0.2790880176392849
DPA2,fcc_to_bcc,POCC__bcc__POCC_07_H0C6__Hf32_Mo32_Ta32_Ti32_Zr32_n160,bcc,POCC_07_H0C6,0.0,pure_pocc_seed_vs_pure,3.651528507323513,3.651528507323513,0.0,2.145161365431376,0.6997046532139201,1.4454567122174562
DPA2,fcc_to_bcc,POCC__bcc__POCC_08_H0C7__Hf32_Mo32_Ta32_Ti32_Zr32_n160,bcc,POCC_08_H0C7,0.0,pure_pocc_seed_vs_pure,3.6387879886336334,3.6387879886336334,0.0,1.6947549354668765,1.1387898317777791,0.5559651036890974
DPA2,fcc_to_bcc,POCC__bcc__POCC_09_H0C8__Hf32_Mo32_Ta32_Ti32_Zr32_n160,bcc,POCC_09_H0C8,0.0,pure_pocc_seed_vs_pure,3.699821302448133,3.43344049491946,0.26638080752867266,1.6034820052544154,1.3468916061325071,0.2565903991219083
DPA2,fcc_to_bcc,POCC__bcc__POCC_10_H0C10__Hf32_Mo32_Ta32_Ti32_Zr32_n160,bcc,POCC_10_H0C10,0.0,pure_pocc_seed_vs_pure,3.50165458128283,3.50165458128283,0.0,1.7827666909178124,1.32707719952146,0.4556894913963523
DPA2,fcc_to_bcc,POCC__bcc__POCC_11_H0C12__Hf32_Mo32_Ta32_Ti32_Zr32_n160,bcc,POCC_11_H0C12,0.0,pure_pocc_seed_vs_pure,3.657794283941296,3.657794283941296,0.0,1.7336666399209306,0.8069013059843131,0.9267653339366175
DPA2,fcc_to_bcc,POCC__bcc__POCC_12_H0C14__Hf32_Mo32_Ta32_Ti32_Zr32_n160,bcc,POCC_12_H0C14,0.0,pure_pocc_seed_vs_pure,3.773485589645493,3.636581111363588,0.13690447828190466,1.7710495322527944,1.0790320707309575,0.6920174615218369
DPA2,fcc_to_bcc,POCC__bcc__POCC_13_H1C0__Hf20_Mo20_Ta20_Ti20_Zr20_n100,bcc,POCC_13_H1C0,1.0,pure_pocc_seed_vs_pure,4.614244489334372,2.2568992149322744,2.357345274402098,0.8281506143570359,0.7878099919520436,0.040340622404992255
DPA2,fcc_to_bcc,POCC__bcc__POCC_14_H1C1__Hf20_Mo20_Ta20_Ti20_Zr20_n100,bcc,POCC_14_H1C1,1.0,pure_pocc_seed_vs_pure,4.5828648690984615,2.305596390376425,2.2772684787220365,0.7967954393709523,0.8185687326912922,-0.021773293320339837
DPA2,fcc_to_bcc,POCC__bcc__POCC_15_H1C2__Hf20_Mo20_Ta20_Ti20_Zr20_n100,bcc,POCC_15_H1C2,1.0,pure_pocc_seed_vs_pure,4.536847796753316,2.284670086192091,2.2521777105612246,0.9142810162754584,0.8360680472515618,0.07821296902389663
DPA2,fcc_to_bcc,POCC__bcc__POCC_16_H1C3__Hf20_Mo20_Ta20_Ti20_Zr20_n100,bcc,POCC_16_H1C3,1.0,pure_pocc_seed_vs_pure,4.543459208697742,2.298044631676593,2.2454145770211493,0.6908082393105217,0.818437667873408,-0.12762942856288628
DPA2,fcc_to_bcc,POCC__bcc__POCC_17_H1C4__Hf20_Mo20_Ta20_Ti20_Zr20_n100,bcc,POCC_17_H1C4,1.0,pure_pocc_seed_vs_pure,4.538349818639587,2.1601058364557444,2.378243982183843,0.6131945466668457,0.8046132945871513,-0.19141874792030555
DPA2,fcc_to_bcc,POCC__bcc__POCC_18_H1C5__Hf20_Mo20_Ta20_Ti20_Zr20_n100,bcc,POCC_18_H1C5,1.0,pure_pocc_seed_vs_pure,4.645216172711248,2.008228623362684,2.6369875493485644,0.7013412302537223,0.7521126527887952,-0.05077142253507294
DPA2,fcc_to_bcc,POCC__bcc__POCC_19_H1C6__Hf20_Mo20_Ta20_Ti20_Zr20_n100,bcc,POCC_19_H1C6,1.0,pure_pocc_seed_vs_pure,4.616096836140878,2.27053769003881,2.345559146102068,0.9873250983976564,0.8270976740718207,0.1602274243258357
DPA2,fcc_to_bcc,POCC__bcc__POCC_20_H1C7__Hf20_Mo20_Ta20_Ti20_Zr20_n100,bcc,POCC_20_H1C7,1.0,pure_pocc_seed_vs_pure,4.600806341790863,2.2769244700750813,2.3238818717157814,0.8065125013146662,0.8116113809593077,-0.0050988796446415074
DPA2,fcc_to_bcc,POCC__bcc__POCC_21_H1C8__Hf20_Mo20_Ta20_Ti20_Zr20_n100,bcc,POCC_21_H1C8,1.0,pure_pocc_seed_vs_pure,4.559043460387983,2.277341313211992,2.2817021471759906,0.7654972107743233,0.8234037710653366,-0.057906560291013265
DPA2,fcc_to_bcc,POCC__bcc__POCC_22_H1C10__Hf20_Mo20_Ta20_Ti20_Zr20_n100,bcc,POCC_22_H1C10,1.0,pure_pocc_seed_vs_pure,4.552208231616457,2.2866393090938644,2.2655689225225926,0.7551919601509817,0.8474670836217895,-0.0922751234708078
DPA2,fcc_to_bcc,POCC__bcc__POCC_23_H1C12__Hf20_Mo20_Ta20_Ti20_Zr20_n100,bcc,POCC_23_H1C12,1.0,pure_pocc_seed_vs_pure,4.623701578215881,2.263748873318788,2.359952704897093,0.9711992819153392,0.7941575671177391,0.1770417147976001
DPA2,fcc_to_bcc,POCC__bcc__POCC_24_H1C14__Hf20_Mo20_Ta20_Ti20_Zr20_n100,bcc,POCC_24_H1C14,1.0,pure_pocc_seed_vs_pure,4.594004810524294,2.2459853157484764,2.3480194947758175,0.6989500397762465,0.7853879955347078,-0.08643795575846136
DPA2,fcc_to_bcc,POCC__bcc__POCC_25_H2C0__Hf27_Mo27_Ta27_Ti27_Zr27_n135,bcc,POCC_25_H2C0,2.0,pure_pocc_seed_vs_pure,5.3689348107076444,0.0181476384705845,5.35078717223706,0.746517281648108,0.3841514031476423,0.36236587850046575
DPA2,fcc_to_bcc,POCC__bcc__POCC_33_H2C8__Hf27_Mo27_Ta27_Ti27_Zr27_n135,bcc,POCC_33_H2C8,2.0,pure_pocc_seed_vs_pure,5.263812417612762,3.0163189189737256,2.2474934986390362,0.6191716685681848,0.5479503430833825,0.07122132548480231
DPA2,fcc_to_bcc,POCC__bcc__POCC_34_H2C10__Hf27_Mo27_Ta27_Ti27_Zr27_n135,bcc,POCC_34_H2C10,2.0,pure_pocc_seed_vs_pure,4.891658029854182,2.8457826114306988,2.045875418423483,1.0062445925340309,0.6170089042439882,0.3892356882900426
DPA2,fcc_to_bcc,POCC__bcc__POCC_35_H2C12__Hf27_Mo27_Ta27_Ti27_Zr27_n135,bcc,POCC_35_H2C12,2.0,pure_pocc_seed_vs_pure,4.87352903288128,2.8350460711739207,2.0384829617073597,0.8034644226838628,0.5418830543894021,0.26158136829446066
DPA2,fcc_to_bcc,POCC__bcc__POCC_36_H2C14__Hf27_Mo27_Ta27_Ti27_Zr27_n135,bcc,POCC_36_H2C14,2.0,pure_pocc_seed_vs_pure,5.005874351140314,2.9369605921286275,2.068913759011686,0.732029469845138,0.5475897429696709,0.18443972687546706
DPA2,fcc_to_bcc,POCC__bcc__POCC_37_H3C0__Hf27_Mo27_Ta27_Ti27_Zr27_n135,bcc,POCC_37_H3C0,3.0,pure_pocc_seed_vs_pure,4.960231951961276,1.340655447164382,3.6195765047968944,0.5845637894213752,0.7413375111921056,-0.15677372177073035
DPA2,fcc_to_bcc,POCC__bcc__POCC_38_H4C0__Hf27_Mo27_Ta27_Ti27_Zr27_n135,bcc,POCC_38_H4C0,4.0,pure_pocc_seed_vs_pure,5.432127776753763,2.579198319437646,2.852929457316117,0.94005668677447,0.7396295523744343,0.20042713440003568
DPA2,fcc_to_bcc,POCC__bcc__POCC_39_H4C1__Hf27_Mo27_Ta27_Ti27_Zr27_n135,bcc,POCC_39_H4C1,4.0,pure_pocc_seed_vs_pure,5.432350480167885,2.671021693451697,2.7613287867161875,0.7649365055430863,0.7383853057707768,0.026551199772309575
DPA2,fcc_to_bcc,POCC__bcc__POCC_40_H4C2__Hf27_Mo27_Ta27_Ti27_Zr27_n135,bcc,POCC_40_H4C2,4.0,pure_pocc_seed_vs_pure,5.441472759376545,2.625977895136208,2.815494864240337,0.7952971195751694,0.7130983676839681,0.0821987518912013
DPA2,fcc_to_bcc,POCC__bcc__POCC_41_H4C3__Hf27_Mo27_Ta27_Ti27_Zr27_n135,bcc,POCC_41_H4C3,4.0,pure_pocc_seed_vs_pure,5.4730922037283785,2.578969895013417,2.8941223087149615,0.7470278733247169,0.7109242113781861,0.03610366194653081
DPA2,fcc_to_bcc,POCC__bcc__POCC_42_H4C4__Hf27_Mo27_Ta27_Ti27_Zr27_n135,bcc,POCC_42_H4C4,4.0,pure_pocc_seed_vs_pure,5.400468453212614,2.742285269413846,2.658183183798768,0.6281031595228782,0.7233923309748634,-0.09528917145198523
DPA2,fcc_to_bcc,POCC__bcc__POCC_43_H4C5__Hf27_Mo27_Ta27_Ti27_Zr27_n135,bcc,POCC_43_H4C5,4.0,pure_pocc_seed_vs_pure,5.395412733036429,2.733408818624248,2.6620039144121814,0.6855563776409026,0.7081433770499218,-0.022586999409019204
DPA2,fcc_to_bcc,POCC__bcc__POCC_44_H4C6__Hf27_Mo27_Ta27_Ti27_Zr27_n135,bcc,POCC_44_H4C6,4.0,pure_pocc_seed_vs_pure,5.498576913671456,2.4581440136647648,3.040432900006691,0.7517340873809217,0.7590542436140252,-0.0073201562331034475
DPA2,fcc_to_bcc,POCC__bcc__POCC_45_H4C7__Hf27_Mo27_Ta27_Ti27_Zr27_n135,bcc,POCC_45_H4C7,4.0,pure_pocc_seed_vs_pure,5.425115167796466,2.647108788948511,2.778006378847955,0.7418645876407879,0.7583844946158899,-0.016519906975101972
DPA2,fcc_to_bcc,POCC__bcc__POCC_46_H4C8__Hf27_Mo27_Ta27_Ti27_Zr27_n135,bcc,POCC_46_H4C8,4.0,pure_pocc_seed_vs_pure,5.520309438178991,2.444979961257528,3.075329476921463,0.8203497546365934,0.7036867204029796,0.1166630342336138
DPA2,fcc_to_bcc,POCC__bcc__POCC_47_H4C10__Hf27_Mo27_Ta27_Ti27_Zr27_n135,bcc,POCC_47_H4C10,4.0,pure_pocc_seed_vs_pure,5.491801119518442,1.6568688706154575,3.8349322489029847,0.6093329647457945,0.6997944603962909,-0.09046149565049644
DPA2,fcc_to_bcc,POCC__bcc__POCC_48_H4C12__Hf27_Mo27_Ta27_Ti27_Zr27_n135,bcc,POCC_48_H4C12,4.0,pure_pocc_seed_vs_pure,5.491008477984291,2.4673897860529603,3.023618691931331,0.7135191108339349,0.7455342951415801,-0.03201518430764516
DPA2,fcc_to_bcc,POCC__bcc__POCC_49_H4C14__Hf27_Mo27_Ta27_Ti27_Zr27_n135,bcc,POCC_49_H4C14,4.0,pure_pocc_seed_vs_pure,5.462055158842634,2.603772302566368,2.8582828562762654,0.7528244981261027,0.7506115686553828,0.0022129294707199376
DPA3,bcc_to_fcc,POCC__fcc__POCC_01_H0C0__Hf27_Mo27_Ta27_Ti27_Zr27_n135,fcc,POCC_01_H0C0,0.0,pure_pocc_seed_vs_pure,3.797831784744021,2.9547787848723623,0.8430529998716585,0.4467478441863267,0.7505225251202252,-0.30377468093389853
DPA3,bcc_to_fcc,POCC__fcc__POCC_02_H0C1__Hf27_Mo27_Ta27_Ti27_Zr27_n135,fcc,POCC_02_H0C1,0.0,pure_pocc_seed_vs_pure,3.613411109470228,3.00956030890246,0.6038508005677681,0.433064049923954,0.734044050724608,-0.300980000800654
DPA3,bcc_to_fcc,POCC__fcc__POCC_03_H0C2__Hf27_Mo27_Ta27_Ti27_Zr27_n135,fcc,POCC_03_H0C2,0.0,pure_pocc_seed_vs_pure,3.68521101986824,2.894957529469599,0.7902534903986411,0.5344315241425251,0.6262006375448868,-0.0917691134023616
DPA3,bcc_to_fcc,POCC__fcc__POCC_04_H0C3__Hf27_Mo27_Ta27_Ti27_Zr27_n135,fcc,POCC_04_H0C3,0.0,pure_pocc_seed_vs_pure,3.656619899373652,2.8890393730533,0.7675805263203519,0.4413853441232914,0.6029780406068864,-0.16159269648359503
DPA3,bcc_to_fcc,POCC__fcc__POCC_05_H0C4__Hf27_Mo27_Ta27_Ti27_Zr27_n135,fcc,POCC_05_H0C4,0.0,pure_pocc_seed_vs_pure,3.750967687948602,2.966243481945296,0.7847242060033057,0.466811541608059,0.6821917811352983,-0.21538023952723934
DPA3,bcc_to_fcc,POCC__fcc__POCC_06_H0C5__Hf27_Mo27_Ta27_Ti27_Zr27_n135,fcc,POCC_06_H0C5,0.0,pure_pocc_seed_vs_pure,3.753433696195695,2.867969675769885,0.8854640204258102,0.4370608395285671,0.675531054348417,-0.23847021481984987
DPA3,bcc_to_fcc,POCC__fcc__POCC_07_H0C6__Hf27_Mo27_Ta27_Ti27_Zr27_n135,fcc,POCC_07_H0C6,0.0,pure_pocc_seed_vs_pure,3.686280272313149,3.02028062478212,0.665999647531029,0.5979126199412363,0.6845664804964479,-0.08665386055521151
DPA3,bcc_to_fcc,POCC__fcc__POCC_08_H0C7__Hf27_Mo27_Ta27_Ti27_Zr27_n135,fcc,POCC_08_H0C7,0.0,pure_pocc_seed_vs_pure,4.460461985632337,3.427094457151293,1.033367528481044,0.4768251326388017,0.680559141627635,-0.20373400898883326
DPA3,bcc_to_fcc,POCC__fcc__POCC_09_H0C8__Hf27_Mo27_Ta27_Ti27_Zr27_n135,fcc,POCC_09_H0C8,0.0,pure_pocc_seed_vs_pure,3.9364383302166073,3.169478698464788,0.7669596317518192,0.4402331469938825,0.6379329887549526,-0.19769984176107014
DPA3,bcc_to_fcc,POCC__fcc__POCC_10_H0C10__Hf27_Mo27_Ta27_Ti27_Zr27_n135,fcc,POCC_10_H0C10,0.0,pure_pocc_seed_vs_pure,3.861582018914048,3.2401455248476894,0.6214364940663586,0.4880966551357881,0.6463645872735458,-0.15826793213775775
DPA3,bcc_to_fcc,POCC__fcc__POCC_11_H0C12__Hf27_Mo27_Ta27_Ti27_Zr27_n135,fcc,POCC_11_H0C12,0.0,pure_pocc_seed_vs_pure,3.9207517692476896,2.9301676436795057,0.990584125568184,0.5677785707482705,0.6564958989078058,-0.08871732815953526
DPA3,bcc_to_fcc,POCC__fcc__POCC_12_H0C14__Hf27_Mo27_Ta27_Ti27_Zr27_n135,fcc,POCC_12_H0C14,0.0,pure_pocc_seed_vs_pure,3.902761963012279,2.987790529007293,0.9149714340049862,0.4796992938091132,0.6907394782213699,-0.21104018441225675
DPA3,bcc_to_fcc,POCC__fcc__POCC_13_H1C0__Hf27_Mo27_Ta27_Ti27_Zr27_n135,fcc,POCC_13_H1C0,1.0,pure_pocc_seed_vs_pure,4.591236371043089,2.1522532827227314,2.4389830883203576,0.3814595813127927,0.7027373814878163,-0.3212778001750236
DPA3,bcc_to_fcc,POCC__fcc__POCC_14_H1C1__Hf27_Mo27_Ta27_Ti27_Zr27_n135,fcc,POCC_14_H1C1,1.0,pure_pocc_seed_vs_pure,4.637904564793718,1.9211785924776992,2.716725972316019,0.3427844060088587,0.6841910096933421,-0.34140660368448345
DPA3,bcc_to_fcc,POCC__fcc__POCC_15_H1C2__Hf27_Mo27_Ta27_Ti27_Zr27_n135,fcc,POCC_15_H1C2,1.0,pure_pocc_seed_vs_pure,4.590176213213372,1.973448117723984,2.616728095489388,0.3517462578453998,0.6988191626163833,-0.3470729047709835
DPA3,bcc_to_fcc,POCC__fcc__POCC_16_H1C3__Hf27_Mo27_Ta27_Ti27_Zr27_n135,fcc,POCC_16_H1C3,1.0,pure_pocc_seed_vs_pure,4.635574208776912,1.86194780225166,2.7736264065252523,0.3485212944162904,0.6715790424548523,-0.32305774803856196
DPA3,bcc_to_fcc,POCC__fcc__POCC_17_H1C4__Hf27_Mo27_Ta27_Ti27_Zr27_n135,fcc,POCC_17_H1C4,1.0,pure_pocc_seed_vs_pure,4.888774620120708,2.800884087183276,2.087890532937432,0.4242195697618075,0.5751237994894447,-0.15090422972763717
DPA3,bcc_to_fcc,POCC__fcc__POCC_18_H1C5__Hf27_Mo27_Ta27_Ti27_Zr27_n135,fcc,POCC_18_H1C5,1.0,pure_pocc_seed_vs_pure,4.898780688729807,2.909361356700729,1.9894193320290778,0.4574350415376579,0.5695175150121422,-0.1120824734744843
DPA3,bcc_to_fcc,POCC__fcc__POCC_19_H1C6__Hf27_Mo27_Ta27_Ti27_Zr27_n135,fcc,POCC_19_H1C6,1.0,pure_pocc_seed_vs_pure,4.644509765763365,1.7311362200854732,2.9133735456778918,0.3322759305532948,0.6862661567703803,-0.3539902262170855
DPA3,bcc_to_fcc,POCC__fcc__POCC_20_H1C7__Hf27_Mo27_Ta27_Ti27_Zr27_n135,fcc,POCC_20_H1C7,1.0,pure_pocc_seed_vs_pure,4.696960908069379,2.1062420236920216,2.590718884377357,0.3355871840258967,0.6743143632837261,-0.33872717925782936
DPA3,bcc_to_fcc,POCC__fcc__POCC_21_H1C8__Hf27_Mo27_Ta27_Ti27_Zr27_n135,fcc,POCC_21_H1C8,1.0,pure_pocc_seed_vs_pure,4.632958616969924,2.096775682971808,2.5361829339981163,0.3204128935083825,0.6492435856500242,-0.3288306921416417
DPA3,bcc_to_fcc,POCC__fcc__POCC_22_H1C10__Hf27_Mo27_Ta27_Ti27_Zr27_n135,fcc,POCC_22_H1C10,1.0,pure_pocc_seed_vs_pure,4.672065832014681,2.083182234946628,2.5888835970680533,0.3159892989153032,0.6659513260468235,-0.3499620271315203
DPA3,bcc_to_fcc,POCC__fcc__POCC_23_H1C12__Hf27_Mo27_Ta27_Ti27_Zr27_n135,fcc,POCC_23_H1C12,1.0,pure_pocc_seed_vs_pure,4.63962121576174,1.853843249890791,2.785777965870949,0.3165574022733595,0.6927598881127045,-0.376202485839345
DPA3,bcc_to_fcc,POCC__fcc__POCC_24_H1C14__Hf27_Mo27_Ta27_Ti27_Zr27_n135,fcc,POCC_24_H1C14,1.0,pure_pocc_seed_vs_pure,4.7379404198303225,2.34307922577554,2.3948611940547826,0.3373067556300658,0.6657471593746584,-0.32844040374459266
DPA3,bcc_to_fcc,POCC__fcc__POCC_25_H2C0__Hf18_Mo18_Ta18_Ti18_Zr18_n90,fcc,POCC_25_H2C0,2.0,pure_pocc_seed_vs_pure,4.925002121311918,1.581541363287856,3.3434607580240616,0.4810755274287187,0.7068270647723468,-0.22575153734362813
DPA3,bcc_to_fcc,POCC__fcc__POCC_26_H2C1__Hf18_Mo18_Ta18_Ti18_Zr18_n90,fcc,POCC_26_H2C1,2.0,pure_pocc_seed_vs_pure,4.913785815971577,1.691849010222391,3.221936805749186,0.4808355573327811,0.719122409654946,-0.2382868523221649
DPA3,bcc_to_fcc,POCC__fcc__POCC_27_H2C2__Hf18_Mo18_Ta18_Ti18_Zr18_n90,fcc,POCC_27_H2C2,2.0,pure_pocc_seed_vs_pure,4.957881753754508,1.808580901416576,3.149300852337932,0.4643529167964662,0.7034553081702546,-0.23910239137378841
DPA3,bcc_to_fcc,POCC__fcc__POCC_28_H2C3__Hf18_Mo18_Ta18_Ti18_Zr18_n90,fcc,POCC_28_H2C3,2.0,pure_pocc_seed_vs_pure,4.941155028037018,1.701716863808337,3.239438164228681,0.474505904488925,0.704518707900353,-0.230012803411428
DPA3,bcc_to_fcc,POCC__fcc__POCC_29_H2C4__Hf18_Mo18_Ta18_Ti18_Zr18_n90,fcc,POCC_29_H2C4,2.0,pure_pocc_seed_vs_pure,4.910908685293982,1.8493996274191955,3.061509057874786,0.4482082284788346,0.7014624313602386,-0.25325420288140393
DPA3,bcc_to_fcc,POCC__fcc__POCC_30_H2C5__Hf18_Mo18_Ta18_Ti18_Zr18_n90,fcc,POCC_30_H2C5,2.0,pure_pocc_seed_vs_pure,4.9343153342501775,1.8316162615947065,3.1026990726554713,0.4487616079915207,0.7102240119581874,-0.2614624039666667
DPA3,bcc_to_fcc,POCC__fcc__POCC_31_H2C6__Hf18_Mo18_Ta18_Ti18_Zr18_n90,fcc,POCC_31_H2C6,2.0,pure_pocc_seed_vs_pure,4.535763386264398,1.9141184106174367,2.621644975646961,0.3802628532224432,0.7254456979166977,-0.3451828446942545
DPA3,bcc_to_fcc,POCC__fcc__POCC_32_H2C7__Hf18_Mo18_Ta18_Ti18_Zr18_n90,fcc,POCC_32_H2C7,2.0,pure_pocc_seed_vs_pure,4.942876887820386,1.7892552736416285,3.153621614178758,0.4641385636818961,0.7151074344959187,-0.25096887081402264
DPA3,bcc_to_fcc,POCC__fcc__POCC_33_H2C8__Hf18_Mo18_Ta18_Ti18_Zr18_n90,fcc,POCC_33_H2C8,2.0,pure_pocc_seed_vs_pure,4.91547251399432,1.6865543180308464,3.228918195963474,0.4723806800864344,0.6888523199986406,-0.2164716399122062
DPA3,bcc_to_fcc,POCC__fcc__POCC_34_H2C10__Hf18_Mo18_Ta18_Ti18_Zr18_n90,fcc,POCC_34_H2C10,2.0,pure_pocc_seed_vs_pure,4.919434703101,1.5364573226239902,3.3829773804770102,0.4704810924848794,0.7029013952679805,-0.23242030278310105
DPA3,bcc_to_fcc,POCC__fcc__POCC_35_H2C12__Hf18_Mo18_Ta18_Ti18_Zr18_n90,fcc,POCC_35_H2C12,2.0,pure_pocc_seed_vs_pure,4.535583016280416,1.860904855360909,2.674678160919507,0.389413214360484,0.718264036367044,-0.32885082200655996
DPA3,bcc_to_fcc,POCC__fcc__POCC_36_H2C14__Hf18_Mo18_Ta18_Ti18_Zr18_n90,fcc,POCC_36_H2C14,2.0,pure_pocc_seed_vs_pure,4.934715325023624,1.7944086533840051,3.1403066716396184,0.4878297635991807,0.7153667228203667,-0.22753695922118605
DPA3,bcc_to_fcc,POCC__fcc__POCC_37_H3C0__Hf27_Mo27_Ta27_Ti27_Zr27_n135,fcc,POCC_37_H3C0,3.0,pure_pocc_seed_vs_pure,4.838954164451376,1.5615438148586884,3.277410349592688,0.366214332325925,0.644448645828777,-0.27823431350285205
DPA3,bcc_to_fcc,POCC__fcc__POCC_38_H3C1__Hf27_Mo27_Ta27_Ti27_Zr27_n135,fcc,POCC_38_H3C1,3.0,pure_pocc_seed_vs_pure,4.744000386652012,2.537710235392911,2.2062901512591013,0.3972939572038702,0.6327299165276683,-0.23543595932379813
DPA3,bcc_to_fcc,POCC__fcc__POCC_39_H3C2__Hf27_Mo27_Ta27_Ti27_Zr27_n135,fcc,POCC_39_H3C2,3.0,pure_pocc_seed_vs_pure,4.751826777137643,2.3866388473266804,2.365187929810962,0.4095296579872648,0.5295678596690414,-0.12003820168177659
DPA3,bcc_to_fcc,POCC__fcc__POCC_40_H3C3__Hf27_Mo27_Ta27_Ti27_Zr27_n135,fcc,POCC_40_H3C3,3.0,pure_pocc_seed_vs_pure,4.792222834513693,2.9145381323519723,1.8776847021617202,0.3776640566904441,0.5878157245753588,-0.21015166788491468
DPA3,bcc_to_fcc,POCC__fcc__POCC_49_H4C0__Hf27_Mo27_Ta27_Ti27_Zr27_n135,fcc,POCC_49_H4C0,4.0,pure_pocc_seed_vs_pure,5.491299392047603,1.5875789097831183,3.9037204822644846,0.3594306993395714,0.6371530674086341,-0.2777223680690627
DPA3,fcc_to_bcc,POCC__bcc__POCC_01_H0C0__Hf32_Mo32_Ta32_Ti32_Zr32_n160,bcc,POCC_01_H0C0,0.0,pure_pocc_seed_vs_pure,3.768064438661612,3.605939703571188,0.16212473509042358,1.150505772108357,1.648178776425806,-0.4976730043174491
DPA3,fcc_to_bcc,POCC__bcc__POCC_02_H0C1__Hf32_Mo32_Ta32_Ti32_Zr32_n160,bcc,POCC_02_H0C1,0.0,pure_pocc_seed_vs_pure,3.702076723697792,3.6257679571370938,0.07630876656069807,2.126923730805641,1.2452838979944445,0.8816398328111965
DPA3,fcc_to_bcc,POCC__bcc__POCC_03_H0C2__Hf32_Mo32_Ta32_Ti32_Zr32_n160,bcc,POCC_03_H0C2,0.0,pure_pocc_seed_vs_pure,3.694110039599657,3.4414203766028204,0.2526896629968367,2.605683472737025,1.2458346540877263,1.3598488186492987
DPA3,fcc_to_bcc,POCC__bcc__POCC_04_H0C3__Hf32_Mo32_Ta32_Ti32_Zr32_n160,bcc,POCC_04_H0C3,0.0,pure_pocc_seed_vs_pure,3.560535818176704,3.560535818176704,0.0,0.9488458539001712,1.2889963886589628,-0.34015053475879165
DPA3,fcc_to_bcc,POCC__bcc__POCC_05_H0C4__Hf32_Mo32_Ta32_Ti32_Zr32_n160,bcc,POCC_05_H0C4,0.0,pure_pocc_seed_vs_pure,3.706039443735964,3.224428818414382,0.48161062532158194,0.2169862160801879,0.1521346278594598,0.06485158822072809
DPA3,fcc_to_bcc,POCC__bcc__POCC_06_H0C5__Hf32_Mo32_Ta32_Ti32_Zr32_n160,bcc,POCC_06_H0C5,0.0,pure_pocc_seed_vs_pure,3.722535757599767,3.258020384130901,0.46451537346886607,0.9942401096123358,1.1038114605608078,-0.10957135094847203
DPA3,fcc_to_bcc,POCC__bcc__POCC_07_H0C6__Hf32_Mo32_Ta32_Ti32_Zr32_n160,bcc,POCC_07_H0C6,0.0,pure_pocc_seed_vs_pure,3.651528507323513,3.651528507323513,0.0,7.122487755072547,2.831708808172981,4.290778946899566
DPA3,fcc_to_bcc,POCC__bcc__POCC_08_H0C7__Hf32_Mo32_Ta32_Ti32_Zr32_n160,bcc,POCC_08_H0C7,0.0,pure_pocc_seed_vs_pure,3.6387879886336334,3.6387879886336334,0.0,1.3744411557735925,1.3212806326037725,0.053160523169820006
DPA3,fcc_to_bcc,POCC__bcc__POCC_09_H0C8__Hf32_Mo32_Ta32_Ti32_Zr32_n160,bcc,POCC_09_H0C8,0.0,pure_pocc_seed_vs_pure,3.699821302448133,3.43344049491946,0.26638080752867266,1.6793491866020385,1.7282841014158796,-0.04893491481384116
DPA3,fcc_to_bcc,POCC__bcc__POCC_10_H0C10__Hf32_Mo32_Ta32_Ti32_Zr32_n160,bcc,POCC_10_H0C10,0.0,pure_pocc_seed_vs_pure,3.50165458128283,3.50165458128283,0.0,0.946369028290226,1.1979912845559717,-0.25162225626574575
DPA3,fcc_to_bcc,POCC__bcc__POCC_11_H0C12__Hf32_Mo32_Ta32_Ti32_Zr32_n160,bcc,POCC_11_H0C12,0.0,pure_pocc_seed_vs_pure,3.657794283941296,3.657794283941296,0.0,2.14446921943747,1.1768936156167829,0.9675756038206871
DPA3,fcc_to_bcc,POCC__bcc__POCC_12_H0C14__Hf32_Mo32_Ta32_Ti32_Zr32_n160,bcc,POCC_12_H0C14,0.0,pure_pocc_seed_vs_pure,3.773485589645493,3.636581111363588,0.13690447828190466,1.043760970459463,1.2547560298854958,-0.2109950594260328
DPA3,fcc_to_bcc,POCC__bcc__POCC_13_H1C0__Hf20_Mo20_Ta20_Ti20_Zr20_n100,bcc,POCC_13_H1C0,1.0,pure_pocc_seed_vs_pure,4.614244489334372,2.2568992149322744,2.357345274402098,0.357047219558265,0.6749136765985749,-0.3178664570403099
DPA3,fcc_to_bcc,POCC__bcc__POCC_14_H1C1__Hf20_Mo20_Ta20_Ti20_Zr20_n100,bcc,POCC_14_H1C1,1.0,pure_pocc_seed_vs_pure,4.5828648690984615,2.305596390376425,2.2772684787220365,0.3457660836235008,0.7017202459890938,-0.35595416236559296
DPA3,fcc_to_bcc,POCC__bcc__POCC_15_H1C2__Hf20_Mo20_Ta20_Ti20_Zr20_n100,bcc,POCC_15_H1C2,1.0,pure_pocc_seed_vs_pure,4.536847796753316,2.284670086192091,2.2521777105612246,0.305929076052322,0.7246829329719403,-0.4187538569196183
DPA3,fcc_to_bcc,POCC__bcc__POCC_16_H1C3__Hf20_Mo20_Ta20_Ti20_Zr20_n100,bcc,POCC_16_H1C3,1.0,pure_pocc_seed_vs_pure,4.543459208697742,2.298044631676593,2.2454145770211493,0.3505334110533221,0.7084102623031308,-0.35787685124980867
DPA3,fcc_to_bcc,POCC__bcc__POCC_17_H1C4__Hf20_Mo20_Ta20_Ti20_Zr20_n100,bcc,POCC_17_H1C4,1.0,pure_pocc_seed_vs_pure,4.538349818639587,2.1601058364557444,2.378243982183843,0.3749465169250283,0.7183672628767678,-0.3434207459517395
DPA3,fcc_to_bcc,POCC__bcc__POCC_18_H1C5__Hf20_Mo20_Ta20_Ti20_Zr20_n100,bcc,POCC_18_H1C5,1.0,pure_pocc_seed_vs_pure,4.645216172711248,2.008228623362684,2.6369875493485644,0.3752171187946704,0.6479985893737703,-0.2727814705790999
DPA3,fcc_to_bcc,POCC__bcc__POCC_19_H1C6__Hf20_Mo20_Ta20_Ti20_Zr20_n100,bcc,POCC_19_H1C6,1.0,pure_pocc_seed_vs_pure,4.616096836140878,2.27053769003881,2.345559146102068,0.3230144428148746,0.7007407461949637,-0.3777263033800891
DPA3,fcc_to_bcc,POCC__bcc__POCC_20_H1C7__Hf20_Mo20_Ta20_Ti20_Zr20_n100,bcc,POCC_20_H1C7,1.0,pure_pocc_seed_vs_pure,4.600806341790863,2.2769244700750813,2.3238818717157814,0.3538453385027332,0.6910953607604984,-0.3372500222577652
DPA3,fcc_to_bcc,POCC__bcc__POCC_21_H1C8__Hf20_Mo20_Ta20_Ti20_Zr20_n100,bcc,POCC_21_H1C8,1.0,pure_pocc_seed_vs_pure,4.559043460387983,2.277341313211992,2.2817021471759906,0.3017604563239581,0.7157861796532133,-0.41402572332925525
DPA3,fcc_to_bcc,POCC__bcc__POCC_22_H1C10__Hf20_Mo20_Ta20_Ti20_Zr20_n100,bcc,POCC_22_H1C10,1.0,pure_pocc_seed_vs_pure,4.552208231616457,2.2866393090938644,2.2655689225225926,0.3312057861011981,0.7261586022675429,-0.3949528161663448
DPA3,fcc_to_bcc,POCC__bcc__POCC_23_H1C12__Hf20_Mo20_Ta20_Ti20_Zr20_n100,bcc,POCC_23_H1C12,1.0,pure_pocc_seed_vs_pure,4.623701578215881,2.263748873318788,2.359952704897093,0.3113802191743426,0.6813151006939734,-0.3699348815196308
DPA3,fcc_to_bcc,POCC__bcc__POCC_24_H1C14__Hf20_Mo20_Ta20_Ti20_Zr20_n100,bcc,POCC_24_H1C14,1.0,pure_pocc_seed_vs_pure,4.594004810524294,2.2459853157484764,2.3480194947758175,0.3396746796980629,0.6838573422007406,-0.34418266250267765
DPA3,fcc_to_bcc,POCC__bcc__POCC_25_H2C0__Hf27_Mo27_Ta27_Ti27_Zr27_n135,bcc,POCC_25_H2C0,2.0,pure_pocc_seed_vs_pure,5.3689348107076444,0.0181476384705845,5.35078717223706,0.2912991629575876,0.4003328616763327,-0.10903369871874508
DPA3,fcc_to_bcc,POCC__bcc__POCC_33_H2C8__Hf27_Mo27_Ta27_Ti27_Zr27_n135,bcc,POCC_33_H2C8,2.0,pure_pocc_seed_vs_pure,5.263812417612762,3.0163189189737256,2.2474934986390362,0.4205524272812777,0.5018861463242608,-0.08133371904298309
DPA3,fcc_to_bcc,POCC__bcc__POCC_34_H2C10__Hf27_Mo27_Ta27_Ti27_Zr27_n135,bcc,POCC_34_H2C10,2.0,pure_pocc_seed_vs_pure,4.891658029854182,2.8457826114306988,2.045875418423483,0.3611923211039373,0.5703030021885308,-0.20911068108459352
DPA3,fcc_to_bcc,POCC__bcc__POCC_35_H2C12__Hf27_Mo27_Ta27_Ti27_Zr27_n135,bcc,POCC_35_H2C12,2.0,pure_pocc_seed_vs_pure,4.87352903288128,2.8350460711739207,2.0384829617073597,0.4340901964678386,0.6051909966987006,-0.171100800230862
DPA3,fcc_to_bcc,POCC__bcc__POCC_36_H2C14__Hf27_Mo27_Ta27_Ti27_Zr27_n135,bcc,POCC_36_H2C14,2.0,pure_pocc_seed_vs_pure,5.005874351140314,2.9369605921286275,2.068913759011686,0.4066417527614415,0.5725906940328882,-0.16594894127144671
DPA3,fcc_to_bcc,POCC__bcc__POCC_37_H3C0__Hf27_Mo27_Ta27_Ti27_Zr27_n135,bcc,POCC_37_H3C0,3.0,pure_pocc_seed_vs_pure,4.960231951961276,1.340655447164382,3.6195765047968944,0.4650935077073167,0.6581074561364615,-0.19301394842914477
DPA3,fcc_to_bcc,POCC__bcc__POCC_38_H4C0__Hf27_Mo27_Ta27_Ti27_Zr27_n135,bcc,POCC_38_H4C0,4.0,pure_pocc_seed_vs_pure,5.432127776753763,2.579198319437646,2.852929457316117,0.4917579657009324,0.5692716117175313,-0.07751364601659888
DPA3,fcc_to_bcc,POCC__bcc__POCC_39_H4C1__Hf27_Mo27_Ta27_Ti27_Zr27_n135,bcc,POCC_39_H4C1,4.0,pure_pocc_seed_vs_pure,5.432350480167885,2.671021693451697,2.7613287867161875,0.5160752005089488,0.5974084425288063,-0.08133324201985748
DPA3,fcc_to_bcc,POCC__bcc__POCC_40_H4C2__Hf27_Mo27_Ta27_Ti27_Zr27_n135,bcc,POCC_40_H4C2,4.0,pure_pocc_seed_vs_pure,5.441472759376545,2.625977895136208,2.815494864240337,0.3513241034771142,0.5831673798777732,-0.23184327640065905
DPA3,fcc_to_bcc,POCC__bcc__POCC_41_H4C3__Hf27_Mo27_Ta27_Ti27_Zr27_n135,bcc,POCC_41_H4C3,4.0,pure_pocc_seed_vs_pure,5.4730922037283785,2.578969895013417,2.8941223087149615,0.3689456524602722,0.610792204526208,-0.24184655206593575
DPA3,fcc_to_bcc,POCC__bcc__POCC_42_H4C4__Hf27_Mo27_Ta27_Ti27_Zr27_n135,bcc,POCC_42_H4C4,4.0,pure_pocc_seed_vs_pure,5.400468453212614,2.742285269413846,2.658183183798768,0.3785396069242638,0.5818528350895167,-0.20331322816525288
DPA3,fcc_to_bcc,POCC__bcc__POCC_43_H4C5__Hf27_Mo27_Ta27_Ti27_Zr27_n135,bcc,POCC_43_H4C5,4.0,pure_pocc_seed_vs_pure,5.395412733036429,2.733408818624248,2.6620039144121814,0.3797842013790691,0.5705234510161912,-0.19073924963712208
DPA3,fcc_to_bcc,POCC__bcc__POCC_44_H4C6__Hf27_Mo27_Ta27_Ti27_Zr27_n135,bcc,POCC_44_H4C6,4.0,pure_pocc_seed_vs_pure,5.498576913671456,2.4581440136647648,3.040432900006691,0.464345791274616,0.6006823088862044,-0.13633651761158844
DPA3,fcc_to_bcc,POCC__bcc__POCC_45_H4C7__Hf27_Mo27_Ta27_Ti27_Zr27_n135,bcc,POCC_45_H4C7,4.0,pure_pocc_seed_vs_pure,5.425115167796466,2.647108788948511,2.778006378847955,0.4846869865422161,0.5901475184210228,-0.10546053187880666
DPA3,fcc_to_bcc,POCC__bcc__POCC_46_H4C8__Hf27_Mo27_Ta27_Ti27_Zr27_n135,bcc,POCC_46_H4C8,4.0,pure_pocc_seed_vs_pure,5.520309438178991,2.444979961257528,3.075329476921463,0.3429393846079086,0.5623729297481469,-0.21943354514023827
DPA3,fcc_to_bcc,POCC__bcc__POCC_47_H4C10__Hf27_Mo27_Ta27_Ti27_Zr27_n135,bcc,POCC_47_H4C10,4.0,pure_pocc_seed_vs_pure,5.491801119518442,1.6568688706154575,3.8349322489029847,0.3627213105694557,0.6027465607531934,-0.24002525018373772
DPA3,fcc_to_bcc,POCC__bcc__POCC_48_H4C12__Hf27_Mo27_Ta27_Ti27_Zr27_n135,bcc,POCC_48_H4C12,4.0,pure_pocc_seed_vs_pure,5.491008477984291,2.4673897860529603,3.023618691931331,0.459151377978436,0.5881001262280912,-0.12894874824965513
DPA3,fcc_to_bcc,POCC__bcc__POCC_49_H4C14__Hf27_Mo27_Ta27_Ti27_Zr27_n135,bcc,POCC_49_H4C14,4.0,pure_pocc_seed_vs_pure,5.462055158842634,2.603772302566368,2.8582828562762654,0.4909204273317474,0.5569771242766333,-0.06605669694488586
DPA4,bcc_to_fcc,POCC__fcc__POCC_01_H0C0__Hf27_Mo27_Ta27_Ti27_Zr27_n135,fcc,POCC_01_H0C0,0.0,pure_pocc_seed_vs_pure,3.797831784744021,2.9547787848723623,0.8430529998716585,0.4781916559338662,0.421465380770872,0.05672627516299422
DPA4,bcc_to_fcc,POCC__fcc__POCC_02_H0C1__Hf27_Mo27_Ta27_Ti27_Zr27_n135,fcc,POCC_02_H0C1,0.0,pure_pocc_seed_vs_pure,3.613411109470228,3.00956030890246,0.6038508005677681,0.583919997603989,0.449854989213927,0.13406500839006202
DPA4,bcc_to_fcc,POCC__fcc__POCC_03_H0C2__Hf27_Mo27_Ta27_Ti27_Zr27_n135,fcc,POCC_03_H0C2,0.0,pure_pocc_seed_vs_pure,3.68521101986824,2.894957529469599,0.7902534903986411,0.5650640462778416,0.6722304456433593,-0.10716639936551775
DPA4,bcc_to_fcc,POCC__fcc__POCC_04_H0C3__Hf27_Mo27_Ta27_Ti27_Zr27_n135,fcc,POCC_04_H0C3,0.0,pure_pocc_seed_vs_pure,3.656619899373652,2.8890393730533,0.7675805263203519,0.6232014388635883,0.6829396543556104,-0.059738215492022184
DPA4,bcc_to_fcc,POCC__fcc__POCC_05_H0C4__Hf27_Mo27_Ta27_Ti27_Zr27_n135,fcc,POCC_05_H0C4,0.0,pure_pocc_seed_vs_pure,3.750967687948602,2.966243481945296,0.7847242060033057,0.5530900866672998,0.5178363383202415,0.0352537483470583
DPA4,bcc_to_fcc,POCC__fcc__POCC_06_H0C5__Hf27_Mo27_Ta27_Ti27_Zr27_n135,fcc,POCC_06_H0C5,0.0,pure_pocc_seed_vs_pure,3.753433696195695,2.867969675769885,0.8854640204258102,0.515037173567082,0.4501843458196199,0.0648528277474621
DPA4,bcc_to_fcc,POCC__fcc__POCC_07_H0C6__Hf27_Mo27_Ta27_Ti27_Zr27_n135,fcc,POCC_07_H0C6,0.0,pure_pocc_seed_vs_pure,3.686280272313149,3.02028062478212,0.665999647531029,0.5458470744705273,0.4738222691567708,0.07202480531375649
DPA4,bcc_to_fcc,POCC__fcc__POCC_08_H0C7__Hf27_Mo27_Ta27_Ti27_Zr27_n135,fcc,POCC_08_H0C7,0.0,pure_pocc_seed_vs_pure,4.460461985632337,3.427094457151293,1.033367528481044,0.6811520490096824,0.5468346313831238,0.13431741762655858
DPA4,bcc_to_fcc,POCC__fcc__POCC_09_H0C8__Hf27_Mo27_Ta27_Ti27_Zr27_n135,fcc,POCC_09_H0C8,0.0,pure_pocc_seed_vs_pure,3.9364383302166073,3.169478698464788,0.7669596317518192,0.6219807498147131,0.6135076380492676,0.008473111765445518
DPA4,bcc_to_fcc,POCC__fcc__POCC_10_H0C10__Hf27_Mo27_Ta27_Ti27_Zr27_n135,fcc,POCC_10_H0C10,0.0,pure_pocc_seed_vs_pure,3.861582018914048,3.2401455248476894,0.6214364940663586,0.655838509588803,0.6162961069268356,0.0395424026619674
DPA4,bcc_to_fcc,POCC__fcc__POCC_11_H0C12__Hf27_Mo27_Ta27_Ti27_Zr27_n135,fcc,POCC_11_H0C12,0.0,pure_pocc_seed_vs_pure,3.9207517692476896,2.9301676436795057,0.990584125568184,0.5521762131944606,0.4636635790675629,0.08851263412689775
DPA4,bcc_to_fcc,POCC__fcc__POCC_12_H0C14__Hf27_Mo27_Ta27_Ti27_Zr27_n135,fcc,POCC_12_H0C14,0.0,pure_pocc_seed_vs_pure,3.902761963012279,2.987790529007293,0.9149714340049862,0.5125294355717919,0.4557495483008213,0.05677988727097055
DPA4,bcc_to_fcc,POCC__fcc__POCC_13_H1C0__Hf27_Mo27_Ta27_Ti27_Zr27_n135,fcc,POCC_13_H1C0,1.0,pure_pocc_seed_vs_pure,4.591236371043089,2.1522532827227314,2.4389830883203576,0.5222257645043151,0.8041367439636272,-0.2819109794593121
DPA4,bcc_to_fcc,POCC__fcc__POCC_14_H1C1__Hf27_Mo27_Ta27_Ti27_Zr27_n135,fcc,POCC_14_H1C1,1.0,pure_pocc_seed_vs_pure,4.637904564793718,1.9211785924776992,2.716725972316019,0.4359463902074374,0.5264325388551115,-0.09048614864767413
DPA4,bcc_to_fcc,POCC__fcc__POCC_15_H1C2__Hf27_Mo27_Ta27_Ti27_Zr27_n135,fcc,POCC_15_H1C2,1.0,pure_pocc_seed_vs_pure,4.590176213213372,1.973448117723984,2.616728095489388,0.5285638188033888,0.5464058504481012,-0.01784203164471243
DPA4,bcc_to_fcc,POCC__fcc__POCC_16_H1C3__Hf27_Mo27_Ta27_Ti27_Zr27_n135,fcc,POCC_16_H1C3,1.0,pure_pocc_seed_vs_pure,4.635574208776912,1.86194780225166,2.7736264065252523,0.4558097284778319,0.59530275295935,-0.13949302448151807
DPA4,bcc_to_fcc,POCC__fcc__POCC_17_H1C4__Hf27_Mo27_Ta27_Ti27_Zr27_n135,fcc,POCC_17_H1C4,1.0,pure_pocc_seed_vs_pure,4.888774620120708,2.800884087183276,2.087890532937432,0.6339244440281449,2.050057633660876,-1.4161331896327312
DPA4,bcc_to_fcc,POCC__fcc__POCC_18_H1C5__Hf27_Mo27_Ta27_Ti27_Zr27_n135,fcc,POCC_18_H1C5,1.0,pure_pocc_seed_vs_pure,4.898780688729807,2.909361356700729,1.9894193320290778,0.6391490798180691,2.148001267570642,-1.5088521877525727
DPA4,bcc_to_fcc,POCC__fcc__POCC_19_H1C6__Hf27_Mo27_Ta27_Ti27_Zr27_n135,fcc,POCC_19_H1C6,1.0,pure_pocc_seed_vs_pure,4.644509765763365,1.7311362200854732,2.9133735456778918,0.5469365549119781,0.5688024657919412,-0.021865910879963035
DPA4,bcc_to_fcc,POCC__fcc__POCC_20_H1C7__Hf27_Mo27_Ta27_Ti27_Zr27_n135,fcc,POCC_20_H1C7,1.0,pure_pocc_seed_vs_pure,4.696960908069379,2.1062420236920216,2.590718884377357,0.4065504053711989,0.585877807870125,-0.1793274024989261
DPA4,bcc_to_fcc,POCC__fcc__POCC_21_H1C8__Hf27_Mo27_Ta27_Ti27_Zr27_n135,fcc,POCC_21_H1C8,1.0,pure_pocc_seed_vs_pure,4.632958616969924,2.096775682971808,2.5361829339981163,0.5109285664308065,0.5816702541595083,-0.07074168772870182
DPA4,bcc_to_fcc,POCC__fcc__POCC_22_H1C10__Hf27_Mo27_Ta27_Ti27_Zr27_n135,fcc,POCC_22_H1C10,1.0,pure_pocc_seed_vs_pure,4.672065832014681,2.083182234946628,2.5888835970680533,0.406794751474972,0.7344187360479102,-0.3276239845729382
DPA4,bcc_to_fcc,POCC__fcc__POCC_23_H1C12__Hf27_Mo27_Ta27_Ti27_Zr27_n135,fcc,POCC_23_H1C12,1.0,pure_pocc_seed_vs_pure,4.63962121576174,1.853843249890791,2.785777965870949,0.5468229421806559,0.5349697490933145,0.01185319308734134
DPA4,bcc_to_fcc,POCC__fcc__POCC_24_H1C14__Hf27_Mo27_Ta27_Ti27_Zr27_n135,fcc,POCC_24_H1C14,1.0,pure_pocc_seed_vs_pure,4.7379404198303225,2.34307922577554,2.3948611940547826,0.5126554266180667,0.5510475890388735,-0.038392162420806786
DPA4,bcc_to_fcc,POCC__fcc__POCC_25_H2C0__Hf18_Mo18_Ta18_Ti18_Zr18_n90,fcc,POCC_25_H2C0,2.0,pure_pocc_seed_vs_pure,4.925002121311918,1.581541363287856,3.3434607580240616,0.6978940791319784,1.5028964073945896,-0.8050023282626112
DPA4,bcc_to_fcc,POCC__fcc__POCC_26_H2C1__Hf18_Mo18_Ta18_Ti18_Zr18_n90,fcc,POCC_26_H2C1,2.0,pure_pocc_seed_vs_pure,4.913785815971577,1.691849010222391,3.221936805749186,0.7273894363793202,1.8008577915007091,-1.0734683551213888
DPA4,bcc_to_fcc,POCC__fcc__POCC_27_H2C2__Hf18_Mo18_Ta18_Ti18_Zr18_n90,fcc,POCC_27_H2C2,2.0,pure_pocc_seed_vs_pure,4.957881753754508,1.808580901416576,3.149300852337932,0.7145314346690775,1.9802621027224163,-1.265730668053339
DPA4,bcc_to_fcc,POCC__fcc__POCC_28_H2C3__Hf18_Mo18_Ta18_Ti18_Zr18_n90,fcc,POCC_28_H2C3,2.0,pure_pocc_seed_vs_pure,4.941155028037018,1.701716863808337,3.239438164228681,0.7091174364817628,2.2657880141411244,-1.5566705776593617
DPA4,bcc_to_fcc,POCC__fcc__POCC_29_H2C4__Hf18_Mo18_Ta18_Ti18_Zr18_n90,fcc,POCC_29_H2C4,2.0,pure_pocc_seed_vs_pure,4.910908685293982,1.8493996274191955,3.061509057874786,0.6770211831724641,1.8666193130494977,-1.1895981298770337
DPA4,bcc_to_fcc,POCC__fcc__POCC_30_H2C5__Hf18_Mo18_Ta18_Ti18_Zr18_n90,fcc,POCC_30_H2C5,2.0,pure_pocc_seed_vs_pure,4.9343153342501775,1.8316162615947065,3.1026990726554713,0.6844390939216096,2.522325560447064,-1.8378864665254542
DPA4,bcc_to_fcc,POCC__fcc__POCC_31_H2C6__Hf18_Mo18_Ta18_Ti18_Zr18_n90,fcc,POCC_31_H2C6,2.0,pure_pocc_seed_vs_pure,4.535763386264398,1.9141184106174367,2.621644975646961,0.3917165554086873,0.7014028244279552,-0.30968626901926793
DPA4,bcc_to_fcc,POCC__fcc__POCC_32_H2C7__Hf18_Mo18_Ta18_Ti18_Zr18_n90,fcc,POCC_32_H2C7,2.0,pure_pocc_seed_vs_pure,4.942876887820386,1.7892552736416285,3.153621614178758,0.7182363451614858,1.966451663554442,-1.248215318392956
DPA4,bcc_to_fcc,POCC__fcc__POCC_33_H2C8__Hf18_Mo18_Ta18_Ti18_Zr18_n90,fcc,POCC_33_H2C8,2.0,pure_pocc_seed_vs_pure,4.91547251399432,1.6865543180308464,3.228918195963474,0.7129685967721633,0.9142741986321082,-0.20130560185994495
DPA4,bcc_to_fcc,POCC__fcc__POCC_34_H2C10__Hf18_Mo18_Ta18_Ti18_Zr18_n90,fcc,POCC_34_H2C10,2.0,pure_pocc_seed_vs_pure,4.919434703101,1.5364573226239902,3.3829773804770102,0.7056265993270366,2.0656382107982787,-1.3600116114712422
DPA4,bcc_to_fcc,POCC__fcc__POCC_35_H2C12__Hf18_Mo18_Ta18_Ti18_Zr18_n90,fcc,POCC_35_H2C12,2.0,pure_pocc_seed_vs_pure,4.535583016280416,1.860904855360909,2.674678160919507,0.393625345422903,0.5094539540833002,-0.11582860866039718
DPA4,bcc_to_fcc,POCC__fcc__POCC_36_H2C14__Hf18_Mo18_Ta18_Ti18_Zr18_n90,fcc,POCC_36_H2C14,2.0,pure_pocc_seed_vs_pure,4.934715325023624,1.7944086533840051,3.1403066716396184,0.7102724871467039,2.266592410704527,-1.5563199235578231
DPA4,bcc_to_fcc,POCC__fcc__POCC_37_H3C0__Hf27_Mo27_Ta27_Ti27_Zr27_n135,fcc,POCC_37_H3C0,3.0,pure_pocc_seed_vs_pure,4.838954164451376,1.5615438148586884,3.277410349592688,0.4753127471254886,0.4484269294437283,0.026885817681760293
DPA4,bcc_to_fcc,POCC__fcc__POCC_38_H3C1__Hf27_Mo27_Ta27_Ti27_Zr27_n135,fcc,POCC_38_H3C1,3.0,pure_pocc_seed_vs_pure,4.744000386652012,2.537710235392911,2.2062901512591013,0.564755012819793,2.120740792880199,-1.5559857800604058
DPA4,bcc_to_fcc,POCC__fcc__POCC_39_H3C2__Hf27_Mo27_Ta27_Ti27_Zr27_n135,fcc,POCC_39_H3C2,3.0,pure_pocc_seed_vs_pure,4.751826777137643,2.3866388473266804,2.365187929810962,0.6016200212537217,0.4128251038383438,0.1887949174153779
DPA4,bcc_to_fcc,POCC__fcc__POCC_40_H3C3__Hf27_Mo27_Ta27_Ti27_Zr27_n135,fcc,POCC_40_H3C3,3.0,pure_pocc_seed_vs_pure,4.792222834513693,2.9145381323519723,1.8776847021617202,0.660658881592057,0.5224463143213905,0.13821256727066644
DPA4,bcc_to_fcc,POCC__fcc__POCC_49_H4C0__Hf27_Mo27_Ta27_Ti27_Zr27_n135,fcc,POCC_49_H4C0,4.0,pure_pocc_seed_vs_pure,5.491299392047603,1.5875789097831183,3.9037204822644846,0.5672775226603343,0.7642514965101386,-0.1969739738498043
DPA4,fcc_to_bcc,POCC__bcc__POCC_01_H0C0__Hf32_Mo32_Ta32_Ti32_Zr32_n160,bcc,POCC_01_H0C0,0.0,pure_pocc_seed_vs_pure,3.768064438661612,3.605939703571188,0.16212473509042358,1.583602508060314,0.8226806353007224,0.7609218727595916
DPA4,fcc_to_bcc,POCC__bcc__POCC_02_H0C1__Hf32_Mo32_Ta32_Ti32_Zr32_n160,bcc,POCC_02_H0C1,0.0,pure_pocc_seed_vs_pure,3.702076723697792,3.6257679571370938,0.07630876656069807,1.2771878900761766,0.8046098386904635,0.47257805138571307
DPA4,fcc_to_bcc,POCC__bcc__POCC_03_H0C2__Hf32_Mo32_Ta32_Ti32_Zr32_n160,bcc,POCC_03_H0C2,0.0,pure_pocc_seed_vs_pure,3.694110039599657,3.4414203766028204,0.2526896629968367,5.00020957670985,0.8299496766974008,4.170259900012448
DPA4,fcc_to_bcc,POCC__bcc__POCC_04_H0C3__Hf32_Mo32_Ta32_Ti32_Zr32_n160,bcc,POCC_04_H0C3,0.0,pure_pocc_seed_vs_pure,3.560535818176704,3.560535818176704,0.0,3.462460134432757,0.9560166421432508,2.506443492289506
DPA4,fcc_to_bcc,POCC__bcc__POCC_05_H0C4__Hf32_Mo32_Ta32_Ti32_Zr32_n160,bcc,POCC_05_H0C4,0.0,pure_pocc_seed_vs_pure,3.706039443735964,3.224428818414382,0.48161062532158194,0.4776384679494494,0.0915229147249342,0.3861155532245152
DPA4,fcc_to_bcc,POCC__bcc__POCC_06_H0C5__Hf32_Mo32_Ta32_Ti32_Zr32_n160,bcc,POCC_06_H0C5,0.0,pure_pocc_seed_vs_pure,3.722535757599767,3.258020384130901,0.46451537346886607,7.365836411738296,0.774848890805772,6.590987520932524
DPA4,fcc_to_bcc,POCC__bcc__POCC_07_H0C6__Hf32_Mo32_Ta32_Ti32_Zr32_n160,bcc,POCC_07_H0C6,0.0,pure_pocc_seed_vs_pure,3.651528507323513,3.651528507323513,0.0,2.317030107028472,0.5080386771625427,1.808991429865929
DPA4,fcc_to_bcc,POCC__bcc__POCC_08_H0C7__Hf32_Mo32_Ta32_Ti32_Zr32_n160,bcc,POCC_08_H0C7,0.0,pure_pocc_seed_vs_pure,3.6387879886336334,3.6387879886336334,0.0,2.33328397594771,0.742085941988741,1.5911980339589689
DPA4,fcc_to_bcc,POCC__bcc__POCC_09_H0C8__Hf32_Mo32_Ta32_Ti32_Zr32_n160,bcc,POCC_09_H0C8,0.0,pure_pocc_seed_vs_pure,3.699821302448133,3.43344049491946,0.26638080752867266,8.243436136686721,0.9250276872128688,7.318408449473853
DPA4,fcc_to_bcc,POCC__bcc__POCC_10_H0C10__Hf32_Mo32_Ta32_Ti32_Zr32_n160,bcc,POCC_10_H0C10,0.0,pure_pocc_seed_vs_pure,3.50165458128283,3.50165458128283,0.0,1.9277922821193485,0.865938227493568,1.0618540546257806
DPA4,fcc_to_bcc,POCC__bcc__POCC_11_H0C12__Hf32_Mo32_Ta32_Ti32_Zr32_n160,bcc,POCC_11_H0C12,0.0,pure_pocc_seed_vs_pure,3.657794283941296,3.657794283941296,0.0,0.7126845967721299,0.6085402499718299,0.10414434680030005
DPA4,fcc_to_bcc,POCC__bcc__POCC_12_H0C14__Hf32_Mo32_Ta32_Ti32_Zr32_n160,bcc,POCC_12_H0C14,0.0,pure_pocc_seed_vs_pure,3.773485589645493,3.636581111363588,0.13690447828190466,5.6297724440416745,0.6901981383082655,4.939574305733409
DPA4,fcc_to_bcc,POCC__bcc__POCC_13_H1C0__Hf20_Mo20_Ta20_Ti20_Zr20_n100,bcc,POCC_13_H1C0,1.0,pure_pocc_seed_vs_pure,4.614244489334372,2.2568992149322744,2.357345274402098,0.5011052369882735,0.6445131978464853,-0.14340796085821184
DPA4,fcc_to_bcc,POCC__bcc__POCC_14_H1C1__Hf20_Mo20_Ta20_Ti20_Zr20_n100,bcc,POCC_14_H1C1,1.0,pure_pocc_seed_vs_pure,4.5828648690984615,2.305596390376425,2.2772684787220365,0.442647802001627,0.5482934648055564,-0.1056456628039294
DPA4,fcc_to_bcc,POCC__bcc__POCC_15_H1C2__Hf20_Mo20_Ta20_Ti20_Zr20_n100,bcc,POCC_15_H1C2,1.0,pure_pocc_seed_vs_pure,4.536847796753316,2.284670086192091,2.2521777105612246,0.4971118867038036,0.4960108380420741,0.0011010486617294979
DPA4,fcc_to_bcc,POCC__bcc__POCC_16_H1C3__Hf20_Mo20_Ta20_Ti20_Zr20_n100,bcc,POCC_16_H1C3,1.0,pure_pocc_seed_vs_pure,4.543459208697742,2.298044631676593,2.2454145770211493,0.4314984905434901,0.4652938030273592,-0.03379531248386908
DPA4,fcc_to_bcc,POCC__bcc__POCC_17_H1C4__Hf20_Mo20_Ta20_Ti20_Zr20_n100,bcc,POCC_17_H1C4,1.0,pure_pocc_seed_vs_pure,4.538349818639587,2.1601058364557444,2.378243982183843,0.3566704535806537,0.4418460896819668,-0.08517563610131312
DPA4,fcc_to_bcc,POCC__bcc__POCC_18_H1C5__Hf20_Mo20_Ta20_Ti20_Zr20_n100,bcc,POCC_18_H1C5,1.0,pure_pocc_seed_vs_pure,4.645216172711248,2.008228623362684,2.6369875493485644,0.3478652381970599,0.4589340864345964,-0.11106884823753649
DPA4,fcc_to_bcc,POCC__bcc__POCC_19_H1C6__Hf20_Mo20_Ta20_Ti20_Zr20_n100,bcc,POCC_19_H1C6,1.0,pure_pocc_seed_vs_pure,4.616096836140878,2.27053769003881,2.345559146102068,0.5352073149678582,0.5065720600978398,0.02863525487001839
DPA4,fcc_to_bcc,POCC__bcc__POCC_20_H1C7__Hf20_Mo20_Ta20_Ti20_Zr20_n100,bcc,POCC_20_H1C7,1.0,pure_pocc_seed_vs_pure,4.600806341790863,2.2769244700750813,2.3238818717157814,0.4403939857186433,0.5172773905932962,-0.07688340487465295
DPA4,fcc_to_bcc,POCC__bcc__POCC_21_H1C8__Hf20_Mo20_Ta20_Ti20_Zr20_n100,bcc,POCC_21_H1C8,1.0,pure_pocc_seed_vs_pure,4.559043460387983,2.277341313211992,2.2817021471759906,0.481775417795912,0.5043280944547871,-0.022552676658875115
DPA4,fcc_to_bcc,POCC__bcc__POCC_22_H1C10__Hf20_Mo20_Ta20_Ti20_Zr20_n100,bcc,POCC_22_H1C10,1.0,pure_pocc_seed_vs_pure,4.552208231616457,2.2866393090938644,2.2655689225225926,0.4109132918046728,0.4619466292802223,-0.0510333374755495
DPA4,fcc_to_bcc,POCC__bcc__POCC_23_H1C12__Hf20_Mo20_Ta20_Ti20_Zr20_n100,bcc,POCC_23_H1C12,1.0,pure_pocc_seed_vs_pure,4.623701578215881,2.263748873318788,2.359952704897093,0.5366937484540505,0.5108501449922802,0.02584360346177028
DPA4,fcc_to_bcc,POCC__bcc__POCC_24_H1C14__Hf20_Mo20_Ta20_Ti20_Zr20_n100,bcc,POCC_24_H1C14,1.0,pure_pocc_seed_vs_pure,4.594004810524294,2.2459853157484764,2.3480194947758175,0.5104560226362553,0.495977012530332,0.01447901010592334
DPA4,fcc_to_bcc,POCC__bcc__POCC_25_H2C0__Hf27_Mo27_Ta27_Ti27_Zr27_n135,bcc,POCC_25_H2C0,2.0,pure_pocc_seed_vs_pure,5.3689348107076444,0.0181476384705845,5.35078717223706,0.458621759545341,0.350637563903878,0.107984195641463
DPA4,fcc_to_bcc,POCC__bcc__POCC_33_H2C8__Hf27_Mo27_Ta27_Ti27_Zr27_n135,bcc,POCC_33_H2C8,2.0,pure_pocc_seed_vs_pure,5.263812417612762,3.0163189189737256,2.2474934986390362,0.5871921944417187,0.3754439648931946,0.21174822954852407
DPA4,fcc_to_bcc,POCC__bcc__POCC_34_H2C10__Hf27_Mo27_Ta27_Ti27_Zr27_n135,bcc,POCC_34_H2C10,2.0,pure_pocc_seed_vs_pure,4.891658029854182,2.8457826114306988,2.045875418423483,0.6464829235285704,0.4321503268411958,0.2143325966873746
DPA4,fcc_to_bcc,POCC__bcc__POCC_35_H2C12__Hf27_Mo27_Ta27_Ti27_Zr27_n135,bcc,POCC_35_H2C12,2.0,pure_pocc_seed_vs_pure,4.87352903288128,2.8350460711739207,2.0384829617073597,0.5670955286721482,0.3189197636725502,0.24817576499959798
DPA4,fcc_to_bcc,POCC__bcc__POCC_36_H2C14__Hf27_Mo27_Ta27_Ti27_Zr27_n135,bcc,POCC_36_H2C14,2.0,pure_pocc_seed_vs_pure,5.005874351140314,2.9369605921286275,2.068913759011686,0.514444107849399,0.327862837995364,0.186581269854035
DPA4,fcc_to_bcc,POCC__bcc__POCC_37_H3C0__Hf27_Mo27_Ta27_Ti27_Zr27_n135,bcc,POCC_37_H3C0,3.0,pure_pocc_seed_vs_pure,4.960231951961276,1.340655447164382,3.6195765047968944,0.7003155888020008,0.3922945049540502,0.3080210838479506
DPA4,fcc_to_bcc,POCC__bcc__POCC_38_H4C0__Hf27_Mo27_Ta27_Ti27_Zr27_n135,bcc,POCC_38_H4C0,4.0,pure_pocc_seed_vs_pure,5.432127776753763,2.579198319437646,2.852929457316117,0.6750805524105502,0.4376045746701429,0.2374759777404073
DPA4,fcc_to_bcc,POCC__bcc__POCC_39_H4C1__Hf27_Mo27_Ta27_Ti27_Zr27_n135,bcc,POCC_39_H4C1,4.0,pure_pocc_seed_vs_pure,5.432350480167885,2.671021693451697,2.7613287867161875,0.6455607343187244,0.4202020747008102,0.22535865961791418
DPA4,fcc_to_bcc,POCC__bcc__POCC_40_H4C2__Hf27_Mo27_Ta27_Ti27_Zr27_n135,bcc,POCC_40_H4C2,4.0,pure_pocc_seed_vs_pure,5.441472759376545,2.625977895136208,2.815494864240337,0.5815739299678995,0.4078200882191672,0.17375384174873226
DPA4,fcc_to_bcc,POCC__bcc__POCC_41_H4C3__Hf27_Mo27_Ta27_Ti27_Zr27_n135,bcc,POCC_41_H4C3,4.0,pure_pocc_seed_vs_pure,5.4730922037283785,2.578969895013417,2.8941223087149615,0.58149475696914,0.4035083362883443,0.17798642068079568
DPA4,fcc_to_bcc,POCC__bcc__POCC_42_H4C4__Hf27_Mo27_Ta27_Ti27_Zr27_n135,bcc,POCC_42_H4C4,4.0,pure_pocc_seed_vs_pure,5.400468453212614,2.742285269413846,2.658183183798768,0.4077860167928498,0.3132814361553906,0.0945045806374592
DPA4,fcc_to_bcc,POCC__bcc__POCC_43_H4C5__Hf27_Mo27_Ta27_Ti27_Zr27_n135,bcc,POCC_43_H4C5,4.0,pure_pocc_seed_vs_pure,5.395412733036429,2.733408818624248,2.6620039144121814,0.4004835910136739,0.3133526302271948,0.08713096078647914
DPA4,fcc_to_bcc,POCC__bcc__POCC_44_H4C6__Hf27_Mo27_Ta27_Ti27_Zr27_n135,bcc,POCC_44_H4C6,4.0,pure_pocc_seed_vs_pure,5.498576913671456,2.4581440136647648,3.040432900006691,0.7182312900803706,0.4406703245480767,0.27756096553229387
DPA4,fcc_to_bcc,POCC__bcc__POCC_45_H4C7__Hf27_Mo27_Ta27_Ti27_Zr27_n135,bcc,POCC_45_H4C7,4.0,pure_pocc_seed_vs_pure,5.425115167796466,2.647108788948511,2.778006378847955,0.6358108681227002,0.3523811753592239,0.28342969276347624
DPA4,fcc_to_bcc,POCC__bcc__POCC_46_H4C8__Hf27_Mo27_Ta27_Ti27_Zr27_n135,bcc,POCC_46_H4C8,4.0,pure_pocc_seed_vs_pure,5.520309438178991,2.444979961257528,3.075329476921463,0.5693645557274196,0.3842963623867365,0.18506819334068314
DPA4,fcc_to_bcc,POCC__bcc__POCC_47_H4C10__Hf27_Mo27_Ta27_Ti27_Zr27_n135,bcc,POCC_47_H4C10,4.0,pure_pocc_seed_vs_pure,5.491801119518442,1.6568688706154575,3.8349322489029847,0.56913190931984,0.4027804021596306,0.1663515071602094
DPA4,fcc_to_bcc,POCC__bcc__POCC_48_H4C12__Hf27_Mo27_Ta27_Ti27_Zr27_n135,bcc,POCC_48_H4C12,4.0,pure_pocc_seed_vs_pure,5.491008477984291,2.4673897860529603,3.023618691931331,0.7195651522400304,0.4305480757115135,0.2890170765285169
DPA4,fcc_to_bcc,POCC__bcc__POCC_49_H4C14__Hf27_Mo27_Ta27_Ti27_Zr27_n135,bcc,POCC_49_H4C14,4.0,pure_pocc_seed_vs_pure,5.462055158842634,2.603772302566368,2.8582828562762654,0.6574097483060479,0.4839438631872293,0.1734658851188186
DPA2,bcc_to_fcc,POCC__fcc__POCC_01_H0C0__Hf27_Mo27_Ta27_Ti27_Zr27_n135,fcc,POCC_01_H0C0,0.0,pure_pocc_aimd_vs_pure,3.797831784744021,2.525342638399991,1.27248914634403,0.7565444789984347,0.4104107454990629,0.34613373349937177
DPA2,bcc_to_fcc,POCC__fcc__POCC_02_H0C1__Hf27_Mo27_Ta27_Ti27_Zr27_n135,fcc,POCC_02_H0C1,0.0,pure_pocc_aimd_vs_pure,3.613411109470228,2.545131939350971,1.0682791701192573,0.7537534423166206,0.4342094467697103,0.31954399554691026
DPA2,bcc_to_fcc,POCC__fcc__POCC_03_H0C2__Hf27_Mo27_Ta27_Ti27_Zr27_n135,fcc,POCC_03_H0C2,0.0,pure_pocc_aimd_vs_pure,3.68521101986824,2.528001369173995,1.157209650694245,0.7550875291904869,0.3593986556450557,0.39568887354543125
DPA2,bcc_to_fcc,POCC__fcc__POCC_04_H0C3__Hf27_Mo27_Ta27_Ti27_Zr27_n135,fcc,POCC_04_H0C3,0.0,pure_pocc_aimd_vs_pure,3.656619899373652,2.440475234257266,1.2161446651163859,1.2212070237774828,0.3388213700556908,0.882385653721792
DPA2,bcc_to_fcc,POCC__fcc__POCC_05_H0C4__Hf27_Mo27_Ta27_Ti27_Zr27_n135,fcc,POCC_05_H0C4,0.0,pure_pocc_aimd_vs_pure,3.750967687948602,2.467071733149263,1.283895954799339,1.0643064539160296,0.3519323938621073,0.7123740600539223
DPA2,bcc_to_fcc,POCC__fcc__POCC_06_H0C5__Hf27_Mo27_Ta27_Ti27_Zr27_n135,fcc,POCC_06_H0C5,0.0,pure_pocc_aimd_vs_pure,3.753433696195695,2.36909997336356,1.3843337228321353,1.0020848797465918,0.3733006144430651,0.6287842653035267
DPA2,bcc_to_fcc,POCC__fcc__POCC_07_H0C6__Hf27_Mo27_Ta27_Ti27_Zr27_n135,fcc,POCC_07_H0C6,0.0,pure_pocc_aimd_vs_pure,3.686280272313149,2.4767752824595,1.2095049898536487,1.044958944293695,0.501570082978917,0.543388861314778
DPA2,bcc_to_fcc,POCC__fcc__POCC_08_H0C7__Hf27_Mo27_Ta27_Ti27_Zr27_n135,fcc,POCC_08_H0C7,0.0,pure_pocc_aimd_vs_pure,4.460461985632337,3.170947396634692,1.289514588997645,0.8156883866292847,0.3499185116016907,0.465769875027594
DPA2,bcc_to_fcc,POCC__fcc__POCC_09_H0C8__Hf27_Mo27_Ta27_Ti27_Zr27_n135,fcc,POCC_09_H0C8,0.0,pure_pocc_aimd_vs_pure,3.9364383302166073,2.5915960068979604,1.3448423233186468,0.6867335118803558,0.3537770815681193,0.3329564303122365
DPA2,bcc_to_fcc,POCC__fcc__POCC_10_H0C10__Hf27_Mo27_Ta27_Ti27_Zr27_n135,fcc,POCC_10_H0C10,0.0,pure_pocc_aimd_vs_pure,3.861582018914048,2.6840736784742827,1.1775083404397653,0.7364059524101509,0.3494708126750302,0.3869351397351207
DPA2,bcc_to_fcc,POCC__fcc__POCC_11_H0C12__Hf27_Mo27_Ta27_Ti27_Zr27_n135,fcc,POCC_11_H0C12,0.0,pure_pocc_aimd_vs_pure,3.9207517692476896,2.3943778237443336,1.526373945503356,0.7963583462308864,0.354653833774906,0.4417045124559804
DPA2,bcc_to_fcc,POCC__fcc__POCC_12_H0C14__Hf27_Mo27_Ta27_Ti27_Zr27_n135,fcc,POCC_12_H0C14,0.0,pure_pocc_aimd_vs_pure,3.902761963012279,2.368393262781358,1.534368700230921,1.0327957774704826,0.4653293580641338,0.5674664194063488
DPA2,bcc_to_fcc,POCC__fcc__POCC_13_H1C0__Hf27_Mo27_Ta27_Ti27_Zr27_n135,fcc,POCC_13_H1C0,1.0,pure_pocc_aimd_vs_pure,4.591236371043089,1.363531342826123,3.227705028216966,0.7496117753583611,0.2471939894139989,0.5024177859443621
DPA2,bcc_to_fcc,POCC__fcc__POCC_14_H1C1__Hf27_Mo27_Ta27_Ti27_Zr27_n135,fcc,POCC_14_H1C1,1.0,pure_pocc_aimd_vs_pure,4.637904564793718,1.184112274202077,3.4537922905916414,0.7712362990670873,0.2172150672268102,0.5540212318402772
DPA2,bcc_to_fcc,POCC__fcc__POCC_15_H1C2__Hf27_Mo27_Ta27_Ti27_Zr27_n135,fcc,POCC_15_H1C2,1.0,pure_pocc_aimd_vs_pure,4.590176213213372,1.2447037993510397,3.345472413862332,0.9049867659121708,0.2484954090938423,0.6564913568183285
DPA2,bcc_to_fcc,POCC__fcc__POCC_16_H1C3__Hf27_Mo27_Ta27_Ti27_Zr27_n135,fcc,POCC_16_H1C3,1.0,pure_pocc_aimd_vs_pure,4.635574208776912,1.1180780381992206,3.517496170577692,0.6784906813237063,0.2274725099009192,0.4510181714227871
DPA2,bcc_to_fcc,POCC__fcc__POCC_17_H1C4__Hf27_Mo27_Ta27_Ti27_Zr27_n135,fcc,POCC_17_H1C4,1.0,pure_pocc_aimd_vs_pure,4.888774620120708,2.177075642375777,2.7116989777449314,1.022767638128477,0.2133100514772035,0.8094575866512734
DPA2,bcc_to_fcc,POCC__fcc__POCC_18_H1C5__Hf27_Mo27_Ta27_Ti27_Zr27_n135,fcc,POCC_18_H1C5,1.0,pure_pocc_aimd_vs_pure,4.898780688729807,2.462868892216433,2.435911796513374,0.9924863714002602,0.2025858081379326,0.7899005632623276
DPA2,bcc_to_fcc,POCC__fcc__POCC_19_H1C6__Hf27_Mo27_Ta27_Ti27_Zr27_n135,fcc,POCC_19_H1C6,1.0,pure_pocc_aimd_vs_pure,4.644509765763365,1.1689107787422763,3.4755989870210886,0.9803140935790388,0.211648439330125,0.7686656542489138
DPA2,bcc_to_fcc,POCC__fcc__POCC_20_H1C7__Hf27_Mo27_Ta27_Ti27_Zr27_n135,fcc,POCC_20_H1C7,1.0,pure_pocc_aimd_vs_pure,4.696960908069379,1.2858394856698738,3.4111214223995048,0.7876249864022907,0.2105206583790924,0.5771043280231983
DPA2,bcc_to_fcc,POCC__fcc__POCC_21_H1C8__Hf27_Mo27_Ta27_Ti27_Zr27_n135,fcc,POCC_21_H1C8,1.0,pure_pocc_aimd_vs_pure,4.632958616969924,1.312597975770036,3.3203606411998887,0.8625992917902847,0.2171887533940137,0.645410538396271
DPA2,bcc_to_fcc,POCC__fcc__POCC_22_H1C10__Hf27_Mo27_Ta27_Ti27_Zr27_n135,fcc,POCC_22_H1C10,1.0,pure_pocc_aimd_vs_pure,4.672065832014681,1.2900922303110396,3.3819736017036415,0.7226001542453443,0.2103979364294735,0.5122022178158708
DPA2,bcc_to_fcc,POCC__fcc__POCC_23_H1C12__Hf27_Mo27_Ta27_Ti27_Zr27_n135,fcc,POCC_23_H1C12,1.0,pure_pocc_aimd_vs_pure,4.63962121576174,1.23647037369805,3.40315084206369,0.9001461154154944,0.231629243355548,0.6685168720599464
DPA2,bcc_to_fcc,POCC__fcc__POCC_24_H1C14__Hf27_Mo27_Ta27_Ti27_Zr27_n135,fcc,POCC_24_H1C14,1.0,pure_pocc_aimd_vs_pure,4.7379404198303225,1.4315958836390463,3.3063445361912764,0.7023693411054165,0.2364743527955486,0.46589498830986786
DPA2,bcc_to_fcc,POCC__fcc__POCC_25_H2C0__Hf18_Mo18_Ta18_Ti18_Zr18_n90,fcc,POCC_25_H2C0,2.0,pure_pocc_aimd_vs_pure,4.925002121311918,1.1128657734783856,3.8121363478335324,0.5845511788379821,0.1419907488982365,0.44256042993974565
DPA2,bcc_to_fcc,POCC__fcc__POCC_26_H2C1__Hf18_Mo18_Ta18_Ti18_Zr18_n90,fcc,POCC_26_H2C1,2.0,pure_pocc_aimd_vs_pure,4.913785815971577,1.1917929618132603,3.7219928541583167,0.5988782289953769,0.1549596761217803,0.4439185528735966
DPA2,bcc_to_fcc,POCC__fcc__POCC_27_H2C2__Hf18_Mo18_Ta18_Ti18_Zr18_n90,fcc,POCC_27_H2C2,2.0,pure_pocc_aimd_vs_pure,4.957881753754508,1.308714533122933,3.649167220631575,0.5938810315888357,0.1622900869561434,0.43159094463269226
DPA2,bcc_to_fcc,POCC__fcc__POCC_28_H2C3__Hf18_Mo18_Ta18_Ti18_Zr18_n90,fcc,POCC_28_H2C3,2.0,pure_pocc_aimd_vs_pure,4.941155028037018,1.252983109032168,3.6881719190048505,0.582377403556972,0.1440450421853328,0.4383323613716392
DPA2,bcc_to_fcc,POCC__fcc__POCC_29_H2C4__Hf18_Mo18_Ta18_Ti18_Zr18_n90,fcc,POCC_29_H2C4,2.0,pure_pocc_aimd_vs_pure,4.910908685293982,1.333404492484166,3.5775041928098155,0.6060096709504076,0.1427956763086942,0.4632139946417134
DPA2,bcc_to_fcc,POCC__fcc__POCC_30_H2C5__Hf18_Mo18_Ta18_Ti18_Zr18_n90,fcc,POCC_30_H2C5,2.0,pure_pocc_aimd_vs_pure,4.9343153342501775,1.3538464784871378,3.5804688557630397,0.5997039585457464,0.1459874969115017,0.4537164616342447
DPA2,bcc_to_fcc,POCC__fcc__POCC_31_H2C6__Hf18_Mo18_Ta18_Ti18_Zr18_n90,fcc,POCC_31_H2C6,2.0,pure_pocc_aimd_vs_pure,4.535763386264398,1.1846885314524371,3.3510748548119604,0.5922053681336048,0.212555162527101,0.3796502056065038
DPA2,bcc_to_fcc,POCC__fcc__POCC_32_H2C7__Hf18_Mo18_Ta18_Ti18_Zr18_n90,fcc,POCC_32_H2C7,2.0,pure_pocc_aimd_vs_pure,4.942876887820386,1.3024747311255072,3.640402156694879,0.6116070623256066,0.155218384158661,0.4563886781669456
DPA2,bcc_to_fcc,POCC__fcc__POCC_33_H2C8__Hf18_Mo18_Ta18_Ti18_Zr18_n90,fcc,POCC_33_H2C8,2.0,pure_pocc_aimd_vs_pure,4.91547251399432,1.2057738332388537,3.7096986807554666,0.597173543363695,0.1560624915034624,0.4411110518602326
DPA2,bcc_to_fcc,POCC__fcc__POCC_34_H2C10__Hf18_Mo18_Ta18_Ti18_Zr18_n90,fcc,POCC_34_H2C10,2.0,pure_pocc_aimd_vs_pure,4.919434703101,1.1173276376354773,3.802107065465523,0.5882389873503255,0.1342845829024298,0.4539544044478957
DPA2,bcc_to_fcc,POCC__fcc__POCC_35_H2C12__Hf18_Mo18_Ta18_Ti18_Zr18_n90,fcc,POCC_35_H2C12,2.0,pure_pocc_aimd_vs_pure,4.535583016280416,1.2706548994764784,3.2649281168039375,0.7129343415512276,0.2221997288640058,0.4907346126872218
DPA2,bcc_to_fcc,POCC__fcc__POCC_36_H2C14__Hf18_Mo18_Ta18_Ti18_Zr18_n90,fcc,POCC_36_H2C14,2.0,pure_pocc_aimd_vs_pure,4.934715325023624,1.3059570482126577,3.628758276810966,0.5851299800343012,0.1419205302504764,0.44320944978382476
DPA2,bcc_to_fcc,POCC__fcc__POCC_37_H3C0__Hf27_Mo27_Ta27_Ti27_Zr27_n135,fcc,POCC_37_H3C0,3.0,pure_pocc_aimd_vs_pure,4.838954164451376,1.429274341368354,3.4096798230830223,0.6628837356594578,0.1489724758743539,0.5139112597851039
DPA2,bcc_to_fcc,POCC__fcc__POCC_38_H3C1__Hf27_Mo27_Ta27_Ti27_Zr27_n135,fcc,POCC_38_H3C1,3.0,pure_pocc_aimd_vs_pure,4.744000386652012,1.894425459390271,2.8495749272617417,0.9829121582366,0.1970383743072183,0.7858737839293818
DPA2,bcc_to_fcc,POCC__fcc__POCC_39_H3C2__Hf27_Mo27_Ta27_Ti27_Zr27_n135,fcc,POCC_39_H3C2,3.0,pure_pocc_aimd_vs_pure,4.751826777137643,2.022911974864259,2.7289148022733833,1.0453302524631676,0.1941097296520721,0.8512205228110955
DPA2,bcc_to_fcc,POCC__fcc__POCC_40_H3C3__Hf27_Mo27_Ta27_Ti27_Zr27_n135,fcc,POCC_40_H3C3,3.0,pure_pocc_aimd_vs_pure,4.792222834513693,2.2371958200547035,2.555027014458989,1.2991059730209842,0.2022038225896766,1.0969021504313077
DPA2,bcc_to_fcc,POCC__fcc__POCC_49_H4C0__Hf27_Mo27_Ta27_Ti27_Zr27_n135,fcc,POCC_49_H4C0,4.0,pure_pocc_aimd_vs_pure,5.491299392047603,0.9636867850613507,4.527612606986252,0.6193040771597271,0.0995100829108471,0.5197939942488801
DPA2,fcc_to_bcc,POCC__bcc__POCC_01_H0C0__Hf32_Mo32_Ta32_Ti32_Zr32_n160,bcc,POCC_01_H0C0,0.0,pure_pocc_aimd_vs_pure,3.768064438661612,2.762202655887278,1.0058617827743337,1.3959716064901988,0.8011732805615895,0.5947983259286093
DPA2,fcc_to_bcc,POCC__bcc__POCC_02_H0C1__Hf32_Mo32_Ta32_Ti32_Zr32_n160,bcc,POCC_02_H0C1,0.0,pure_pocc_aimd_vs_pure,3.702076723697792,2.723062923444175,0.9790138002536168,1.4821346893529863,0.777147477634858,0.7049872117181283
DPA2,fcc_to_bcc,POCC__bcc__POCC_03_H0C2__Hf32_Mo32_Ta32_Ti32_Zr32_n160,bcc,POCC_03_H0C2,0.0,pure_pocc_aimd_vs_pure,3.694110039599657,2.6345663410070923,1.0595436985925648,1.432296142653802,0.89514826269253,0.5371478799612719
DPA2,fcc_to_bcc,POCC__bcc__POCC_04_H0C3__Hf32_Mo32_Ta32_Ti32_Zr32_n160,bcc,POCC_04_H0C3,0.0,pure_pocc_aimd_vs_pure,3.560535818176704,2.745001153547049,0.8155346646296548,1.9356140384745983,0.8372540955093194,1.098359942965279
DPA2,fcc_to_bcc,POCC__bcc__POCC_05_H0C4__Hf32_Mo32_Ta32_Ti32_Zr32_n160,bcc,POCC_05_H0C4,0.0,pure_pocc_aimd_vs_pure,3.706039443735964,2.5182880586008327,1.1877513851351313,1.0902940366753635,0.1357842490265039,0.9545097876488596
DPA2,fcc_to_bcc,POCC__bcc__POCC_06_H0C5__Hf32_Mo32_Ta32_Ti32_Zr32_n160,bcc,POCC_06_H0C5,0.0,pure_pocc_aimd_vs_pure,3.722535757599767,2.5739159963308564,1.1486197612689106,1.598562896953536,0.7693311744481627,0.8292317225053732
DPA2,fcc_to_bcc,POCC__bcc__POCC_07_H0C6__Hf32_Mo32_Ta32_Ti32_Zr32_n160,bcc,POCC_07_H0C6,0.0,pure_pocc_aimd_vs_pure,3.651528507323513,2.9955030992126623,0.6560254081108505,2.145161365431376,0.4514625751403109,1.6936987902910652
DPA2,fcc_to_bcc,POCC__bcc__POCC_08_H0C7__Hf32_Mo32_Ta32_Ti32_Zr32_n160,bcc,POCC_08_H0C7,0.0,pure_pocc_aimd_vs_pure,3.6387879886336334,2.7613247873704445,0.8774632012631889,1.6947549354668765,0.8059891025883489,0.8887658328785276
DPA2,fcc_to_bcc,POCC__bcc__POCC_09_H0C8__Hf32_Mo32_Ta32_Ti32_Zr32_n160,bcc,POCC_09_H0C8,0.0,pure_pocc_aimd_vs_pure,3.699821302448133,2.702376017985972,0.9974452844621609,1.6034820052544154,0.767834225089444,0.8356477801649714
DPA2,fcc_to_bcc,POCC__bcc__POCC_10_H0C10__Hf32_Mo32_Ta32_Ti32_Zr32_n160,bcc,POCC_10_H0C10,0.0,pure_pocc_aimd_vs_pure,3.50165458128283,2.835831865205376,0.6658227160774541,1.7827666909178124,0.7211181289049466,1.0616485620128657
DPA2,fcc_to_bcc,POCC__bcc__POCC_11_H0C12__Hf32_Mo32_Ta32_Ti32_Zr32_n160,bcc,POCC_11_H0C12,0.0,pure_pocc_aimd_vs_pure,3.657794283941296,2.9286800399014856,0.7291142440398102,1.7336666399209306,0.488715577536673,1.2449510623842577
DPA2,fcc_to_bcc,POCC__bcc__POCC_12_H0C14__Hf32_Mo32_Ta32_Ti32_Zr32_n160,bcc,POCC_12_H0C14,0.0,pure_pocc_aimd_vs_pure,3.773485589645493,2.808929430868067,0.9645561587774258,1.7710495322527944,0.7528673976080467,1.0181821346447477
DPA2,fcc_to_bcc,POCC__bcc__POCC_13_H1C0__Hf20_Mo20_Ta20_Ti20_Zr20_n100,bcc,POCC_13_H1C0,1.0,pure_pocc_aimd_vs_pure,4.614244489334372,1.269128227100044,3.3451162622343285,0.8281506143570359,0.2209562804730786,0.6071943338839573
DPA2,fcc_to_bcc,POCC__bcc__POCC_14_H1C1__Hf20_Mo20_Ta20_Ti20_Zr20_n100,bcc,POCC_14_H1C1,1.0,pure_pocc_aimd_vs_pure,4.5828648690984615,1.278680221819857,3.3041846472786043,0.7967954393709523,0.2213222167895359,0.5754732225814164
DPA2,fcc_to_bcc,POCC__bcc__POCC_15_H1C2__Hf20_Mo20_Ta20_Ti20_Zr20_n100,bcc,POCC_15_H1C2,1.0,pure_pocc_aimd_vs_pure,4.536847796753316,1.2883521046167812,3.2484956921365344,0.9142810162754584,0.2456619784482912,0.6686190378271673
DPA2,fcc_to_bcc,POCC__bcc__POCC_16_H1C3__Hf20_Mo20_Ta20_Ti20_Zr20_n100,bcc,POCC_16_H1C3,1.0,pure_pocc_aimd_vs_pure,4.543459208697742,1.2730864034795004,3.2703728052182415,0.6908082393105217,0.2498218736255256,0.4409863656849961
DPA2,fcc_to_bcc,POCC__bcc__POCC_17_H1C4__Hf20_Mo20_Ta20_Ti20_Zr20_n100,bcc,POCC_17_H1C4,1.0,pure_pocc_aimd_vs_pure,4.538349818639587,1.1928642510968577,3.3454855675427297,0.6131945466668457,0.2178382269521907,0.395356319714655
DPA2,fcc_to_bcc,POCC__bcc__POCC_18_H1C5__Hf20_Mo20_Ta20_Ti20_Zr20_n100,bcc,POCC_18_H1C5,1.0,pure_pocc_aimd_vs_pure,4.645216172711248,1.0130763032910366,3.632139869420212,0.7013412302537223,0.2126441701495876,0.4886970601041347
DPA2,fcc_to_bcc,POCC__bcc__POCC_19_H1C6__Hf20_Mo20_Ta20_Ti20_Zr20_n100,bcc,POCC_19_H1C6,1.0,pure_pocc_aimd_vs_pure,4.616096836140878,1.2168157933826405,3.3992810427582376,0.9873250983976564,0.2208576035840605,0.7664674948135959
DPA2,fcc_to_bcc,POCC__bcc__POCC_20_H1C7__Hf20_Mo20_Ta20_Ti20_Zr20_n100,bcc,POCC_20_H1C7,1.0,pure_pocc_aimd_vs_pure,4.600806341790863,1.3660795235043182,3.2347268182865445,0.8065125013146662,0.209241461374336,0.5972710399403303
DPA2,fcc_to_bcc,POCC__bcc__POCC_21_H1C8__Hf20_Mo20_Ta20_Ti20_Zr20_n100,bcc,POCC_21_H1C8,1.0,pure_pocc_aimd_vs_pure,4.559043460387983,1.3324618806478763,3.2265815797401065,0.7654972107743233,0.2287234319026823,0.536773778871641
DPA2,fcc_to_bcc,POCC__bcc__POCC_22_H1C10__Hf20_Mo20_Ta20_Ti20_Zr20_n100,bcc,POCC_22_H1C10,1.0,pure_pocc_aimd_vs_pure,4.552208231616457,1.3392863460105562,3.2129218856059008,0.7551919601509817,0.2274270622427298,0.5277648979082519
DPA2,fcc_to_bcc,POCC__bcc__POCC_23_H1C12__Hf20_Mo20_Ta20_Ti20_Zr20_n100,bcc,POCC_23_H1C12,1.0,pure_pocc_aimd_vs_pure,4.623701578215881,1.2830056362647912,3.3406959419510898,0.9711992819153392,0.215242462110745,0.7559568198045943
DPA2,fcc_to_bcc,POCC__bcc__POCC_24_H1C14__Hf20_Mo20_Ta20_Ti20_Zr20_n100,bcc,POCC_24_H1C14,1.0,pure_pocc_aimd_vs_pure,4.594004810524294,1.4242081807237934,3.1697966298005005,0.6989500397762465,0.2185065442984773,0.4804434954777692
DPA2,fcc_to_bcc,POCC__bcc__POCC_25_H2C0__Hf27_Mo27_Ta27_Ti27_Zr27_n135,bcc,POCC_25_H2C0,2.0,pure_pocc_aimd_vs_pure,5.3689348107076444,0.0181476384705845,5.35078717223706,0.746517281648108,0.084243333945207,0.662273947702901
DPA2,fcc_to_bcc,POCC__bcc__POCC_33_H2C8__Hf27_Mo27_Ta27_Ti27_Zr27_n135,bcc,POCC_33_H2C8,2.0,pure_pocc_aimd_vs_pure,5.263812417612762,2.634371308566012,2.6294411090467498,0.6191716685681848,0.2239649914916221,0.39520667707656276
DPA2,fcc_to_bcc,POCC__bcc__POCC_34_H2C10__Hf27_Mo27_Ta27_Ti27_Zr27_n135,bcc,POCC_34_H2C10,2.0,pure_pocc_aimd_vs_pure,4.891658029854182,2.399438067531201,2.492219962322981,1.0062445925340309,0.2028840354748501,0.8033605570591807
DPA2,fcc_to_bcc,POCC__bcc__POCC_35_H2C12__Hf27_Mo27_Ta27_Ti27_Zr27_n135,bcc,POCC_35_H2C12,2.0,pure_pocc_aimd_vs_pure,4.87352903288128,2.3383887514136763,2.535140281467604,0.8034644226838628,0.252179263948395,0.5512851587354677
DPA2,fcc_to_bcc,POCC__bcc__POCC_36_H2C14__Hf27_Mo27_Ta27_Ti27_Zr27_n135,bcc,POCC_36_H2C14,2.0,pure_pocc_aimd_vs_pure,5.005874351140314,2.32146955381965,2.6844047973206635,0.732029469845138,0.2101152556806843,0.5219142141644537
DPA2,fcc_to_bcc,POCC__bcc__POCC_37_H3C0__Hf27_Mo27_Ta27_Ti27_Zr27_n135,bcc,POCC_37_H3C0,3.0,pure_pocc_aimd_vs_pure,4.960231951961276,0.8762346095990319,4.083997342362244,0.5845637894213752,0.1029459601413257,0.4816178292800495
DPA2,fcc_to_bcc,POCC__bcc__POCC_38_H4C0__Hf27_Mo27_Ta27_Ti27_Zr27_n135,bcc,POCC_38_H4C0,4.0,pure_pocc_aimd_vs_pure,5.432127776753763,1.933009155323147,3.499118621430616,0.94005668677447,0.1626733571455458,0.7773833296289242
DPA2,fcc_to_bcc,POCC__bcc__POCC_39_H4C1__Hf27_Mo27_Ta27_Ti27_Zr27_n135,bcc,POCC_39_H4C1,4.0,pure_pocc_aimd_vs_pure,5.432350480167885,1.902844060298973,3.5295064198689117,0.7649365055430863,0.1666451976543133,0.598291307888773
DPA2,fcc_to_bcc,POCC__bcc__POCC_40_H4C2__Hf27_Mo27_Ta27_Ti27_Zr27_n135,bcc,POCC_40_H4C2,4.0,pure_pocc_aimd_vs_pure,5.441472759376545,1.9543254355126087,3.487147323863936,0.7952971195751694,0.1852827051233341,0.6100144144518352
DPA2,fcc_to_bcc,POCC__bcc__POCC_41_H4C3__Hf27_Mo27_Ta27_Ti27_Zr27_n135,bcc,POCC_41_H4C3,4.0,pure_pocc_aimd_vs_pure,5.4730922037283785,1.9039019629387868,3.5691902407895917,0.7470278733247169,0.1354452984673856,0.6115825748573313
DPA2,fcc_to_bcc,POCC__bcc__POCC_42_H4C4__Hf27_Mo27_Ta27_Ti27_Zr27_n135,bcc,POCC_42_H4C4,4.0,pure_pocc_aimd_vs_pure,5.400468453212614,1.880150599800611,3.520317853412003,0.6281031595228782,0.1550790649762082,0.47302409454667005
DPA2,fcc_to_bcc,POCC__bcc__POCC_43_H4C5__Hf27_Mo27_Ta27_Ti27_Zr27_n135,bcc,POCC_43_H4C5,4.0,pure_pocc_aimd_vs_pure,5.395412733036429,1.8962305024564925,3.4991822305799367,0.6855563776409026,0.1785742054894188,0.5069821721514838
DPA2,fcc_to_bcc,POCC__bcc__POCC_44_H4C6__Hf27_Mo27_Ta27_Ti27_Zr27_n135,bcc,POCC_44_H4C6,4.0,pure_pocc_aimd_vs_pure,5.498576913671456,1.896232112525006,3.60234480114645,0.7517340873809217,0.1500808583880916,0.6016532289928301
DPA2,fcc_to_bcc,POCC__bcc__POCC_45_H4C7__Hf27_Mo27_Ta27_Ti27_Zr27_n135,bcc,POCC_45_H4C7,4.0,pure_pocc_aimd_vs_pure,5.425115167796466,1.912974483597092,3.512140684199374,0.7418645876407879,0.1712501687186528,0.570614418922135
DPA2,fcc_to_bcc,POCC__bcc__POCC_46_H4C8__Hf27_Mo27_Ta27_Ti27_Zr27_n135,bcc,POCC_46_H4C8,4.0,pure_pocc_aimd_vs_pure,5.520309438178991,1.6599298519036665,3.8603795862753243,0.8203497546365934,0.1919315316267184,0.628418223009875
DPA2,fcc_to_bcc,POCC__bcc__POCC_47_H4C10__Hf27_Mo27_Ta27_Ti27_Zr27_n135,bcc,POCC_47_H4C10,4.0,pure_pocc_aimd_vs_pure,5.491801119518442,0.9799860504020426,4.511815069116399,0.6093329647457945,0.1107335126141982,0.4985994521315963
DPA2,fcc_to_bcc,POCC__bcc__POCC_48_H4C12__Hf27_Mo27_Ta27_Ti27_Zr27_n135,bcc,POCC_48_H4C12,4.0,pure_pocc_aimd_vs_pure,5.491008477984291,1.8687360417736896,3.6222724362106016,0.7135191108339349,0.1529087203117071,0.5606103905222278
DPA2,fcc_to_bcc,POCC__bcc__POCC_49_H4C14__Hf27_Mo27_Ta27_Ti27_Zr27_n135,bcc,POCC_49_H4C14,4.0,pure_pocc_aimd_vs_pure,5.462055158842634,1.9438993959317776,3.518155762910856,0.7528244981261027,0.1727066780965167,0.580117820029586
DPA3,bcc_to_fcc,POCC__fcc__POCC_01_H0C0__Hf27_Mo27_Ta27_Ti27_Zr27_n135,fcc,POCC_01_H0C0,0.0,pure_pocc_aimd_vs_pure,3.797831784744021,2.525342638399991,1.27248914634403,0.4467478441863267,1.0931884385469606,-0.646440594360634
DPA3,bcc_to_fcc,POCC__fcc__POCC_02_H0C1__Hf27_Mo27_Ta27_Ti27_Zr27_n135,fcc,POCC_02_H0C1,0.0,pure_pocc_aimd_vs_pure,3.613411109470228,2.545131939350971,1.0682791701192573,0.433064049923954,0.6356794668425971,-0.20261541691864315
DPA3,bcc_to_fcc,POCC__fcc__POCC_03_H0C2__Hf27_Mo27_Ta27_Ti27_Zr27_n135,fcc,POCC_03_H0C2,0.0,pure_pocc_aimd_vs_pure,3.68521101986824,2.528001369173995,1.157209650694245,0.5344315241425251,0.4781113756573281,0.056320148485197064
DPA3,bcc_to_fcc,POCC__fcc__POCC_04_H0C3__Hf27_Mo27_Ta27_Ti27_Zr27_n135,fcc,POCC_04_H0C3,0.0,pure_pocc_aimd_vs_pure,3.656619899373652,2.440475234257266,1.2161446651163859,0.4413853441232914,0.336773588442371,0.1046117556809204
DPA3,bcc_to_fcc,POCC__fcc__POCC_05_H0C4__Hf27_Mo27_Ta27_Ti27_Zr27_n135,fcc,POCC_05_H0C4,0.0,pure_pocc_aimd_vs_pure,3.750967687948602,2.467071733149263,1.283895954799339,0.466811541608059,0.5572796502084546,-0.09046810860039561
DPA3,bcc_to_fcc,POCC__fcc__POCC_06_H0C5__Hf27_Mo27_Ta27_Ti27_Zr27_n135,fcc,POCC_06_H0C5,0.0,pure_pocc_aimd_vs_pure,3.753433696195695,2.36909997336356,1.3843337228321353,0.4370608395285671,0.6335836834455094,-0.1965228439169423
DPA3,bcc_to_fcc,POCC__fcc__POCC_07_H0C6__Hf27_Mo27_Ta27_Ti27_Zr27_n135,fcc,POCC_07_H0C6,0.0,pure_pocc_aimd_vs_pure,3.686280272313149,2.4767752824595,1.2095049898536487,0.5979126199412363,0.7057388628581526,-0.10782624291691623
DPA3,bcc_to_fcc,POCC__fcc__POCC_08_H0C7__Hf27_Mo27_Ta27_Ti27_Zr27_n135,fcc,POCC_08_H0C7,0.0,pure_pocc_aimd_vs_pure,4.460461985632337,3.170947396634692,1.289514588997645,0.4768251326388017,0.4878571556112491,-0.011032022972447375
DPA3,bcc_to_fcc,POCC__fcc__POCC_09_H0C8__Hf27_Mo27_Ta27_Ti27_Zr27_n135,fcc,POCC_09_H0C8,0.0,pure_pocc_aimd_vs_pure,3.9364383302166073,2.5915960068979604,1.3448423233186468,0.4402331469938825,0.4323535879771222,0.007879559016760296
DPA3,bcc_to_fcc,POCC__fcc__POCC_10_H0C10__Hf27_Mo27_Ta27_Ti27_Zr27_n135,fcc,POCC_10_H0C10,0.0,pure_pocc_aimd_vs_pure,3.861582018914048,2.6840736784742827,1.1775083404397653,0.4880966551357881,0.3160083052018678,0.1720883499339203
DPA3,bcc_to_fcc,POCC__fcc__POCC_11_H0C12__Hf27_Mo27_Ta27_Ti27_Zr27_n135,fcc,POCC_11_H0C12,0.0,pure_pocc_aimd_vs_pure,3.9207517692476896,2.3943778237443336,1.526373945503356,0.5677785707482705,0.5816361039445949,-0.013857533196324323
DPA3,bcc_to_fcc,POCC__fcc__POCC_12_H0C14__Hf27_Mo27_Ta27_Ti27_Zr27_n135,fcc,POCC_12_H0C14,0.0,pure_pocc_aimd_vs_pure,3.902761963012279,2.368393262781358,1.534368700230921,0.4796992938091132,0.7832629918919809,-0.3035636980828677
DPA3,bcc_to_fcc,POCC__fcc__POCC_13_H1C0__Hf27_Mo27_Ta27_Ti27_Zr27_n135,fcc,POCC_13_H1C0,1.0,pure_pocc_aimd_vs_pure,4.591236371043089,1.363531342826123,3.227705028216966,0.3814595813127927,0.2467271132661139,0.13473246804667877
DPA3,bcc_to_fcc,POCC__fcc__POCC_14_H1C1__Hf27_Mo27_Ta27_Ti27_Zr27_n135,fcc,POCC_14_H1C1,1.0,pure_pocc_aimd_vs_pure,4.637904564793718,1.184112274202077,3.4537922905916414,0.3427844060088587,0.2211948758453367,0.12158953016352197
DPA3,bcc_to_fcc,POCC__fcc__POCC_15_H1C2__Hf27_Mo27_Ta27_Ti27_Zr27_n135,fcc,POCC_15_H1C2,1.0,pure_pocc_aimd_vs_pure,4.590176213213372,1.2447037993510397,3.345472413862332,0.3517462578453998,0.251056843314259,0.10068941453114083
DPA3,bcc_to_fcc,POCC__fcc__POCC_16_H1C3__Hf27_Mo27_Ta27_Ti27_Zr27_n135,fcc,POCC_16_H1C3,1.0,pure_pocc_aimd_vs_pure,4.635574208776912,1.1180780381992206,3.517496170577692,0.3485212944162904,0.2303418749219621,0.11817941949432828
DPA3,bcc_to_fcc,POCC__fcc__POCC_17_H1C4__Hf27_Mo27_Ta27_Ti27_Zr27_n135,fcc,POCC_17_H1C4,1.0,pure_pocc_aimd_vs_pure,4.888774620120708,2.177075642375777,2.7116989777449314,0.4242195697618075,0.1881772403413482,0.23604232942045933
DPA3,bcc_to_fcc,POCC__fcc__POCC_18_H1C5__Hf27_Mo27_Ta27_Ti27_Zr27_n135,fcc,POCC_18_H1C5,1.0,pure_pocc_aimd_vs_pure,4.898780688729807,2.462868892216433,2.435911796513374,0.4574350415376579,0.1982750135664938,0.2591600279711641
DPA3,bcc_to_fcc,POCC__fcc__POCC_19_H1C6__Hf27_Mo27_Ta27_Ti27_Zr27_n135,fcc,POCC_19_H1C6,1.0,pure_pocc_aimd_vs_pure,4.644509765763365,1.1689107787422763,3.4755989870210886,0.3322759305532948,0.2146611528026991,0.1176147777505957
DPA3,bcc_to_fcc,POCC__fcc__POCC_20_H1C7__Hf27_Mo27_Ta27_Ti27_Zr27_n135,fcc,POCC_20_H1C7,1.0,pure_pocc_aimd_vs_pure,4.696960908069379,1.2858394856698738,3.4111214223995048,0.3355871840258967,0.2178795225433779,0.11770766148251882
DPA3,bcc_to_fcc,POCC__fcc__POCC_21_H1C8__Hf27_Mo27_Ta27_Ti27_Zr27_n135,fcc,POCC_21_H1C8,1.0,pure_pocc_aimd_vs_pure,4.632958616969924,1.312597975770036,3.3203606411998887,0.3204128935083825,0.2222397673614326,0.09817312614694987
DPA3,bcc_to_fcc,POCC__fcc__POCC_22_H1C10__Hf27_Mo27_Ta27_Ti27_Zr27_n135,fcc,POCC_22_H1C10,1.0,pure_pocc_aimd_vs_pure,4.672065832014681,1.2900922303110396,3.3819736017036415,0.3159892989153032,0.2102911409888506,0.1056981579264526
DPA3,bcc_to_fcc,POCC__fcc__POCC_23_H1C12__Hf27_Mo27_Ta27_Ti27_Zr27_n135,fcc,POCC_23_H1C12,1.0,pure_pocc_aimd_vs_pure,4.63962121576174,1.23647037369805,3.40315084206369,0.3165574022733595,0.2315935481463755,0.08496385412698398
DPA3,bcc_to_fcc,POCC__fcc__POCC_24_H1C14__Hf27_Mo27_Ta27_Ti27_Zr27_n135,fcc,POCC_24_H1C14,1.0,pure_pocc_aimd_vs_pure,4.7379404198303225,1.4315958836390463,3.3063445361912764,0.3373067556300658,0.2369794481877155,0.1003273074423503
DPA3,bcc_to_fcc,POCC__fcc__POCC_25_H2C0__Hf18_Mo18_Ta18_Ti18_Zr18_n90,fcc,POCC_25_H2C0,2.0,pure_pocc_aimd_vs_pure,4.925002121311918,1.1128657734783856,3.8121363478335324,0.4810755274287187,0.1336446809333837,0.34743084649533496
DPA3,bcc_to_fcc,POCC__fcc__POCC_26_H2C1__Hf18_Mo18_Ta18_Ti18_Zr18_n90,fcc,POCC_26_H2C1,2.0,pure_pocc_aimd_vs_pure,4.913785815971577,1.1917929618132603,3.7219928541583167,0.4808355573327811,0.1550797395671627,0.3257558177656184
DPA3,bcc_to_fcc,POCC__fcc__POCC_27_H2C2__Hf18_Mo18_Ta18_Ti18_Zr18_n90,fcc,POCC_27_H2C2,2.0,pure_pocc_aimd_vs_pure,4.957881753754508,1.308714533122933,3.649167220631575,0.4643529167964662,0.1543419311512839,0.31001098564518226
DPA3,bcc_to_fcc,POCC__fcc__POCC_28_H2C3__Hf18_Mo18_Ta18_Ti18_Zr18_n90,fcc,POCC_28_H2C3,2.0,pure_pocc_aimd_vs_pure,4.941155028037018,1.252983109032168,3.6881719190048505,0.474505904488925,0.1397922329931109,0.3347136714958141
DPA3,bcc_to_fcc,POCC__fcc__POCC_29_H2C4__Hf18_Mo18_Ta18_Ti18_Zr18_n90,fcc,POCC_29_H2C4,2.0,pure_pocc_aimd_vs_pure,4.910908685293982,1.333404492484166,3.5775041928098155,0.4482082284788346,0.1425067453624818,0.3057014831163528
DPA3,bcc_to_fcc,POCC__fcc__POCC_30_H2C5__Hf18_Mo18_Ta18_Ti18_Zr18_n90,fcc,POCC_30_H2C5,2.0,pure_pocc_aimd_vs_pure,4.9343153342501775,1.3538464784871378,3.5804688557630397,0.4487616079915207,0.1530233443871332,0.2957382636043875
DPA3,bcc_to_fcc,POCC__fcc__POCC_31_H2C6__Hf18_Mo18_Ta18_Ti18_Zr18_n90,fcc,POCC_31_H2C6,2.0,pure_pocc_aimd_vs_pure,4.535763386264398,1.1846885314524371,3.3510748548119604,0.3802628532224432,0.2191738119240584,0.16108904129838478
DPA3,bcc_to_fcc,POCC__fcc__POCC_32_H2C7__Hf18_Mo18_Ta18_Ti18_Zr18_n90,fcc,POCC_32_H2C7,2.0,pure_pocc_aimd_vs_pure,4.942876887820386,1.3024747311255072,3.640402156694879,0.4641385636818961,0.1531642512819835,0.3109743123999126
DPA3,bcc_to_fcc,POCC__fcc__POCC_33_H2C8__Hf18_Mo18_Ta18_Ti18_Zr18_n90,fcc,POCC_33_H2C8,2.0,pure_pocc_aimd_vs_pure,4.91547251399432,1.2057738332388537,3.7096986807554666,0.4723806800864344,0.1510933785066918,0.3212873015797426
DPA3,bcc_to_fcc,POCC__fcc__POCC_34_H2C10__Hf18_Mo18_Ta18_Ti18_Zr18_n90,fcc,POCC_34_H2C10,2.0,pure_pocc_aimd_vs_pure,4.919434703101,1.1173276376354773,3.802107065465523,0.4704810924848794,0.128305317153601,0.3421757753312784
DPA3,bcc_to_fcc,POCC__fcc__POCC_35_H2C12__Hf18_Mo18_Ta18_Ti18_Zr18_n90,fcc,POCC_35_H2C12,2.0,pure_pocc_aimd_vs_pure,4.535583016280416,1.2706548994764784,3.2649281168039375,0.389413214360484,0.2282815132010223,0.16113170115946168
DPA3,bcc_to_fcc,POCC__fcc__POCC_36_H2C14__Hf18_Mo18_Ta18_Ti18_Zr18_n90,fcc,POCC_36_H2C14,2.0,pure_pocc_aimd_vs_pure,4.934715325023624,1.3059570482126577,3.628758276810966,0.4878297635991807,0.1438137718152947,0.344015991783886
DPA3,bcc_to_fcc,POCC__fcc__POCC_37_H3C0__Hf27_Mo27_Ta27_Ti27_Zr27_n135,fcc,POCC_37_H3C0,3.0,pure_pocc_aimd_vs_pure,4.838954164451376,1.429274341368354,3.4096798230830223,0.366214332325925,0.1464814839797625,0.2197328483461625
DPA3,bcc_to_fcc,POCC__fcc__POCC_38_H3C1__Hf27_Mo27_Ta27_Ti27_Zr27_n135,fcc,POCC_38_H3C1,3.0,pure_pocc_aimd_vs_pure,4.744000386652012,1.894425459390271,2.8495749272617417,0.3972939572038702,0.1976289833907939,0.19966497381307627
DPA3,bcc_to_fcc,POCC__fcc__POCC_39_H3C2__Hf27_Mo27_Ta27_Ti27_Zr27_n135,fcc,POCC_39_H3C2,3.0,pure_pocc_aimd_vs_pure,4.751826777137643,2.022911974864259,2.7289148022733833,0.4095296579872648,0.1783644904582698,0.23116516752899502
DPA3,bcc_to_fcc,POCC__fcc__POCC_40_H3C3__Hf27_Mo27_Ta27_Ti27_Zr27_n135,fcc,POCC_40_H3C3,3.0,pure_pocc_aimd_vs_pure,4.792222834513693,2.2371958200547035,2.555027014458989,0.3776640566904441,0.2105236852259604,0.1671403714644837
DPA3,bcc_to_fcc,POCC__fcc__POCC_49_H4C0__Hf27_Mo27_Ta27_Ti27_Zr27_n135,fcc,POCC_49_H4C0,4.0,pure_pocc_aimd_vs_pure,5.491299392047603,0.9636867850613507,4.527612606986252,0.3594306993395714,0.0943513295075975,0.2650793698319739
DPA3,fcc_to_bcc,POCC__bcc__POCC_01_H0C0__Hf32_Mo32_Ta32_Ti32_Zr32_n160,bcc,POCC_01_H0C0,0.0,pure_pocc_aimd_vs_pure,3.768064438661612,2.762202655887278,1.0058617827743337,1.150505772108357,0.9921730542047204,0.15833271790363657
DPA3,fcc_to_bcc,POCC__bcc__POCC_02_H0C1__Hf32_Mo32_Ta32_Ti32_Zr32_n160,bcc,POCC_02_H0C1,0.0,pure_pocc_aimd_vs_pure,3.702076723697792,2.723062923444175,0.9790138002536168,2.126923730805641,0.8519585246994787,1.2749652061061623
DPA3,fcc_to_bcc,POCC__bcc__POCC_03_H0C2__Hf32_Mo32_Ta32_Ti32_Zr32_n160,bcc,POCC_03_H0C2,0.0,pure_pocc_aimd_vs_pure,3.694110039599657,2.6345663410070923,1.0595436985925648,2.605683472737025,4.8038591940312925,-2.1981757212942674
DPA3,fcc_to_bcc,POCC__bcc__POCC_04_H0C3__Hf32_Mo32_Ta32_Ti32_Zr32_n160,bcc,POCC_04_H0C3,0.0,pure_pocc_aimd_vs_pure,3.560535818176704,2.745001153547049,0.8155346646296548,0.9488458539001712,0.8157819560231998,0.13306389787697137
DPA3,fcc_to_bcc,POCC__bcc__POCC_05_H0C4__Hf32_Mo32_Ta32_Ti32_Zr32_n160,bcc,POCC_05_H0C4,0.0,pure_pocc_aimd_vs_pure,3.706039443735964,2.5182880586008327,1.1877513851351313,0.2169862160801879,0.1169545897694958,0.1000316263106921
DPA3,fcc_to_bcc,POCC__bcc__POCC_06_H0C5__Hf32_Mo32_Ta32_Ti32_Zr32_n160,bcc,POCC_06_H0C5,0.0,pure_pocc_aimd_vs_pure,3.722535757599767,2.5739159963308564,1.1486197612689106,0.9942401096123358,0.724274856063557,0.26996525354877876
DPA3,fcc_to_bcc,POCC__bcc__POCC_07_H0C6__Hf32_Mo32_Ta32_Ti32_Zr32_n160,bcc,POCC_07_H0C6,0.0,pure_pocc_aimd_vs_pure,3.651528507323513,2.9955030992126623,0.6560254081108505,7.122487755072547,8.385204895584272,-1.2627171405117243
DPA3,fcc_to_bcc,POCC__bcc__POCC_08_H0C7__Hf32_Mo32_Ta32_Ti32_Zr32_n160,bcc,POCC_08_H0C7,0.0,pure_pocc_aimd_vs_pure,3.6387879886336334,2.7613247873704445,0.8774632012631889,1.3744411557735925,0.797409061312825,0.5770320944607675
DPA3,fcc_to_bcc,POCC__bcc__POCC_09_H0C8__Hf32_Mo32_Ta32_Ti32_Zr32_n160,bcc,POCC_09_H0C8,0.0,pure_pocc_aimd_vs_pure,3.699821302448133,2.702376017985972,0.9974452844621609,1.6793491866020385,3.737267972252613,-2.0579187856505747
DPA3,fcc_to_bcc,POCC__bcc__POCC_10_H0C10__Hf32_Mo32_Ta32_Ti32_Zr32_n160,bcc,POCC_10_H0C10,0.0,pure_pocc_aimd_vs_pure,3.50165458128283,2.835831865205376,0.6658227160774541,0.946369028290226,4.227817779478462,-3.281448751188236
DPA3,fcc_to_bcc,POCC__bcc__POCC_11_H0C12__Hf32_Mo32_Ta32_Ti32_Zr32_n160,bcc,POCC_11_H0C12,0.0,pure_pocc_aimd_vs_pure,3.657794283941296,2.9286800399014856,0.7291142440398102,2.14446921943747,5.949733697079318,-3.805264477641848
DPA3,fcc_to_bcc,POCC__bcc__POCC_12_H0C14__Hf32_Mo32_Ta32_Ti32_Zr32_n160,bcc,POCC_12_H0C14,0.0,pure_pocc_aimd_vs_pure,3.773485589645493,2.808929430868067,0.9645561587774258,1.043760970459463,1.0053775286149775,0.0383834418444855
DPA3,fcc_to_bcc,POCC__bcc__POCC_13_H1C0__Hf20_Mo20_Ta20_Ti20_Zr20_n100,bcc,POCC_13_H1C0,1.0,pure_pocc_aimd_vs_pure,4.614244489334372,1.269128227100044,3.3451162622343285,0.357047219558265,0.2176691842509669,0.13937803530729811
DPA3,fcc_to_bcc,POCC__bcc__POCC_14_H1C1__Hf20_Mo20_Ta20_Ti20_Zr20_n100,bcc,POCC_14_H1C1,1.0,pure_pocc_aimd_vs_pure,4.5828648690984615,1.278680221819857,3.3041846472786043,0.3457660836235008,0.2165765888192729,0.1291894948042279
DPA3,fcc_to_bcc,POCC__bcc__POCC_15_H1C2__Hf20_Mo20_Ta20_Ti20_Zr20_n100,bcc,POCC_15_H1C2,1.0,pure_pocc_aimd_vs_pure,4.536847796753316,1.2883521046167812,3.2484956921365344,0.305929076052322,0.2422555824835695,0.06367349356875251
DPA3,fcc_to_bcc,POCC__bcc__POCC_16_H1C3__Hf20_Mo20_Ta20_Ti20_Zr20_n100,bcc,POCC_16_H1C3,1.0,pure_pocc_aimd_vs_pure,4.543459208697742,1.2730864034795004,3.2703728052182415,0.3505334110533221,0.243716852646703,0.10681655840661908
DPA3,fcc_to_bcc,POCC__bcc__POCC_17_H1C4__Hf20_Mo20_Ta20_Ti20_Zr20_n100,bcc,POCC_17_H1C4,1.0,pure_pocc_aimd_vs_pure,4.538349818639587,1.1928642510968577,3.3454855675427297,0.3749465169250283,0.2119387110621434,0.16300780586288488
DPA3,fcc_to_bcc,POCC__bcc__POCC_18_H1C5__Hf20_Mo20_Ta20_Ti20_Zr20_n100,bcc,POCC_18_H1C5,1.0,pure_pocc_aimd_vs_pure,4.645216172711248,1.0130763032910366,3.632139869420212,0.3752171187946704,0.2051032578347615,0.1701138609599089
DPA3,fcc_to_bcc,POCC__bcc__POCC_19_H1C6__Hf20_Mo20_Ta20_Ti20_Zr20_n100,bcc,POCC_19_H1C6,1.0,pure_pocc_aimd_vs_pure,4.616096836140878,1.2168157933826405,3.3992810427582376,0.3230144428148746,0.2194958752835057,0.10351856753136893
DPA3,fcc_to_bcc,POCC__bcc__POCC_20_H1C7__Hf20_Mo20_Ta20_Ti20_Zr20_n100,bcc,POCC_20_H1C7,1.0,pure_pocc_aimd_vs_pure,4.600806341790863,1.3660795235043182,3.2347268182865445,0.3538453385027332,0.205505406357729,0.1483399321450042
DPA3,fcc_to_bcc,POCC__bcc__POCC_21_H1C8__Hf20_Mo20_Ta20_Ti20_Zr20_n100,bcc,POCC_21_H1C8,1.0,pure_pocc_aimd_vs_pure,4.559043460387983,1.3324618806478763,3.2265815797401065,0.3017604563239581,0.2286596162846391,0.07310084003931899
DPA3,fcc_to_bcc,POCC__bcc__POCC_22_H1C10__Hf20_Mo20_Ta20_Ti20_Zr20_n100,bcc,POCC_22_H1C10,1.0,pure_pocc_aimd_vs_pure,4.552208231616457,1.3392863460105562,3.2129218856059008,0.3312057861011981,0.2271366766964499,0.1040691094047482
DPA3,fcc_to_bcc,POCC__bcc__POCC_23_H1C12__Hf20_Mo20_Ta20_Ti20_Zr20_n100,bcc,POCC_23_H1C12,1.0,pure_pocc_aimd_vs_pure,4.623701578215881,1.2830056362647912,3.3406959419510898,0.3113802191743426,0.2139938168504785,0.09738640232386411
DPA3,fcc_to_bcc,POCC__bcc__POCC_24_H1C14__Hf20_Mo20_Ta20_Ti20_Zr20_n100,bcc,POCC_24_H1C14,1.0,pure_pocc_aimd_vs_pure,4.594004810524294,1.4242081807237934,3.1697966298005005,0.3396746796980629,0.2082041965815838,0.13147048311647913
DPA3,fcc_to_bcc,POCC__bcc__POCC_25_H2C0__Hf27_Mo27_Ta27_Ti27_Zr27_n135,bcc,POCC_25_H2C0,2.0,pure_pocc_aimd_vs_pure,5.3689348107076444,0.0181476384705845,5.35078717223706,0.2912991629575876,0.0680896474453624,0.22320951551222523
DPA3,fcc_to_bcc,POCC__bcc__POCC_33_H2C8__Hf27_Mo27_Ta27_Ti27_Zr27_n135,bcc,POCC_33_H2C8,2.0,pure_pocc_aimd_vs_pure,5.263812417612762,2.634371308566012,2.6294411090467498,0.4205524272812777,0.1725252305990487,0.24802719668222897
DPA3,fcc_to_bcc,POCC__bcc__POCC_34_H2C10__Hf27_Mo27_Ta27_Ti27_Zr27_n135,bcc,POCC_34_H2C10,2.0,pure_pocc_aimd_vs_pure,4.891658029854182,2.399438067531201,2.492219962322981,0.3611923211039373,0.1541119404372733,0.20708038066666398
DPA3,fcc_to_bcc,POCC__bcc__POCC_35_H2C12__Hf27_Mo27_Ta27_Ti27_Zr27_n135,bcc,POCC_35_H2C12,2.0,pure_pocc_aimd_vs_pure,4.87352903288128,2.3383887514136763,2.535140281467604,0.4340901964678386,0.1953966944472198,0.2386935020206188
DPA3,fcc_to_bcc,POCC__bcc__POCC_36_H2C14__Hf27_Mo27_Ta27_Ti27_Zr27_n135,bcc,POCC_36_H2C14,2.0,pure_pocc_aimd_vs_pure,5.005874351140314,2.32146955381965,2.6844047973206635,0.4066417527614415,0.1751433164665539,0.2314984362948876
DPA3,fcc_to_bcc,POCC__bcc__POCC_37_H3C0__Hf27_Mo27_Ta27_Ti27_Zr27_n135,bcc,POCC_37_H3C0,3.0,pure_pocc_aimd_vs_pure,4.960231951961276,0.8762346095990319,4.083997342362244,0.4650935077073167,0.0954527075861625,0.3696408001211542
DPA3,fcc_to_bcc,POCC__bcc__POCC_38_H4C0__Hf27_Mo27_Ta27_Ti27_Zr27_n135,bcc,POCC_38_H4C0,4.0,pure_pocc_aimd_vs_pure,5.432127776753763,1.933009155323147,3.499118621430616,0.4917579657009324,0.1431360938870741,0.3486218718138583
DPA3,fcc_to_bcc,POCC__bcc__POCC_39_H4C1__Hf27_Mo27_Ta27_Ti27_Zr27_n135,bcc,POCC_39_H4C1,4.0,pure_pocc_aimd_vs_pure,5.432350480167885,1.902844060298973,3.5295064198689117,0.5160752005089488,0.1399445680029092,0.3761306325060396
DPA3,fcc_to_bcc,POCC__bcc__POCC_40_H4C2__Hf27_Mo27_Ta27_Ti27_Zr27_n135,bcc,POCC_40_H4C2,4.0,pure_pocc_aimd_vs_pure,5.441472759376545,1.9543254355126087,3.487147323863936,0.3513241034771142,0.1463938910667575,0.2049302124103567
DPA3,fcc_to_bcc,POCC__bcc__POCC_41_H4C3__Hf27_Mo27_Ta27_Ti27_Zr27_n135,bcc,POCC_41_H4C3,4.0,pure_pocc_aimd_vs_pure,5.4730922037283785,1.9039019629387868,3.5691902407895917,0.3689456524602722,0.123363951237615,0.2455817012226572
DPA3,fcc_to_bcc,POCC__bcc__POCC_42_H4C4__Hf27_Mo27_Ta27_Ti27_Zr27_n135,bcc,POCC_42_H4C4,4.0,pure_pocc_aimd_vs_pure,5.400468453212614,1.880150599800611,3.520317853412003,0.3785396069242638,0.1558917685074685,0.2226478384167953
DPA3,fcc_to_bcc,POCC__bcc__POCC_43_H4C5__Hf27_Mo27_Ta27_Ti27_Zr27_n135,bcc,POCC_43_H4C5,4.0,pure_pocc_aimd_vs_pure,5.395412733036429,1.8962305024564925,3.4991822305799367,0.3797842013790691,0.1709673716405237,0.2088168297385454
DPA3,fcc_to_bcc,POCC__bcc__POCC_44_H4C6__Hf27_Mo27_Ta27_Ti27_Zr27_n135,bcc,POCC_44_H4C6,4.0,pure_pocc_aimd_vs_pure,5.498576913671456,1.896232112525006,3.60234480114645,0.464345791274616,0.1439445034635645,0.3204012878110515
DPA3,fcc_to_bcc,POCC__bcc__POCC_45_H4C7__Hf27_Mo27_Ta27_Ti27_Zr27_n135,bcc,POCC_45_H4C7,4.0,pure_pocc_aimd_vs_pure,5.425115167796466,1.912974483597092,3.512140684199374,0.4846869865422161,0.1477275636687879,0.33695942287342817
DPA3,fcc_to_bcc,POCC__bcc__POCC_46_H4C8__Hf27_Mo27_Ta27_Ti27_Zr27_n135,bcc,POCC_46_H4C8,4.0,pure_pocc_aimd_vs_pure,5.520309438178991,1.6599298519036665,3.8603795862753243,0.3429393846079086,0.1461252562089519,0.19681412839895673
DPA3,fcc_to_bcc,POCC__bcc__POCC_47_H4C10__Hf27_Mo27_Ta27_Ti27_Zr27_n135,bcc,POCC_47_H4C10,4.0,pure_pocc_aimd_vs_pure,5.491801119518442,0.9799860504020426,4.511815069116399,0.3627213105694557,0.1067575812005167,0.255963729368939
DPA3,fcc_to_bcc,POCC__bcc__POCC_48_H4C12__Hf27_Mo27_Ta27_Ti27_Zr27_n135,bcc,POCC_48_H4C12,4.0,pure_pocc_aimd_vs_pure,5.491008477984291,1.8687360417736896,3.6222724362106016,0.459151377978436,0.1556351215819705,0.3035162563964655
DPA3,fcc_to_bcc,POCC__bcc__POCC_49_H4C14__Hf27_Mo27_Ta27_Ti27_Zr27_n135,bcc,POCC_49_H4C14,4.0,pure_pocc_aimd_vs_pure,5.462055158842634,1.9438993959317776,3.518155762910856,0.4909204273317474,0.151812766781884,0.3391076605498634
DPA4,bcc_to_fcc,POCC__fcc__POCC_01_H0C0__Hf27_Mo27_Ta27_Ti27_Zr27_n135,fcc,POCC_01_H0C0,0.0,pure_pocc_aimd_vs_pure,3.797831784744021,2.525342638399991,1.27248914634403,0.4781916559338662,0.3165201608485156,0.1616714950853506
DPA4,bcc_to_fcc,POCC__fcc__POCC_02_H0C1__Hf27_Mo27_Ta27_Ti27_Zr27_n135,fcc,POCC_02_H0C1,0.0,pure_pocc_aimd_vs_pure,3.613411109470228,2.545131939350971,1.0682791701192573,0.583919997603989,0.3060918702240807,0.27782812737990836
DPA4,bcc_to_fcc,POCC__fcc__POCC_03_H0C2__Hf27_Mo27_Ta27_Ti27_Zr27_n135,fcc,POCC_03_H0C2,0.0,pure_pocc_aimd_vs_pure,3.68521101986824,2.528001369173995,1.157209650694245,0.5650640462778416,0.3215223378254702,0.24354170845237139
DPA4,bcc_to_fcc,POCC__fcc__POCC_04_H0C3__Hf27_Mo27_Ta27_Ti27_Zr27_n135,fcc,POCC_04_H0C3,0.0,pure_pocc_aimd_vs_pure,3.656619899373652,2.440475234257266,1.2161446651163859,0.6232014388635883,0.2909413202246666,0.33226011863892163
DPA4,bcc_to_fcc,POCC__fcc__POCC_05_H0C4__Hf27_Mo27_Ta27_Ti27_Zr27_n135,fcc,POCC_05_H0C4,0.0,pure_pocc_aimd_vs_pure,3.750967687948602,2.467071733149263,1.283895954799339,0.5530900866672998,0.3054781472341664,0.24761193943313337
DPA4,bcc_to_fcc,POCC__fcc__POCC_06_H0C5__Hf27_Mo27_Ta27_Ti27_Zr27_n135,fcc,POCC_06_H0C5,0.0,pure_pocc_aimd_vs_pure,3.753433696195695,2.36909997336356,1.3843337228321353,0.515037173567082,0.2957777325217527,0.2192594410453293
DPA4,bcc_to_fcc,POCC__fcc__POCC_07_H0C6__Hf27_Mo27_Ta27_Ti27_Zr27_n135,fcc,POCC_07_H0C6,0.0,pure_pocc_aimd_vs_pure,3.686280272313149,2.4767752824595,1.2095049898536487,0.5458470744705273,0.325449564634929,0.22039750983559825
DPA4,bcc_to_fcc,POCC__fcc__POCC_08_H0C7__Hf27_Mo27_Ta27_Ti27_Zr27_n135,fcc,POCC_08_H0C7,0.0,pure_pocc_aimd_vs_pure,4.460461985632337,3.170947396634692,1.289514588997645,0.6811520490096824,0.2750285410296971,0.4061235079799853
DPA4,bcc_to_fcc,POCC__fcc__POCC_09_H0C8__Hf27_Mo27_Ta27_Ti27_Zr27_n135,fcc,POCC_09_H0C8,0.0,pure_pocc_aimd_vs_pure,3.9364383302166073,2.5915960068979604,1.3448423233186468,0.6219807498147131,0.3034929657873234,0.3184877840273897
DPA4,bcc_to_fcc,POCC__fcc__POCC_10_H0C10__Hf27_Mo27_Ta27_Ti27_Zr27_n135,fcc,POCC_10_H0C10,0.0,pure_pocc_aimd_vs_pure,3.861582018914048,2.6840736784742827,1.1775083404397653,0.655838509588803,0.2768859353419359,0.37895257424686707
DPA4,bcc_to_fcc,POCC__fcc__POCC_11_H0C12__Hf27_Mo27_Ta27_Ti27_Zr27_n135,fcc,POCC_11_H0C12,0.0,pure_pocc_aimd_vs_pure,3.9207517692476896,2.3943778237443336,1.526373945503356,0.5521762131944606,0.2816561293433627,0.27052008385109794
DPA4,bcc_to_fcc,POCC__fcc__POCC_12_H0C14__Hf27_Mo27_Ta27_Ti27_Zr27_n135,fcc,POCC_12_H0C14,0.0,pure_pocc_aimd_vs_pure,3.902761963012279,2.368393262781358,1.534368700230921,0.5125294355717919,0.2956066587594225,0.21692277681236938
DPA4,bcc_to_fcc,POCC__fcc__POCC_13_H1C0__Hf27_Mo27_Ta27_Ti27_Zr27_n135,fcc,POCC_13_H1C0,1.0,pure_pocc_aimd_vs_pure,4.591236371043089,1.363531342826123,3.227705028216966,0.5222257645043151,0.2147178500490126,0.30750791445530257
DPA4,bcc_to_fcc,POCC__fcc__POCC_14_H1C1__Hf27_Mo27_Ta27_Ti27_Zr27_n135,fcc,POCC_14_H1C1,1.0,pure_pocc_aimd_vs_pure,4.637904564793718,1.184112274202077,3.4537922905916414,0.4359463902074374,0.1994359784871977,0.2365104117202397
DPA4,bcc_to_fcc,POCC__fcc__POCC_15_H1C2__Hf27_Mo27_Ta27_Ti27_Zr27_n135,fcc,POCC_15_H1C2,1.0,pure_pocc_aimd_vs_pure,4.590176213213372,1.2447037993510397,3.345472413862332,0.5285638188033888,0.2427225576704349,0.28584126113295383
DPA4,bcc_to_fcc,POCC__fcc__POCC_16_H1C3__Hf27_Mo27_Ta27_Ti27_Zr27_n135,fcc,POCC_16_H1C3,1.0,pure_pocc_aimd_vs_pure,4.635574208776912,1.1180780381992206,3.517496170577692,0.4558097284778319,0.2226534417007742,0.23315628677705771
DPA4,bcc_to_fcc,POCC__fcc__POCC_17_H1C4__Hf27_Mo27_Ta27_Ti27_Zr27_n135,fcc,POCC_17_H1C4,1.0,pure_pocc_aimd_vs_pure,4.888774620120708,2.177075642375777,2.7116989777449314,0.6339244440281449,0.1709445680805665,0.4629798759475784
DPA4,bcc_to_fcc,POCC__fcc__POCC_18_H1C5__Hf27_Mo27_Ta27_Ti27_Zr27_n135,fcc,POCC_18_H1C5,1.0,pure_pocc_aimd_vs_pure,4.898780688729807,2.462868892216433,2.435911796513374,0.6391490798180691,0.1733313687323789,0.46581771108569026
DPA4,bcc_to_fcc,POCC__fcc__POCC_19_H1C6__Hf27_Mo27_Ta27_Ti27_Zr27_n135,fcc,POCC_19_H1C6,1.0,pure_pocc_aimd_vs_pure,4.644509765763365,1.1689107787422763,3.4755989870210886,0.5469365549119781,0.2027255031842693,0.3442110517277088
DPA4,bcc_to_fcc,POCC__fcc__POCC_20_H1C7__Hf27_Mo27_Ta27_Ti27_Zr27_n135,fcc,POCC_20_H1C7,1.0,pure_pocc_aimd_vs_pure,4.696960908069379,1.2858394856698738,3.4111214223995048,0.4065504053711989,0.19221173134319,0.2143386740280089
DPA4,bcc_to_fcc,POCC__fcc__POCC_21_H1C8__Hf27_Mo27_Ta27_Ti27_Zr27_n135,fcc,POCC_21_H1C8,1.0,pure_pocc_aimd_vs_pure,4.632958616969924,1.312597975770036,3.3203606411998887,0.5109285664308065,0.217310806859852,0.29361775957095454
DPA4,bcc_to_fcc,POCC__fcc__POCC_22_H1C10__Hf27_Mo27_Ta27_Ti27_Zr27_n135,fcc,POCC_22_H1C10,1.0,pure_pocc_aimd_vs_pure,4.672065832014681,1.2900922303110396,3.3819736017036415,0.406794751474972,0.2087561053020047,0.19803864617296732
DPA4,bcc_to_fcc,POCC__fcc__POCC_23_H1C12__Hf27_Mo27_Ta27_Ti27_Zr27_n135,fcc,POCC_23_H1C12,1.0,pure_pocc_aimd_vs_pure,4.63962121576174,1.23647037369805,3.40315084206369,0.5468229421806559,0.2190214017526706,0.32780154042798526
DPA4,bcc_to_fcc,POCC__fcc__POCC_24_H1C14__Hf27_Mo27_Ta27_Ti27_Zr27_n135,fcc,POCC_24_H1C14,1.0,pure_pocc_aimd_vs_pure,4.7379404198303225,1.4315958836390463,3.3063445361912764,0.5126554266180667,0.2083090089521974,0.30434641766586934
DPA4,bcc_to_fcc,POCC__fcc__POCC_25_H2C0__Hf18_Mo18_Ta18_Ti18_Zr18_n90,fcc,POCC_25_H2C0,2.0,pure_pocc_aimd_vs_pure,4.925002121311918,1.1128657734783856,3.8121363478335324,0.6978940791319784,0.1344749782315437,0.5634191009004348
DPA4,bcc_to_fcc,POCC__fcc__POCC_26_H2C1__Hf18_Mo18_Ta18_Ti18_Zr18_n90,fcc,POCC_26_H2C1,2.0,pure_pocc_aimd_vs_pure,4.913785815971577,1.1917929618132603,3.7219928541583167,0.7273894363793202,0.160531139972325,0.5668582964069953
DPA4,bcc_to_fcc,POCC__fcc__POCC_27_H2C2__Hf18_Mo18_Ta18_Ti18_Zr18_n90,fcc,POCC_27_H2C2,2.0,pure_pocc_aimd_vs_pure,4.957881753754508,1.308714533122933,3.649167220631575,0.7145314346690775,0.1537359520246974,0.5607954826443802
DPA4,bcc_to_fcc,POCC__fcc__POCC_28_H2C3__Hf18_Mo18_Ta18_Ti18_Zr18_n90,fcc,POCC_28_H2C3,2.0,pure_pocc_aimd_vs_pure,4.941155028037018,1.252983109032168,3.6881719190048505,0.7091174364817628,0.1365194781177497,0.5725979583640132
DPA4,bcc_to_fcc,POCC__fcc__POCC_29_H2C4__Hf18_Mo18_Ta18_Ti18_Zr18_n90,fcc,POCC_29_H2C4,2.0,pure_pocc_aimd_vs_pure,4.910908685293982,1.333404492484166,3.5775041928098155,0.6770211831724641,0.1514054630748312,0.5256157200976329
DPA4,bcc_to_fcc,POCC__fcc__POCC_30_H2C5__Hf18_Mo18_Ta18_Ti18_Zr18_n90,fcc,POCC_30_H2C5,2.0,pure_pocc_aimd_vs_pure,4.9343153342501775,1.3538464784871378,3.5804688557630397,0.6844390939216096,0.1577216251694458,0.5267174687521639
DPA4,bcc_to_fcc,POCC__fcc__POCC_31_H2C6__Hf18_Mo18_Ta18_Ti18_Zr18_n90,fcc,POCC_31_H2C6,2.0,pure_pocc_aimd_vs_pure,4.535763386264398,1.1846885314524371,3.3510748548119604,0.3917165554086873,0.2123159810701307,0.17940057433855658
DPA4,bcc_to_fcc,POCC__fcc__POCC_32_H2C7__Hf18_Mo18_Ta18_Ti18_Zr18_n90,fcc,POCC_32_H2C7,2.0,pure_pocc_aimd_vs_pure,4.942876887820386,1.3024747311255072,3.640402156694879,0.7182363451614858,0.1585929260077387,0.5596434191537472
DPA4,bcc_to_fcc,POCC__fcc__POCC_33_H2C8__Hf18_Mo18_Ta18_Ti18_Zr18_n90,fcc,POCC_33_H2C8,2.0,pure_pocc_aimd_vs_pure,4.91547251399432,1.2057738332388537,3.7096986807554666,0.7129685967721633,0.1483300458093614,0.5646385509628019
DPA4,bcc_to_fcc,POCC__fcc__POCC_34_H2C10__Hf18_Mo18_Ta18_Ti18_Zr18_n90,fcc,POCC_34_H2C10,2.0,pure_pocc_aimd_vs_pure,4.919434703101,1.1173276376354773,3.802107065465523,0.7056265993270366,0.1284209739541082,0.5772056253729284
DPA4,bcc_to_fcc,POCC__fcc__POCC_35_H2C12__Hf18_Mo18_Ta18_Ti18_Zr18_n90,fcc,POCC_35_H2C12,2.0,pure_pocc_aimd_vs_pure,4.535583016280416,1.2706548994764784,3.2649281168039375,0.393625345422903,0.2115270946045886,0.1820982508183144
DPA4,bcc_to_fcc,POCC__fcc__POCC_36_H2C14__Hf18_Mo18_Ta18_Ti18_Zr18_n90,fcc,POCC_36_H2C14,2.0,pure_pocc_aimd_vs_pure,4.934715325023624,1.3059570482126577,3.628758276810966,0.7102724871467039,0.1384957742346504,0.5717767129120535
DPA4,bcc_to_fcc,POCC__fcc__POCC_37_H3C0__Hf27_Mo27_Ta27_Ti27_Zr27_n135,fcc,POCC_37_H3C0,3.0,pure_pocc_aimd_vs_pure,4.838954164451376,1.429274341368354,3.4096798230830223,0.4753127471254886,0.1263440959971127,0.34896865112837594
DPA4,bcc_to_fcc,POCC__fcc__POCC_38_H3C1__Hf27_Mo27_Ta27_Ti27_Zr27_n135,fcc,POCC_38_H3C1,3.0,pure_pocc_aimd_vs_pure,4.744000386652012,1.894425459390271,2.8495749272617417,0.564755012819793,0.1505742271282617,0.4141807856915313
DPA4,bcc_to_fcc,POCC__fcc__POCC_39_H3C2__Hf27_Mo27_Ta27_Ti27_Zr27_n135,fcc,POCC_39_H3C2,3.0,pure_pocc_aimd_vs_pure,4.751826777137643,2.022911974864259,2.7289148022733833,0.6016200212537217,0.1523838147950277,0.449236206458694
DPA4,bcc_to_fcc,POCC__fcc__POCC_40_H3C3__Hf27_Mo27_Ta27_Ti27_Zr27_n135,fcc,POCC_40_H3C3,3.0,pure_pocc_aimd_vs_pure,4.792222834513693,2.2371958200547035,2.555027014458989,0.660658881592057,0.153594649080088,0.507064232511969
DPA4,bcc_to_fcc,POCC__fcc__POCC_49_H4C0__Hf27_Mo27_Ta27_Ti27_Zr27_n135,fcc,POCC_49_H4C0,4.0,pure_pocc_aimd_vs_pure,5.491299392047603,0.9636867850613507,4.527612606986252,0.5672775226603343,0.0922044145200476,0.4750731081402867
DPA4,fcc_to_bcc,POCC__bcc__POCC_01_H0C0__Hf32_Mo32_Ta32_Ti32_Zr32_n160,bcc,POCC_01_H0C0,0.0,pure_pocc_aimd_vs_pure,3.768064438661612,2.762202655887278,1.0058617827743337,1.583602508060314,0.973841616760592,0.609760891299722
DPA4,fcc_to_bcc,POCC__bcc__POCC_02_H0C1__Hf32_Mo32_Ta32_Ti32_Zr32_n160,bcc,POCC_02_H0C1,0.0,pure_pocc_aimd_vs_pure,3.702076723697792,2.723062923444175,0.9790138002536168,1.2771878900761766,1.6972049886594345,-0.42001709858325786
DPA4,fcc_to_bcc,POCC__bcc__POCC_03_H0C2__Hf32_Mo32_Ta32_Ti32_Zr32_n160,bcc,POCC_03_H0C2,0.0,pure_pocc_aimd_vs_pure,3.694110039599657,2.6345663410070923,1.0595436985925648,5.00020957670985,2.13584490038496,2.8643646763248896
DPA4,fcc_to_bcc,POCC__bcc__POCC_04_H0C3__Hf32_Mo32_Ta32_Ti32_Zr32_n160,bcc,POCC_04_H0C3,0.0,pure_pocc_aimd_vs_pure,3.560535818176704,2.745001153547049,0.8155346646296548,3.462460134432757,2.0626079207632912,1.3998522136694658
DPA4,fcc_to_bcc,POCC__bcc__POCC_05_H0C4__Hf32_Mo32_Ta32_Ti32_Zr32_n160,bcc,POCC_05_H0C4,0.0,pure_pocc_aimd_vs_pure,3.706039443735964,2.5182880586008327,1.1877513851351313,0.4776384679494494,0.1461901383830617,0.3314483295663877
DPA4,fcc_to_bcc,POCC__bcc__POCC_06_H0C5__Hf32_Mo32_Ta32_Ti32_Zr32_n160,bcc,POCC_06_H0C5,0.0,pure_pocc_aimd_vs_pure,3.722535757599767,2.5739159963308564,1.1486197612689106,7.365836411738296,2.555946554248016,4.80988985749028
DPA4,fcc_to_bcc,POCC__bcc__POCC_07_H0C6__Hf32_Mo32_Ta32_Ti32_Zr32_n160,bcc,POCC_07_H0C6,0.0,pure_pocc_aimd_vs_pure,3.651528507323513,2.9955030992126623,0.6560254081108505,2.317030107028472,0.4668710036020222,1.8501591034264495
DPA4,fcc_to_bcc,POCC__bcc__POCC_08_H0C7__Hf32_Mo32_Ta32_Ti32_Zr32_n160,bcc,POCC_08_H0C7,0.0,pure_pocc_aimd_vs_pure,3.6387879886336334,2.7613247873704445,0.8774632012631889,2.33328397594771,2.438960647570239,-0.10567667162252903
DPA4,fcc_to_bcc,POCC__bcc__POCC_09_H0C8__Hf32_Mo32_Ta32_Ti32_Zr32_n160,bcc,POCC_09_H0C8,0.0,pure_pocc_aimd_vs_pure,3.699821302448133,2.702376017985972,0.9974452844621609,8.243436136686721,3.145708353139655,5.097727783547066
DPA4,fcc_to_bcc,POCC__bcc__POCC_10_H0C10__Hf32_Mo32_Ta32_Ti32_Zr32_n160,bcc,POCC_10_H0C10,0.0,pure_pocc_aimd_vs_pure,3.50165458128283,2.835831865205376,0.6658227160774541,1.9277922821193485,2.308977330332457,-0.3811850482131085
DPA4,fcc_to_bcc,POCC__bcc__POCC_11_H0C12__Hf32_Mo32_Ta32_Ti32_Zr32_n160,bcc,POCC_11_H0C12,0.0,pure_pocc_aimd_vs_pure,3.657794283941296,2.9286800399014856,0.7291142440398102,0.7126845967721299,0.4720175818365676,0.2406670149355623
DPA4,fcc_to_bcc,POCC__bcc__POCC_12_H0C14__Hf32_Mo32_Ta32_Ti32_Zr32_n160,bcc,POCC_12_H0C14,0.0,pure_pocc_aimd_vs_pure,3.773485589645493,2.808929430868067,0.9645561587774258,5.6297724440416745,0.8193723017953963,4.810400142246278
DPA4,fcc_to_bcc,POCC__bcc__POCC_13_H1C0__Hf20_Mo20_Ta20_Ti20_Zr20_n100,bcc,POCC_13_H1C0,1.0,pure_pocc_aimd_vs_pure,4.614244489334372,1.269128227100044,3.3451162622343285,0.5011052369882735,0.2038006270607628,0.2973046099275107
DPA4,fcc_to_bcc,POCC__bcc__POCC_14_H1C1__Hf20_Mo20_Ta20_Ti20_Zr20_n100,bcc,POCC_14_H1C1,1.0,pure_pocc_aimd_vs_pure,4.5828648690984615,1.278680221819857,3.3041846472786043,0.442647802001627,0.2011598115342531,0.2414879904673739
DPA4,fcc_to_bcc,POCC__bcc__POCC_15_H1C2__Hf20_Mo20_Ta20_Ti20_Zr20_n100,bcc,POCC_15_H1C2,1.0,pure_pocc_aimd_vs_pure,4.536847796753316,1.2883521046167812,3.2484956921365344,0.4971118867038036,0.2225572928964911,0.2745545938073125
DPA4,fcc_to_bcc,POCC__bcc__POCC_16_H1C3__Hf20_Mo20_Ta20_Ti20_Zr20_n100,bcc,POCC_16_H1C3,1.0,pure_pocc_aimd_vs_pure,4.543459208697742,1.2730864034795004,3.2703728052182415,0.4314984905434901,0.2233928305984798,0.2081056599450103
DPA4,fcc_to_bcc,POCC__bcc__POCC_17_H1C4__Hf20_Mo20_Ta20_Ti20_Zr20_n100,bcc,POCC_17_H1C4,1.0,pure_pocc_aimd_vs_pure,4.538349818639587,1.1928642510968577,3.3454855675427297,0.3566704535806537,0.2007285104259349,0.1559419431547188
DPA4,fcc_to_bcc,POCC__bcc__POCC_18_H1C5__Hf20_Mo20_Ta20_Ti20_Zr20_n100,bcc,POCC_18_H1C5,1.0,pure_pocc_aimd_vs_pure,4.645216172711248,1.0130763032910366,3.632139869420212,0.3478652381970599,0.2024856862606909,0.14537955193636898
DPA4,fcc_to_bcc,POCC__bcc__POCC_19_H1C6__Hf20_Mo20_Ta20_Ti20_Zr20_n100,bcc,POCC_19_H1C6,1.0,pure_pocc_aimd_vs_pure,4.616096836140878,1.2168157933826405,3.3992810427582376,0.5352073149678582,0.2098321244363493,0.32537519053150893
DPA4,fcc_to_bcc,POCC__bcc__POCC_20_H1C7__Hf20_Mo20_Ta20_Ti20_Zr20_n100,bcc,POCC_20_H1C7,1.0,pure_pocc_aimd_vs_pure,4.600806341790863,1.3660795235043182,3.2347268182865445,0.4403939857186433,0.1948567418844632,0.2455372438341801
DPA4,fcc_to_bcc,POCC__bcc__POCC_21_H1C8__Hf20_Mo20_Ta20_Ti20_Zr20_n100,bcc,POCC_21_H1C8,1.0,pure_pocc_aimd_vs_pure,4.559043460387983,1.3324618806478763,3.2265815797401065,0.481775417795912,0.2092118167196925,0.27256360107621946
DPA4,fcc_to_bcc,POCC__bcc__POCC_22_H1C10__Hf20_Mo20_Ta20_Ti20_Zr20_n100,bcc,POCC_22_H1C10,1.0,pure_pocc_aimd_vs_pure,4.552208231616457,1.3392863460105562,3.2129218856059008,0.4109132918046728,0.2046944903199243,0.2062188014847485
DPA4,fcc_to_bcc,POCC__bcc__POCC_23_H1C12__Hf20_Mo20_Ta20_Ti20_Zr20_n100,bcc,POCC_23_H1C12,1.0,pure_pocc_aimd_vs_pure,4.623701578215881,1.2830056362647912,3.3406959419510898,0.5366937484540505,0.2012521710183443,0.3354415774357062
DPA4,fcc_to_bcc,POCC__bcc__POCC_24_H1C14__Hf20_Mo20_Ta20_Ti20_Zr20_n100,bcc,POCC_24_H1C14,1.0,pure_pocc_aimd_vs_pure,4.594004810524294,1.4242081807237934,3.1697966298005005,0.5104560226362553,0.1914771606730778,0.31897886196317754
DPA4,fcc_to_bcc,POCC__bcc__POCC_25_H2C0__Hf27_Mo27_Ta27_Ti27_Zr27_n135,bcc,POCC_25_H2C0,2.0,pure_pocc_aimd_vs_pure,5.3689348107076444,0.0181476384705845,5.35078717223706,0.458621759545341,0.0601036303249675,0.3985181292203735
DPA4,fcc_to_bcc,POCC__bcc__POCC_33_H2C8__Hf27_Mo27_Ta27_Ti27_Zr27_n135,bcc,POCC_33_H2C8,2.0,pure_pocc_aimd_vs_pure,5.263812417612762,2.634371308566012,2.6294411090467498,0.5871921944417187,0.117457844608586,0.46973434983313267
DPA4,fcc_to_bcc,POCC__bcc__POCC_34_H2C10__Hf27_Mo27_Ta27_Ti27_Zr27_n135,bcc,POCC_34_H2C10,2.0,pure_pocc_aimd_vs_pure,4.891658029854182,2.399438067531201,2.492219962322981,0.6464829235285704,0.1224606863080307,0.5240222372205396
DPA4,fcc_to_bcc,POCC__bcc__POCC_35_H2C12__Hf27_Mo27_Ta27_Ti27_Zr27_n135,bcc,POCC_35_H2C12,2.0,pure_pocc_aimd_vs_pure,4.87352903288128,2.3383887514136763,2.535140281467604,0.5670955286721482,0.1369576726896631,0.4301378559824851
DPA4,fcc_to_bcc,POCC__bcc__POCC_36_H2C14__Hf27_Mo27_Ta27_Ti27_Zr27_n135,bcc,POCC_36_H2C14,2.0,pure_pocc_aimd_vs_pure,5.005874351140314,2.32146955381965,2.6844047973206635,0.514444107849399,0.1245045086312589,0.3899395992181401
DPA4,fcc_to_bcc,POCC__bcc__POCC_37_H3C0__Hf27_Mo27_Ta27_Ti27_Zr27_n135,bcc,POCC_37_H3C0,3.0,pure_pocc_aimd_vs_pure,4.960231951961276,0.8762346095990319,4.083997342362244,0.7003155888020008,0.0956294876978295,0.6046861011041713
DPA4,fcc_to_bcc,POCC__bcc__POCC_38_H4C0__Hf27_Mo27_Ta27_Ti27_Zr27_n135,bcc,POCC_38_H4C0,4.0,pure_pocc_aimd_vs_pure,5.432127776753763,1.933009155323147,3.499118621430616,0.6750805524105502,0.1449836947625961,0.5300968576479541
DPA4,fcc_to_bcc,POCC__bcc__POCC_39_H4C1__Hf27_Mo27_Ta27_Ti27_Zr27_n135,bcc,POCC_39_H4C1,4.0,pure_pocc_aimd_vs_pure,5.432350480167885,1.902844060298973,3.5295064198689117,0.6455607343187244,0.144527010722449,0.5010337235962754
DPA4,fcc_to_bcc,POCC__bcc__POCC_40_H4C2__Hf27_Mo27_Ta27_Ti27_Zr27_n135,bcc,POCC_40_H4C2,4.0,pure_pocc_aimd_vs_pure,5.441472759376545,1.9543254355126087,3.487147323863936,0.5815739299678995,0.1376581510374794,0.4439157789304201
DPA4,fcc_to_bcc,POCC__bcc__POCC_41_H4C3__Hf27_Mo27_Ta27_Ti27_Zr27_n135,bcc,POCC_41_H4C3,4.0,pure_pocc_aimd_vs_pure,5.4730922037283785,1.9039019629387868,3.5691902407895917,0.58149475696914,0.1228049387652539,0.4586898182038861
DPA4,fcc_to_bcc,POCC__bcc__POCC_42_H4C4__Hf27_Mo27_Ta27_Ti27_Zr27_n135,bcc,POCC_42_H4C4,4.0,pure_pocc_aimd_vs_pure,5.400468453212614,1.880150599800611,3.520317853412003,0.4077860167928498,0.1345463543798481,0.2732396624130017
DPA4,fcc_to_bcc,POCC__bcc__POCC_43_H4C5__Hf27_Mo27_Ta27_Ti27_Zr27_n135,bcc,POCC_43_H4C5,4.0,pure_pocc_aimd_vs_pure,5.395412733036429,1.8962305024564925,3.4991822305799367,0.4004835910136739,0.146282486951247,0.2542011040624269
DPA4,fcc_to_bcc,POCC__bcc__POCC_44_H4C6__Hf27_Mo27_Ta27_Ti27_Zr27_n135,bcc,POCC_44_H4C6,4.0,pure_pocc_aimd_vs_pure,5.498576913671456,1.896232112525006,3.60234480114645,0.7182312900803706,0.1396721949001901,0.5785590951801804
DPA4,fcc_to_bcc,POCC__bcc__POCC_45_H4C7__Hf27_Mo27_Ta27_Ti27_Zr27_n135,bcc,POCC_45_H4C7,4.0,pure_pocc_aimd_vs_pure,5.425115167796466,1.912974483597092,3.512140684199374,0.6358108681227002,0.1416356289622962,0.49417523916040396
DPA4,fcc_to_bcc,POCC__bcc__POCC_46_H4C8__Hf27_Mo27_Ta27_Ti27_Zr27_n135,bcc,POCC_46_H4C8,4.0,pure_pocc_aimd_vs_pure,5.520309438178991,1.6599298519036665,3.8603795862753243,0.5693645557274196,0.1290354394483541,0.4403291162790655
DPA4,fcc_to_bcc,POCC__bcc__POCC_47_H4C10__Hf27_Mo27_Ta27_Ti27_Zr27_n135,bcc,POCC_47_H4C10,4.0,pure_pocc_aimd_vs_pure,5.491801119518442,0.9799860504020426,4.511815069116399,0.56913190931984,0.1030029771155929,0.4661289322042471
DPA4,fcc_to_bcc,POCC__bcc__POCC_48_H4C12__Hf27_Mo27_Ta27_Ti27_Zr27_n135,bcc,POCC_48_H4C12,4.0,pure_pocc_aimd_vs_pure,5.491008477984291,1.8687360417736896,3.6222724362106016,0.7195651522400304,0.1433868139120105,0.5761783383280199
DPA4,fcc_to_bcc,POCC__bcc__POCC_49_H4C14__Hf27_Mo27_Ta27_Ti27_Zr27_n135,bcc,POCC_49_H4C14,4.0,pure_pocc_aimd_vs_pure,5.462055158842634,1.9438993959317776,3.518155762910856,0.6574097483060479,0.1464137351268812,0.5109960131791668
