orientation,temperature_K,strain_bin,n_realization_pairs,strain_mean,stress_GPa_mean,stress_GPa_sd,stress_GPa_min,stress_GPa_max,curve_role
100,300,0,3,0.00045,0.0394706226666666,0.0401250855162345,0.0047290579999999,0.083389291,descriptive_equal_realization_mean_not_inferential_frames
100,300,1,3,0.00145,0.0967023986333333,0.0482579856181694,0.0418817259,0.1327645299999999,descriptive_equal_realization_mean_not_inferential_frames
100,300,2,3,0.00245,0.157361258,0.1140517390748545,0.0289215239999999,0.2467848,descriptive_equal_realization_mean_not_inferential_frames
100,300,3,3,0.00345,0.19279108,0.0691961843667148,0.13130706,0.2677247,descriptive_equal_realization_mean_not_inferential_frames
100,300,4,3,0.00445,0.3137754366666667,0.0766564022327165,0.263588,0.4020127999999999,descriptive_equal_realization_mean_not_inferential_frames
100,300,5,3,0.00545,0.3525182666666667,0.0642239435987337,0.2856398,0.4137094,descriptive_equal_realization_mean_not_inferential_frames
100,300,6,3,0.00645,0.3775648666666666,0.0457184840873288,0.3326456999999999,0.4240428,descriptive_equal_realization_mean_not_inferential_frames
100,300,7,3,0.00745,0.4806398666666666,0.0323052857138477,0.4442546,0.505954,descriptive_equal_realization_mean_not_inferential_frames
100,300,8,3,0.00845,0.5110381666666667,0.0579207580294261,0.4751948,0.5778603,descriptive_equal_realization_mean_not_inferential_frames
100,300,9,3,0.00945,0.6515931,0.0698117011819651,0.5770459000000001,0.7154319,descriptive_equal_realization_mean_not_inferential_frames
100,300,10,3,0.01045,0.6739657,0.1092674165495369,0.5507785999999999,0.7591828,descriptive_equal_realization_mean_not_inferential_frames
100,300,11,3,0.01145,0.7424360000000001,0.0394310932573521,0.6969049,0.7652193,descriptive_equal_realization_mean_not_inferential_frames
100,300,12,3,0.0124499999999999,0.8589607666666667,0.0571174499145692,0.7932352,0.8965685999999999,descriptive_equal_realization_mean_not_inferential_frames
100,300,13,3,0.0134499999999999,0.8125918333333333,0.0800466997412343,0.7208216000000001,0.8680237999999999,descriptive_equal_realization_mean_not_inferential_frames
100,300,14,3,0.01445,0.9190832,0.0592085597484012,0.8507686,0.9555836,descriptive_equal_realization_mean_not_inferential_frames
100,300,15,3,0.01545,0.9699318333333332,0.0864867276505669,0.9149206,1.0696197,descriptive_equal_realization_mean_not_inferential_frames
100,300,16,3,0.01645,1.0422262333333332,0.097229656261674,0.9340186,1.1222517999999997,descriptive_equal_realization_mean_not_inferential_frames
100,300,17,3,0.01745,1.1059329666666666,0.0867834460338106,1.01507,1.187961,descriptive_equal_realization_mean_not_inferential_frames
100,300,18,3,0.01845,1.1729269999999998,0.0627522381194486,1.120212,1.242339,descriptive_equal_realization_mean_not_inferential_frames
100,300,19,3,0.01945,1.2274899666666668,0.0656945645727508,1.180497,1.302557,descriptive_equal_realization_mean_not_inferential_frames
100,300,20,3,0.02045,1.2578773333333333,0.0598796823750205,1.1919499999999998,1.30889,descriptive_equal_realization_mean_not_inferential_frames
100,300,21,3,0.02145,1.357361,0.048439279835687,1.321242,1.412406,descriptive_equal_realization_mean_not_inferential_frames
100,300,22,3,0.02245,1.4010876666666665,0.1196978568953234,1.262939,1.473875,descriptive_equal_realization_mean_not_inferential_frames
100,300,23,3,0.02345,1.445339,0.0697059088456639,1.369643,1.506883,descriptive_equal_realization_mean_not_inferential_frames
100,300,24,3,0.02445,1.518198333333333,0.0430141144548314,1.4726879999999998,1.558182,descriptive_equal_realization_mean_not_inferential_frames
100,300,25,3,0.02545,1.5851210000000002,0.1186757866668681,1.496085,1.7198520000000002,descriptive_equal_realization_mean_not_inferential_frames
100,300,26,3,0.0264499999999999,1.6539726666666663,0.1939574075469491,1.467829,1.854898,descriptive_equal_realization_mean_not_inferential_frames
100,300,27,3,0.0274499999999999,1.688502,0.0652312833232643,1.6131920000000002,1.7273500000000002,descriptive_equal_realization_mean_not_inferential_frames
100,300,28,3,0.0284499999999999,1.8084566666666664,0.0487287720174983,1.761958,1.859145,descriptive_equal_realization_mean_not_inferential_frames
100,300,29,3,0.0294499999999999,1.808331,0.1436408787880387,1.6491209999999998,1.928208,descriptive_equal_realization_mean_not_inferential_frames
100,300,30,3,0.0304499999999999,1.871578,0.0568516166788595,1.8070230000000005,1.91418,descriptive_equal_realization_mean_not_inferential_frames
100,300,31,3,0.0314499999999999,1.9174856666666669,0.1219711276750911,1.785255,2.0255920000000005,descriptive_equal_realization_mean_not_inferential_frames
100,300,32,3,0.0324499999999999,1.9677573333333327,0.1006321848780663,1.852734,2.039554,descriptive_equal_realization_mean_not_inferential_frames
100,300,33,3,0.0334499999999999,2.025836333333333,0.0284426465071963,2.00787,2.058629,descriptive_equal_realization_mean_not_inferential_frames
100,300,34,3,0.0344499999999999,2.109172333333333,0.151422686775573,1.948002,2.248468,descriptive_equal_realization_mean_not_inferential_frames
100,300,35,3,0.0354499999999999,2.14399,0.1089734882804072,2.048132,2.2625140000000004,descriptive_equal_realization_mean_not_inferential_frames
100,300,36,3,0.0364499999999999,2.189902333333333,0.0659386581781382,2.116102,2.243021,descriptive_equal_realization_mean_not_inferential_frames
100,300,37,3,0.03745,2.2838826666666665,0.0998679423555595,2.175053,2.371323,descriptive_equal_realization_mean_not_inferential_frames
100,300,38,3,0.03845,2.291419666666666,0.1183432701987458,2.212319,2.427471,descriptive_equal_realization_mean_not_inferential_frames
100,300,39,3,0.03945,2.382376666666667,0.0888019839887224,2.279841,2.434432,descriptive_equal_realization_mean_not_inferential_frames
100,300,40,3,0.04045,2.411201,0.0577145786002117,2.351392,2.466564,descriptive_equal_realization_mean_not_inferential_frames
100,300,41,3,0.04145,2.480372,0.0726373587832047,2.409191,2.554383,descriptive_equal_realization_mean_not_inferential_frames
100,300,42,3,0.04245,2.503636,0.0768407357786217,2.455451,2.592251,descriptive_equal_realization_mean_not_inferential_frames
100,300,43,3,0.04345,2.613598333333333,0.0872597663894039,2.513354,2.672528,descriptive_equal_realization_mean_not_inferential_frames
100,300,44,3,0.04445,2.611933333333333,0.1259805561756787,2.522416,2.755995,descriptive_equal_realization_mean_not_inferential_frames
100,300,45,3,0.04545,2.661632666666667,0.084884241207266,2.60163,2.758754,descriptive_equal_realization_mean_not_inferential_frames
100,300,46,3,0.04645,2.7331636666666665,0.091141939162678,2.6286180000000003,2.795901,descriptive_equal_realization_mean_not_inferential_frames
100,300,47,3,0.04745,2.753778333333333,0.1180839072750108,2.634005,2.8700970000000003,descriptive_equal_realization_mean_not_inferential_frames
100,300,48,3,0.04845,2.8486233333333337,0.102398639162507,2.730405,2.909682,descriptive_equal_realization_mean_not_inferential_frames
100,300,49,3,0.04945,2.8020866666666664,0.0931981033623183,2.725391,2.905812,descriptive_equal_realization_mean_not_inferential_frames
100,300,50,3,0.0504499999999999,2.881831,0.0748722117544287,2.799099,2.944932,descriptive_equal_realization_mean_not_inferential_frames
100,300,51,3,0.0514499999999999,2.9396283333333333,0.0899915280253273,2.881733,3.0433059999999994,descriptive_equal_realization_mean_not_inferential_frames
100,300,52,3,0.05245,3.020462666666667,0.0908022789710331,2.954359,3.123997,descriptive_equal_realization_mean_not_inferential_frames
100,300,53,3,0.05345,3.0297749999999994,0.0843457468222317,2.944974,3.113658,descriptive_equal_realization_mean_not_inferential_frames
100,300,54,3,0.05445,3.0849816666666663,0.0927446096403095,3.0084569999999995,3.1881250000000003,descriptive_equal_realization_mean_not_inferential_frames
100,300,55,3,0.05545,3.139792,0.0723496390246697,3.079839,3.220154,descriptive_equal_realization_mean_not_inferential_frames
100,300,56,3,0.05645,3.2138943333333336,0.1553648790632342,3.068862,3.377857,descriptive_equal_realization_mean_not_inferential_frames
100,300,57,3,0.0574499999999999,3.222688,0.1327543575593663,3.0782669999999994,3.339403,descriptive_equal_realization_mean_not_inferential_frames
100,300,58,3,0.0584499999999999,3.256213,0.0733285885586242,3.182083,3.328713,descriptive_equal_realization_mean_not_inferential_frames
100,300,59,3,0.0594499999999999,3.2571046666666668,0.0469031587138154,3.2041759999999995,3.29351,descriptive_equal_realization_mean_not_inferential_frames
100,300,60,3,0.0604499999999999,3.3237403333333333,0.0764539712594011,3.235973,3.375863,descriptive_equal_realization_mean_not_inferential_frames
100,300,61,3,0.0614499999999999,3.395588333333334,0.0553524708241047,3.362331,3.4594860000000005,descriptive_equal_realization_mean_not_inferential_frames
100,300,62,3,0.0624499999999999,3.3579866666666667,0.1510259933598628,3.2397830000000005,3.528128,descriptive_equal_realization_mean_not_inferential_frames
100,300,63,3,0.0634499999999999,3.449199666666667,0.0800769310746443,3.36002,3.514945,descriptive_equal_realization_mean_not_inferential_frames
100,300,64,3,0.0644499999999999,3.4443756666666663,0.0941759460071059,3.336528,3.510373,descriptive_equal_realization_mean_not_inferential_frames
100,300,65,3,0.0654499999999999,3.472230333333333,0.1142067598977106,3.364353,3.591858,descriptive_equal_realization_mean_not_inferential_frames
100,300,66,3,0.0664499999999999,3.5592183333333334,0.1704713362543199,3.401586,3.740135,descriptive_equal_realization_mean_not_inferential_frames
100,300,67,3,0.0674499999999999,3.6223346666666663,0.0548456855307083,3.569344,3.678864,descriptive_equal_realization_mean_not_inferential_frames
100,300,68,3,0.0684499999999999,3.651253666666666,0.0655700491103474,3.5857299999999994,3.71687,descriptive_equal_realization_mean_not_inferential_frames
100,300,69,3,0.0694499999999999,3.68319,0.0803362675819579,3.626398000000001,3.775107,descriptive_equal_realization_mean_not_inferential_frames
100,300,70,3,0.0704499999999999,3.698741666666667,0.1381669793269478,3.561744,3.838049,descriptive_equal_realization_mean_not_inferential_frames
100,300,71,3,0.0714499999999999,3.694430333333333,0.0758754996974213,3.631066,3.778513,descriptive_equal_realization_mean_not_inferential_frames
100,300,72,3,0.0724499999999999,3.732570333333333,0.0880222080178253,3.667791,3.832788,descriptive_equal_realization_mean_not_inferential_frames
100,300,73,3,0.0734499999999999,3.7851456666666654,0.1161392122641332,3.651163,3.857117,descriptive_equal_realization_mean_not_inferential_frames
100,300,74,3,0.0744499999999999,3.771216666666666,0.084743165036086,3.686668,3.856153,descriptive_equal_realization_mean_not_inferential_frames
100,300,75,3,0.0754499999999999,3.807009,0.068995509969852,3.753183,3.884788999999999,descriptive_equal_realization_mean_not_inferential_frames
100,300,76,3,0.0764499999999999,3.909390333333333,0.0102716046620446,3.90008,3.920409,descriptive_equal_realization_mean_not_inferential_frames
100,300,77,3,0.0774499999999999,3.9003686666666666,0.0633790700810077,3.828757,3.949241,descriptive_equal_realization_mean_not_inferential_frames
100,300,78,3,0.0784499999999999,3.8340556666666665,0.1504071202082315,3.685088999999999,3.985863,descriptive_equal_realization_mean_not_inferential_frames
100,300,79,3,0.0794499999999999,3.945331,0.0848604568512329,3.868827,4.036607999999999,descriptive_equal_realization_mean_not_inferential_frames
100,300,80,3,0.08045,3.987909333333333,0.0830218379122828,3.896705,4.059084,descriptive_equal_realization_mean_not_inferential_frames
100,300,81,3,0.08145,3.958306333333333,0.0256962239703294,3.928954,3.976741,descriptive_equal_realization_mean_not_inferential_frames
100,300,82,3,0.08245,4.063329,0.0505846057313885,4.005137,4.096792000000001,descriptive_equal_realization_mean_not_inferential_frames
100,300,83,3,0.0834499999999999,4.03896,0.0545340850844679,3.977306,4.08088,descriptive_equal_realization_mean_not_inferential_frames
100,300,84,3,0.0844499999999999,3.998162333333333,0.0476286364735893,3.945234,4.037566,descriptive_equal_realization_mean_not_inferential_frames
100,300,85,3,0.0854499999999999,4.109182999999999,0.1019960404868737,3.991438,4.170353,descriptive_equal_realization_mean_not_inferential_frames
100,300,86,3,0.0864499999999999,4.111851000000001,0.0760870915727501,4.029738999999999,4.179971,descriptive_equal_realization_mean_not_inferential_frames
100,300,87,3,0.0874499999999999,4.030136,0.0568055008251845,3.981298,4.092476,descriptive_equal_realization_mean_not_inferential_frames
100,300,88,3,0.0884499999999999,4.093793999999999,0.0251343506182272,4.070014,4.120092999999999,descriptive_equal_realization_mean_not_inferential_frames
100,300,89,3,0.0894499999999999,4.156850666666666,0.0517576438251717,4.10432,4.207799,descriptive_equal_realization_mean_not_inferential_frames
100,300,90,3,0.0904499999999999,4.118402666666666,0.0967990927505686,4.0300080000000005,4.221843999999999,descriptive_equal_realization_mean_not_inferential_frames
100,300,91,3,0.0914499999999999,4.090476,0.0286449553848493,4.071481,4.123424,descriptive_equal_realization_mean_not_inferential_frames
100,300,92,3,0.0924499999999999,4.188011,0.0523590006684617,4.140242,4.243989999999999,descriptive_equal_realization_mean_not_inferential_frames
100,300,93,3,0.0934499999999999,4.159972666666667,0.0675433059920323,4.094625000000001,4.229516,descriptive_equal_realization_mean_not_inferential_frames
100,300,94,3,0.0944499999999999,4.266688333333334,0.0680618196152097,4.188221,4.309739,descriptive_equal_realization_mean_not_inferential_frames
100,300,95,3,0.09545,4.1652960000000006,0.0177839673020392,4.15278,4.185653,descriptive_equal_realization_mean_not_inferential_frames
100,300,96,3,0.09645,4.162950333333334,0.0513655747104358,4.114794999999999,4.217015,descriptive_equal_realization_mean_not_inferential_frames
100,300,97,3,0.09745,4.195850666666667,0.0450261800770761,4.144239000000001,4.227091,descriptive_equal_realization_mean_not_inferential_frames
100,300,98,3,0.09845,4.218088000000001,0.0571282127586706,4.164077000000001,4.277892,descriptive_equal_realization_mean_not_inferential_frames
100,300,99,3,0.09945,4.254229333333333,0.0556601189751987,4.193906,4.303596999999999,descriptive_equal_realization_mean_not_inferential_frames
100,300,100,3,0.10045,4.185097666666667,0.0856109427370903,4.086252,4.235697,descriptive_equal_realization_mean_not_inferential_frames
100,300,101,3,0.10145,4.1843053333333335,0.0462609846450907,4.133031,4.222915,descriptive_equal_realization_mean_not_inferential_frames
100,300,102,3,0.10245,4.211189333333333,0.0976554442534226,4.099574,4.280893,descriptive_equal_realization_mean_not_inferential_frames
100,300,103,3,0.10345,4.195617666666667,0.0598698526500053,4.127118,4.237945000000001,descriptive_equal_realization_mean_not_inferential_frames
100,300,104,3,0.10445,4.152607,0.0564815035564738,4.104725,4.214897,descriptive_equal_realization_mean_not_inferential_frames
100,300,105,3,0.10545,4.131099666666667,0.1014576913266476,4.046863,4.243729,descriptive_equal_realization_mean_not_inferential_frames
100,300,106,3,0.10645,4.209040666666667,0.1678487560940898,4.018969,4.336906,descriptive_equal_realization_mean_not_inferential_frames
100,300,107,3,0.10745,4.179136333333333,0.1197599146055697,4.040887,4.25105,descriptive_equal_realization_mean_not_inferential_frames
100,300,108,3,0.10845,4.193162,0.1370595771298014,4.076124,4.343941,descriptive_equal_realization_mean_not_inferential_frames
100,300,109,3,0.10945,4.272917333333333,0.0899438014669899,4.179319,4.358695999999999,descriptive_equal_realization_mean_not_inferential_frames
100,300,110,3,0.11045,4.212617333333333,0.0446467701220739,4.1672910000000005,4.256552,descriptive_equal_realization_mean_not_inferential_frames
100,300,111,3,0.11145,4.205241,0.0664482797595238,4.137780000000001,4.270628,descriptive_equal_realization_mean_not_inferential_frames
100,300,112,3,0.11245,4.208450666666667,0.0937410800894327,4.134794999999999,4.31397,descriptive_equal_realization_mean_not_inferential_frames
100,300,113,3,0.11345,4.150689333333333,0.0762990220208183,4.10454,4.238758,descriptive_equal_realization_mean_not_inferential_frames
100,300,114,3,0.11445,4.151998333333334,0.0483912250447669,4.096317000000001,4.183889,descriptive_equal_realization_mean_not_inferential_frames
100,300,115,3,0.11545,4.062087666666667,0.0117637342852231,4.048647,4.07051,descriptive_equal_realization_mean_not_inferential_frames
100,300,116,3,0.11645,4.060917666666668,0.0340842573974169,4.024246,4.091628000000001,descriptive_equal_realization_mean_not_inferential_frames
100,300,117,3,0.11745,4.065313333333333,0.0218633676805135,4.040108,4.079151,descriptive_equal_realization_mean_not_inferential_frames
100,300,118,3,0.1184499999999999,4.010755333333333,0.023699837348246,3.983746,4.028074999999999,descriptive_equal_realization_mean_not_inferential_frames
100,300,119,3,0.11945,3.967144,0.0224921306905326,3.942975,3.987462,descriptive_equal_realization_mean_not_inferential_frames
100,300,120,3,0.1204499999999999,3.9276206666666673,0.0702016417495583,3.846583,3.969855,descriptive_equal_realization_mean_not_inferential_frames
100,300,121,3,0.1214499999999999,3.887327,0.1780375362472759,3.725276,4.0779060000000005,descriptive_equal_realization_mean_not_inferential_frames
100,300,122,3,0.1224499999999999,3.945475333333333,0.1501833570217862,3.802299,4.101801,descriptive_equal_realization_mean_not_inferential_frames
100,300,123,3,0.1234499999999999,3.8770566666666655,0.1680586891783144,3.733675,4.061995,descriptive_equal_realization_mean_not_inferential_frames
100,300,124,3,0.1244499999999999,3.8369743333333326,0.1571346125153,3.687317999999999,4.000648,descriptive_equal_realization_mean_not_inferential_frames
100,300,125,3,0.1254499999999999,3.8573203333333335,0.2110911287627532,3.69738,4.096582,descriptive_equal_realization_mean_not_inferential_frames
100,300,126,3,0.12645,3.881753,0.2308576638905448,3.710322000000001,4.144256,descriptive_equal_realization_mean_not_inferential_frames
100,300,127,3,0.1274499999999999,3.805670000000001,0.2811384082138192,3.518669,4.080554,descriptive_equal_realization_mean_not_inferential_frames
100,300,128,3,0.12845,3.699528333333333,0.242387061117819,3.5100229999999994,3.972655,descriptive_equal_realization_mean_not_inferential_frames
100,300,129,3,0.1294499999999999,3.6333636666666655,0.3408254878047318,3.318287,3.995125,descriptive_equal_realization_mean_not_inferential_frames
100,300,130,3,0.13045,3.60426,0.2667186518018566,3.341905000000001,3.8751380000000006,descriptive_equal_realization_mean_not_inferential_frames
100,300,131,3,0.1314499999999999,3.5621043333333327,0.3294185189350064,3.319153,3.937051,descriptive_equal_realization_mean_not_inferential_frames
100,300,132,3,0.13245,3.5115843333333334,0.3547972041664549,3.268806,3.918762,descriptive_equal_realization_mean_not_inferential_frames
100,300,133,3,0.1334499999999999,3.4864226666666664,0.3897858218577649,3.2506120000000003,3.936334,descriptive_equal_realization_mean_not_inferential_frames
100,300,134,3,0.13445,3.3579286666666666,0.3576749929214139,3.0242599999999995,3.735548,descriptive_equal_realization_mean_not_inferential_frames
100,300,135,3,0.13545,3.387700666666667,0.3007281742775914,3.100305,3.700189,descriptive_equal_realization_mean_not_inferential_frames
100,300,136,3,0.13645,3.352957,0.3579545348560344,3.050709,3.748245,descriptive_equal_realization_mean_not_inferential_frames
100,300,137,3,0.13745,3.2882653333333334,0.4213413754301057,2.901382,3.737186,descriptive_equal_realization_mean_not_inferential_frames
100,300,138,3,0.13845,3.265604,0.4461249572586138,2.9113960000000003,3.766637,descriptive_equal_realization_mean_not_inferential_frames
100,300,139,3,0.13945,3.282763333333333,0.3584270631207044,2.978582,3.677908,descriptive_equal_realization_mean_not_inferential_frames
100,300,140,3,0.14045,3.268853,0.2986808038274304,3.0429230000000005,3.607488,descriptive_equal_realization_mean_not_inferential_frames
100,300,141,3,0.14145,3.263178333333333,0.2880136978866341,3.0675979999999994,3.593913,descriptive_equal_realization_mean_not_inferential_frames
100,300,142,3,0.14245,3.1460756666666665,0.2280693656989761,2.989452,3.407738,descriptive_equal_realization_mean_not_inferential_frames
100,300,143,3,0.14345,3.1301143333333328,0.2165223936463233,2.9630079999999994,3.374722,descriptive_equal_realization_mean_not_inferential_frames
100,300,144,3,0.14445,3.0904740000000004,0.2721004510598981,2.820196,3.364361,descriptive_equal_realization_mean_not_inferential_frames
100,300,145,3,0.14545,3.0970030000000004,0.3217462871223228,2.785831,3.4283720000000004,descriptive_equal_realization_mean_not_inferential_frames
100,300,146,3,0.14645,3.0702176666666667,0.2886417272196334,2.817994,3.385013,descriptive_equal_realization_mean_not_inferential_frames
100,300,147,3,0.14745,3.0077510000000003,0.2490094670268585,2.835508,3.2932590000000004,descriptive_equal_realization_mean_not_inferential_frames
100,300,148,3,0.14845,2.9320383333333333,0.161520569044111,2.821019,3.1173360000000003,descriptive_equal_realization_mean_not_inferential_frames
100,300,149,3,0.14945,2.885389333333334,0.1007429425634038,2.8263650000000005,3.001713,descriptive_equal_realization_mean_not_inferential_frames
100,300,150,3,0.15045,2.861280333333333,0.1325681680130391,2.715768,2.975194,descriptive_equal_realization_mean_not_inferential_frames
100,300,151,3,0.15145,2.7551376666666667,0.0169243606181543,2.7361380000000004,2.7685990000000005,descriptive_equal_realization_mean_not_inferential_frames
100,300,152,3,0.15245,2.7014790000000004,0.1102877559885957,2.583,2.801159,descriptive_equal_realization_mean_not_inferential_frames
100,300,153,3,0.15345,2.6805506666666665,0.2191772713087132,2.449464,2.885469,descriptive_equal_realization_mean_not_inferential_frames
100,300,154,3,0.15445,2.6152960000000003,0.3043714702054055,2.269971,2.844571,descriptive_equal_realization_mean_not_inferential_frames
100,300,155,3,0.15545,2.449558666666667,0.2883433940934549,2.11822,2.6435640000000005,descriptive_equal_realization_mean_not_inferential_frames
100,300,156,3,0.15645,2.3846643333333333,0.3707510479086113,1.957847,2.626823,descriptive_equal_realization_mean_not_inferential_frames
100,300,157,3,0.15745,2.292102333333333,0.4140888096886141,1.814013,2.537665,descriptive_equal_realization_mean_not_inferential_frames
100,300,158,3,0.15845,2.187750333333333,0.3975894879110027,1.729605,2.442407,descriptive_equal_realization_mean_not_inferential_frames
100,300,159,3,0.1594499999999999,2.105267,0.1698425007970619,1.911164,2.226598,descriptive_equal_realization_mean_not_inferential_frames
100,300,160,3,0.16045,1.996374,0.1688055452673283,1.808221,2.1345430000000003,descriptive_equal_realization_mean_not_inferential_frames
100,300,161,3,0.1614499999999999,2.0732086666666665,0.0735978574574921,1.989775,2.128917,descriptive_equal_realization_mean_not_inferential_frames
100,300,162,3,0.16245,2.018426,0.0864878857586425,1.952189,2.116272,descriptive_equal_realization_mean_not_inferential_frames
100,300,163,3,0.1634499999999999,2.0050776666666668,0.0644519972253253,1.931135,2.049358,descriptive_equal_realization_mean_not_inferential_frames
100,300,164,3,0.16445,2.0039096666666665,0.1687473256360923,1.858679,2.1890270000000003,descriptive_equal_realization_mean_not_inferential_frames
100,300,165,3,0.1654499999999999,1.940602333333333,0.0784259570571715,1.872651,2.02642,descriptive_equal_realization_mean_not_inferential_frames
100,300,166,3,0.16645,1.9667503333333332,0.072934168003298,1.883054,2.016697,descriptive_equal_realization_mean_not_inferential_frames
100,300,167,3,0.16745,1.8537,0.0411476558141528,1.8063180000000003,1.880447,descriptive_equal_realization_mean_not_inferential_frames
100,300,168,3,0.16845,1.800854,0.1541306832755892,1.6228849999999997,1.891081,descriptive_equal_realization_mean_not_inferential_frames
100,300,169,3,0.16945,1.8137073333333331,0.1597318901232103,1.629419,1.912381,descriptive_equal_realization_mean_not_inferential_frames
100,300,170,3,0.17045,1.8105023333333328,0.1553319577238802,1.65847,1.968936,descriptive_equal_realization_mean_not_inferential_frames
100,300,171,3,0.17145,1.7699730000000002,0.1102000465925492,1.64554,1.855241,descriptive_equal_realization_mean_not_inferential_frames
100,300,172,3,0.17245,1.7390216666666662,0.1367971600631144,1.5814489999999997,1.827379,descriptive_equal_realization_mean_not_inferential_frames
100,300,173,3,0.17345,1.7365936666666666,0.0920769692938106,1.676682,1.842616,descriptive_equal_realization_mean_not_inferential_frames
100,300,174,3,0.17445,1.824261,0.1492107771007176,1.6925839999999996,1.986327,descriptive_equal_realization_mean_not_inferential_frames
100,300,175,3,0.17545,1.8076086666666669,0.155629690744836,1.6870660000000002,1.983304,descriptive_equal_realization_mean_not_inferential_frames
100,300,176,3,0.17645,1.7811733333333333,0.1803409257665418,1.582907,1.935449,descriptive_equal_realization_mean_not_inferential_frames
100,300,177,3,0.17745,1.7122956666666669,0.1497806988010581,1.539349,1.799929,descriptive_equal_realization_mean_not_inferential_frames
100,300,178,3,0.17845,1.703931,0.1671240636742657,1.519273,1.8448040000000003,descriptive_equal_realization_mean_not_inferential_frames
100,300,179,3,0.1794499999999999,1.6066293333333332,0.2214072616386674,1.366997,1.803604,descriptive_equal_realization_mean_not_inferential_frames
100,300,180,3,0.18045,1.6269966666666666,0.225127978379706,1.3673959999999998,1.768554,descriptive_equal_realization_mean_not_inferential_frames
100,300,181,3,0.1814499999999999,1.6945193333333333,0.2256901121323956,1.441075,1.873782,descriptive_equal_realization_mean_not_inferential_frames
100,300,182,3,0.18245,1.60846,0.2270600682616827,1.346455,1.747907,descriptive_equal_realization_mean_not_inferential_frames
100,300,183,3,0.1834499999999999,1.5742146666666663,0.2031705115520786,1.361733,1.7665769999999998,descriptive_equal_realization_mean_not_inferential_frames
100,300,184,3,0.18445,1.5671126666666666,0.1892857923097592,1.350834,1.702579,descriptive_equal_realization_mean_not_inferential_frames
100,300,185,3,0.1854499999999999,1.6115896666666665,0.179313748369536,1.406478,1.7386469999999998,descriptive_equal_realization_mean_not_inferential_frames
100,300,186,3,0.18645,1.6175263333333334,0.2307219247001318,1.353563,1.780735,descriptive_equal_realization_mean_not_inferential_frames
100,300,187,3,0.1874499999999999,1.480707,0.1507949556086011,1.306584,1.567834,descriptive_equal_realization_mean_not_inferential_frames
100,300,188,3,0.18845,1.5391503333333336,0.1349129531858721,1.3953590000000002,1.6629550000000002,descriptive_equal_realization_mean_not_inferential_frames
100,300,189,3,0.1894499999999999,1.4761110000000002,0.2015296729193991,1.245968,1.621013,descriptive_equal_realization_mean_not_inferential_frames
100,300,190,3,0.19045,1.5004353333333331,0.1429775970225173,1.335435,1.58781,descriptive_equal_realization_mean_not_inferential_frames
100,300,191,3,0.1914499999999999,1.523896,0.1684461517310502,1.377755,1.708125,descriptive_equal_realization_mean_not_inferential_frames
100,300,192,3,0.19245,1.4582356666666667,0.1766550750624884,1.2832149999999998,1.6364810000000003,descriptive_equal_realization_mean_not_inferential_frames
100,300,193,3,0.1934499999999999,1.3754038333333334,0.1440814346440351,1.288141,1.5417070000000002,descriptive_equal_realization_mean_not_inferential_frames
100,300,194,3,0.19445,1.453239333333333,0.1237635340410628,1.3597309999999998,1.5935859999999995,descriptive_equal_realization_mean_not_inferential_frames
100,300,195,3,0.1954499999999999,1.4583606666666666,0.0951837663960263,1.381622,1.5648719999999998,descriptive_equal_realization_mean_not_inferential_frames
100,300,196,3,0.19645,1.389869,0.1903403921951408,1.17928,1.549649,descriptive_equal_realization_mean_not_inferential_frames
100,300,197,3,0.19745,1.3136533333333331,0.1378534922928445,1.1675619999999998,1.4414399999999998,descriptive_equal_realization_mean_not_inferential_frames
100,300,198,3,0.19845,1.3354203333333334,0.0851031990546379,1.239047,1.4002409999999998,descriptive_equal_realization_mean_not_inferential_frames
100,300,199,3,0.19945,1.4303241,0.1328927009490363,1.2770393,1.513155,descriptive_equal_realization_mean_not_inferential_frames
100,300,200,3,0.2,1.45443,0.1405100096078567,1.31395,1.59497,descriptive_equal_realization_mean_not_inferential_frames
100,1200,0,3,0.0004499999999999,-0.0150296033333333,0.085340453561456,-0.10870955,0.0582876,descriptive_equal_realization_mean_not_inferential_frames
100,1200,1,3,0.00145,0.0266757066666666,0.1201113990966012,-0.1120033499999999,0.09769976,descriptive_equal_realization_mean_not_inferential_frames
100,1200,2,3,0.00245,0.0814155958666666,0.1053982049362912,-0.03126568,0.1775805876,descriptive_equal_realization_mean_not_inferential_frames
100,1200,3,3,0.00345,0.1638413733333333,0.1497737901936514,0.006699826,0.30495884,descriptive_equal_realization_mean_not_inferential_frames
100,1200,4,3,0.00445,0.2834150866666667,0.0644161803044719,0.22267229,0.35096415,descriptive_equal_realization_mean_not_inferential_frames
100,1200,5,3,0.00545,0.2317505666666666,0.1152737974273357,0.13942221,0.3609487999999999,descriptive_equal_realization_mean_not_inferential_frames
100,1200,6,3,0.00645,0.4308390636666666,0.0805569398645627,0.357668111,0.5171631499999999,descriptive_equal_realization_mean_not_inferential_frames
100,1200,7,3,0.00745,0.3377939773333334,0.1672856531020169,0.160746332,0.4932139,descriptive_equal_realization_mean_not_inferential_frames
100,1200,8,3,0.00845,0.589772,0.0832773140808467,0.5188214,0.6814578,descriptive_equal_realization_mean_not_inferential_frames
100,1200,9,3,0.00945,0.3222693666666666,0.3776759322263134,-0.06318814,0.6916502999999999,descriptive_equal_realization_mean_not_inferential_frames
100,1200,10,3,0.01045,0.6201032666666667,0.1847916968807131,0.4104229999999999,0.7592014,descriptive_equal_realization_mean_not_inferential_frames
100,1200,11,3,0.01145,0.5082090833333334,0.1435271699754469,0.4209442499999999,0.6738607000000001,descriptive_equal_realization_mean_not_inferential_frames
100,1200,12,3,0.0124499999999999,0.7218943666666666,0.1166828959719603,0.5916595,0.8169126,descriptive_equal_realization_mean_not_inferential_frames
100,1200,13,3,0.0134499999999999,0.64554,0.1393873532343949,0.486192,0.7448353,descriptive_equal_realization_mean_not_inferential_frames
100,1200,14,3,0.01445,0.7787840666666667,0.1878978079544924,0.5792693,0.9523722,descriptive_equal_realization_mean_not_inferential_frames
100,1200,15,3,0.01545,0.7003846333333333,0.1979009352589657,0.5759180999999999,0.9285873,descriptive_equal_realization_mean_not_inferential_frames
100,1200,16,3,0.01645,0.9365231333333334,0.0861670532216538,0.8474347,1.0194366,descriptive_equal_realization_mean_not_inferential_frames
100,1200,17,3,0.01745,0.8878996666666668,0.1280454212837903,0.7516826000000001,1.0058009,descriptive_equal_realization_mean_not_inferential_frames
100,1200,18,3,0.01845,0.9359074333333334,0.0681426593002014,0.8602857,0.9925448,descriptive_equal_realization_mean_not_inferential_frames
100,1200,19,3,0.01945,0.9701141,0.0760495989435185,0.8910574,1.0427494000000002,descriptive_equal_realization_mean_not_inferential_frames
100,1200,20,3,0.02045,1.0541766333333331,0.1470040449324553,0.898064,1.1899549,descriptive_equal_realization_mean_not_inferential_frames
100,1200,21,3,0.02145,1.0129835333333337,0.0801062966482869,0.9266925,1.0849806000000002,descriptive_equal_realization_mean_not_inferential_frames
100,1200,22,3,0.02245,1.0885990666666667,0.1715894100071834,0.8945472000000001,1.220278,descriptive_equal_realization_mean_not_inferential_frames
100,1200,23,3,0.02345,1.1935600333333334,0.1615902013756507,1.078562,1.3783107,descriptive_equal_realization_mean_not_inferential_frames
100,1200,24,3,0.02445,1.1709804,0.1324148170114282,1.0214761,1.273482,descriptive_equal_realization_mean_not_inferential_frames
100,1200,25,3,0.02545,1.4328614,0.0636165980344753,1.3635389999999998,1.4885672,descriptive_equal_realization_mean_not_inferential_frames
100,1200,26,3,0.0264499999999999,1.2918676333333332,0.0767189071246673,1.2082069,1.358926,descriptive_equal_realization_mean_not_inferential_frames
100,1200,27,3,0.0274499999999999,1.3008896666666667,0.2262722577479029,1.113384,1.5522190000000002,descriptive_equal_realization_mean_not_inferential_frames
100,1200,28,3,0.0284499999999999,1.4870090666666669,0.1359701808721799,1.37027,1.636301,descriptive_equal_realization_mean_not_inferential_frames
100,1200,29,3,0.0294499999999999,1.3606239,0.154553139157152,1.2101227,1.518933,descriptive_equal_realization_mean_not_inferential_frames
100,1200,30,3,0.0304499999999999,1.5413523333333332,0.0349980160342459,1.5022179999999998,1.569651,descriptive_equal_realization_mean_not_inferential_frames
100,1200,31,3,0.0314499999999999,1.5794009333333332,0.207910161554969,1.3529668,1.7616999999999998,descriptive_equal_realization_mean_not_inferential_frames
100,1200,32,3,0.0324499999999999,1.593970333333333,0.2144833693537411,1.3506269999999998,1.755531,descriptive_equal_realization_mean_not_inferential_frames
100,1200,33,3,0.0334499999999999,1.653916,0.1939167431760341,1.453254,1.840298,descriptive_equal_realization_mean_not_inferential_frames
100,1200,34,3,0.0344499999999999,1.7011413333333334,0.1065910028535867,1.589028,1.801182,descriptive_equal_realization_mean_not_inferential_frames
100,1200,35,3,0.0354499999999999,1.798197,0.0691936275028272,1.747684,1.877064,descriptive_equal_realization_mean_not_inferential_frames
100,1200,36,3,0.0364499999999999,1.6910226666666668,0.0864037167622627,1.6081990000000002,1.780609,descriptive_equal_realization_mean_not_inferential_frames
100,1200,37,3,0.03745,1.8241793333333332,0.0573242318076165,1.773124,1.886191,descriptive_equal_realization_mean_not_inferential_frames
100,1200,38,3,0.03845,1.902902,0.1096640943472387,1.837842,2.0295150000000004,descriptive_equal_realization_mean_not_inferential_frames
100,1200,39,3,0.03945,1.722574,0.026672089700659,1.6974170000000002,1.7505390000000003,descriptive_equal_realization_mean_not_inferential_frames
100,1200,40,3,0.04045,2.0002383333333333,0.1780067093801053,1.832016,2.186635,descriptive_equal_realization_mean_not_inferential_frames
100,1200,41,3,0.04145,1.919895,0.1338857183720505,1.770635,2.0294030000000003,descriptive_equal_realization_mean_not_inferential_frames
100,1200,42,3,0.04245,2.033151333333333,0.1227845653424458,1.950137,2.174195,descriptive_equal_realization_mean_not_inferential_frames
100,1200,43,3,0.04345,1.8911473333333333,0.0917259151076366,1.820341,1.994767,descriptive_equal_realization_mean_not_inferential_frames
100,1200,44,3,0.04445,2.0542036666666665,0.2169751076260439,1.847261,2.279983,descriptive_equal_realization_mean_not_inferential_frames
100,1200,45,3,0.04545,2.167002,0.0957008708163097,2.077692,2.268017,descriptive_equal_realization_mean_not_inferential_frames
100,1200,46,3,0.04645,2.247403,0.0891840550995521,2.158825,2.337181,descriptive_equal_realization_mean_not_inferential_frames
100,1200,47,3,0.04745,2.185563333333333,0.0663438111758238,2.121884,2.254284,descriptive_equal_realization_mean_not_inferential_frames
100,1200,48,3,0.04845,2.1955516666666663,0.114029108478201,2.083748,2.311683,descriptive_equal_realization_mean_not_inferential_frames
100,1200,49,3,0.04945,2.1694936666666664,0.0972961427412891,2.063589,2.254922,descriptive_equal_realization_mean_not_inferential_frames
100,1200,50,3,0.0504499999999999,2.318249,0.0739847457182902,2.260924,2.4017670000000004,descriptive_equal_realization_mean_not_inferential_frames
100,1200,51,3,0.0514499999999999,2.218636,0.2209473927952082,1.970449,2.393917,descriptive_equal_realization_mean_not_inferential_frames
100,1200,52,3,0.05245,2.3792,0.0709056513474069,2.305941,2.4474910000000003,descriptive_equal_realization_mean_not_inferential_frames
100,1200,53,3,0.05345,2.272991,0.0524238968505775,2.228367,2.330726,descriptive_equal_realization_mean_not_inferential_frames
100,1200,54,3,0.05445,2.348698,0.0951140489149734,2.244129,2.430063,descriptive_equal_realization_mean_not_inferential_frames
100,1200,55,3,0.05545,2.426664,0.0583330077400437,2.362348,2.476152,descriptive_equal_realization_mean_not_inferential_frames
100,1200,56,3,0.05645,2.351684333333333,0.1224914941427908,2.235009,2.479263,descriptive_equal_realization_mean_not_inferential_frames
100,1200,57,3,0.0574499999999999,2.523552333333333,0.0961352120782667,2.467165,2.634555,descriptive_equal_realization_mean_not_inferential_frames
100,1200,58,3,0.0584499999999999,2.4917840000000004,0.1074226828188534,2.3795960000000003,2.593704,descriptive_equal_realization_mean_not_inferential_frames
100,1200,59,3,0.0594499999999999,2.56458,0.1816431400879206,2.453949,2.774216,descriptive_equal_realization_mean_not_inferential_frames
100,1200,60,3,0.0604499999999999,2.5614600000000003,0.1447219077230531,2.441755000000001,2.722295,descriptive_equal_realization_mean_not_inferential_frames
100,1200,61,3,0.0614499999999999,2.6074653333333333,0.197246689141626,2.3799020000000004,2.72946,descriptive_equal_realization_mean_not_inferential_frames
100,1200,62,3,0.0624499999999999,2.4861226666666663,0.1134007899325807,2.358104,2.573968,descriptive_equal_realization_mean_not_inferential_frames
100,1200,63,3,0.0634499999999999,2.769553333333333,0.0997858953075702,2.679492,2.876825,descriptive_equal_realization_mean_not_inferential_frames
100,1200,64,3,0.0644499999999999,2.571137,0.035902316067351,2.5331270000000004,2.604474,descriptive_equal_realization_mean_not_inferential_frames
100,1200,65,3,0.0654499999999999,2.724577333333334,0.0624877926825175,2.6745030000000005,2.794605,descriptive_equal_realization_mean_not_inferential_frames
100,1200,66,3,0.0664499999999999,2.5898936666666663,0.14554581913038,2.4631359999999995,2.748839,descriptive_equal_realization_mean_not_inferential_frames
100,1200,67,3,0.0674499999999999,2.737026333333333,0.0506616588786169,2.689056,2.790007,descriptive_equal_realization_mean_not_inferential_frames
100,1200,68,3,0.0684499999999999,2.6575943333333334,0.0586610479818875,2.589877,2.692828,descriptive_equal_realization_mean_not_inferential_frames
100,1200,69,3,0.0694499999999999,2.671821,0.091137510219448,2.567228,2.734181,descriptive_equal_realization_mean_not_inferential_frames
100,1200,70,3,0.0704499999999999,2.6658500000000003,0.1153073326679614,2.5717030000000003,2.794459,descriptive_equal_realization_mean_not_inferential_frames
100,1200,71,3,0.0714499999999999,2.857058666666666,0.0915767847455528,2.751511,2.915407,descriptive_equal_realization_mean_not_inferential_frames
100,1200,72,3,0.0724499999999999,2.7319433333333336,0.1201918119729185,2.598784,2.8323980000000004,descriptive_equal_realization_mean_not_inferential_frames
100,1200,73,3,0.0734499999999999,2.7870753333333327,0.1194897386235878,2.668721,2.907669,descriptive_equal_realization_mean_not_inferential_frames
100,1200,74,3,0.0744499999999999,2.8858666666666664,0.1471617475988012,2.716599,2.9834589999999994,descriptive_equal_realization_mean_not_inferential_frames
100,1200,75,3,0.0754499999999999,2.8172156666666672,0.1373885705738775,2.6647800000000004,2.9314880000000003,descriptive_equal_realization_mean_not_inferential_frames
100,1200,76,3,0.0764499999999999,2.882635,0.0311588735194328,2.861712,2.918445,descriptive_equal_realization_mean_not_inferential_frames
100,1200,77,3,0.0774499999999999,2.8890623333333334,0.1428160590561623,2.78078,3.0509189999999995,descriptive_equal_realization_mean_not_inferential_frames
100,1200,78,3,0.0784499999999999,2.804100333333333,0.1441761286390138,2.650223,2.9360670000000004,descriptive_equal_realization_mean_not_inferential_frames
100,1200,79,3,0.0794499999999999,2.8856776666666666,0.0248476380433499,2.863873,2.91273,descriptive_equal_realization_mean_not_inferential_frames
100,1200,80,3,0.08045,2.8710426666666664,0.1832251491262413,2.7611509999999995,3.082559,descriptive_equal_realization_mean_not_inferential_frames
100,1200,81,3,0.08145,2.8673333333333333,0.0403168856725484,2.824163,2.904008,descriptive_equal_realization_mean_not_inferential_frames
100,1200,82,3,0.08245,2.820991333333333,0.1176381583727548,2.721936,2.951016,descriptive_equal_realization_mean_not_inferential_frames
100,1200,83,3,0.0834499999999999,2.9267616666666663,0.1616705039279996,2.774646,3.096537,descriptive_equal_realization_mean_not_inferential_frames
100,1200,84,3,0.0844499999999999,2.744214,0.1576832937853594,2.594581,2.908872,descriptive_equal_realization_mean_not_inferential_frames
100,1200,85,3,0.0854499999999999,2.887226,0.1678560901129298,2.702704,3.030862,descriptive_equal_realization_mean_not_inferential_frames
100,1200,86,3,0.0864499999999999,2.9234416666666667,0.0825557479060864,2.8650450000000003,3.017892,descriptive_equal_realization_mean_not_inferential_frames
100,1200,87,3,0.0874499999999999,2.962039666666667,0.1273389574416776,2.83924,3.093478,descriptive_equal_realization_mean_not_inferential_frames
100,1200,88,3,0.0884499999999999,3.0570983333333337,0.0793348699900198,2.983799,3.141334,descriptive_equal_realization_mean_not_inferential_frames
100,1200,89,3,0.0894499999999999,2.918626333333333,0.2067767742526545,2.6894250000000004,3.091164,descriptive_equal_realization_mean_not_inferential_frames
100,1200,90,3,0.0904499999999999,3.058973333333333,0.1203530646445423,2.95395,3.1903040000000003,descriptive_equal_realization_mean_not_inferential_frames
100,1200,91,3,0.0914499999999999,3.016227,0.0246909833542529,2.987905,3.033224,descriptive_equal_realization_mean_not_inferential_frames
100,1200,92,3,0.0924499999999999,2.9351333333333334,0.1407697130860658,2.8426630000000004,3.09714,descriptive_equal_realization_mean_not_inferential_frames
100,1200,93,3,0.0934499999999999,2.937039,0.1390061273002021,2.835458,3.095457,descriptive_equal_realization_mean_not_inferential_frames
100,1200,94,3,0.0944499999999999,3.064826666666667,0.2459684316519769,2.822426,3.314214,descriptive_equal_realization_mean_not_inferential_frames
100,1200,95,3,0.09545,2.9370860000000003,0.0885377056852048,2.8519020000000004,3.028634,descriptive_equal_realization_mean_not_inferential_frames
100,1200,96,3,0.09645,3.070295,0.118604157300661,2.9541600000000003,3.191223,descriptive_equal_realization_mean_not_inferential_frames
100,1200,97,3,0.09745,2.881169333333333,0.0759246600804592,2.825951,2.967751,descriptive_equal_realization_mean_not_inferential_frames
100,1200,98,3,0.09845,3.0393383333333333,0.0496053333557324,2.982893,3.075995,descriptive_equal_realization_mean_not_inferential_frames
100,1200,99,3,0.09945,2.8530530000000005,0.0924801572284565,2.763269,2.9480120000000003,descriptive_equal_realization_mean_not_inferential_frames
100,1200,100,3,0.10045,2.8743513333333333,0.0340798743591192,2.840716,2.908859,descriptive_equal_realization_mean_not_inferential_frames
100,1200,101,3,0.10145,2.9323753333333333,0.0779115956988005,2.847873,3.001361,descriptive_equal_realization_mean_not_inferential_frames
100,1200,102,3,0.10245,3.0398340000000004,0.2216923795735885,2.8133989999999995,3.256458,descriptive_equal_realization_mean_not_inferential_frames
100,1200,103,3,0.10345,2.889128,0.2618039857068642,2.653136,3.170746,descriptive_equal_realization_mean_not_inferential_frames
100,1200,104,3,0.10445,2.9299890000000004,0.2735931979801398,2.628889,3.163348,descriptive_equal_realization_mean_not_inferential_frames
100,1200,105,3,0.10545,2.8346256666666663,0.1751681262225905,2.7319980000000004,3.0368850000000003,descriptive_equal_realization_mean_not_inferential_frames
100,1200,106,3,0.10645,3.0401686666666663,0.1621527483403635,2.865482,3.185881,descriptive_equal_realization_mean_not_inferential_frames
100,1200,107,3,0.10745,2.9487520000000003,0.2116317355903886,2.744044,3.1666870000000005,descriptive_equal_realization_mean_not_inferential_frames
100,1200,108,3,0.10845,2.90607,0.2844366982247544,2.579959,3.102933,descriptive_equal_realization_mean_not_inferential_frames
100,1200,109,3,0.10945,2.8531409999999995,0.1362043611783411,2.711071,2.982603,descriptive_equal_realization_mean_not_inferential_frames
100,1200,110,3,0.11045,2.8960526666666677,0.1891109197384786,2.682885,3.043656,descriptive_equal_realization_mean_not_inferential_frames
100,1200,111,3,0.11145,2.934317666666667,0.0976831239126458,2.846489,3.039523,descriptive_equal_realization_mean_not_inferential_frames
100,1200,112,3,0.11245,2.94959,0.1893204874042953,2.8325000000000005,3.168009,descriptive_equal_realization_mean_not_inferential_frames
100,1200,113,3,0.11345,3.035772333333333,0.2465782135435594,2.7638480000000003,3.244835,descriptive_equal_realization_mean_not_inferential_frames
100,1200,114,3,0.11445,2.782802333333333,0.0795843356844384,2.6942479999999995,2.8483460000000003,descriptive_equal_realization_mean_not_inferential_frames
100,1200,115,3,0.11545,2.866092,0.3445624554315226,2.471568,3.107923,descriptive_equal_realization_mean_not_inferential_frames
100,1200,116,3,0.11645,2.682283,0.1171519469919302,2.566431,2.800693,descriptive_equal_realization_mean_not_inferential_frames
100,1200,117,3,0.11745,2.894569666666667,0.2702880775660172,2.591442,3.110483,descriptive_equal_realization_mean_not_inferential_frames
100,1200,118,3,0.1184499999999999,2.616737,0.3925072684358854,2.166382,2.886042,descriptive_equal_realization_mean_not_inferential_frames
100,1200,119,3,0.11945,2.787383333333333,0.1797828759263054,2.643609,2.988957,descriptive_equal_realization_mean_not_inferential_frames
100,1200,120,3,0.1204499999999999,2.573552,0.2530307799991926,2.356746,2.8515749999999995,descriptive_equal_realization_mean_not_inferential_frames
100,1200,121,3,0.1214499999999999,2.725278333333333,0.2638289716205053,2.426182,2.9249440000000004,descriptive_equal_realization_mean_not_inferential_frames
100,1200,122,3,0.1224499999999999,2.7323953333333333,0.1993825576431732,2.505217,2.878325,descriptive_equal_realization_mean_not_inferential_frames
100,1200,123,3,0.1234499999999999,2.623225666666667,0.313680779598198,2.261019,2.804945,descriptive_equal_realization_mean_not_inferential_frames
100,1200,124,3,0.1244499999999999,2.677726,0.2310048307049012,2.455531,2.916633,descriptive_equal_realization_mean_not_inferential_frames
100,1200,125,3,0.1254499999999999,2.482784,0.0978887368189008,2.37058,2.550714,descriptive_equal_realization_mean_not_inferential_frames
100,1200,126,3,0.12645,2.673582333333333,0.116588522734158,2.5712590000000004,2.800509,descriptive_equal_realization_mean_not_inferential_frames
100,1200,127,3,0.1274499999999999,2.5184246666666668,0.1509287671762187,2.4310600000000004,2.692702,descriptive_equal_realization_mean_not_inferential_frames
100,1200,128,3,0.12845,2.5241243333333334,0.1908329061308174,2.306711,2.663908,descriptive_equal_realization_mean_not_inferential_frames
100,1200,129,3,0.1294499999999999,2.461169333333333,0.2714469020127754,2.161241,2.689973,descriptive_equal_realization_mean_not_inferential_frames
100,1200,130,3,0.13045,2.593712,0.3184113050505588,2.26246,2.897504,descriptive_equal_realization_mean_not_inferential_frames
100,1200,131,3,0.1314499999999999,2.411981,0.2901394085039124,2.076972,2.582243,descriptive_equal_realization_mean_not_inferential_frames
100,1200,132,3,0.13245,2.591139666666667,0.3608212111632762,2.274739,2.9840950000000004,descriptive_equal_realization_mean_not_inferential_frames
100,1200,133,3,0.1334499999999999,2.406112333333333,0.3398262503255647,2.083812,2.761102,descriptive_equal_realization_mean_not_inferential_frames
100,1200,134,3,0.13445,2.474533333333333,0.1951786978369651,2.279054,2.66941,descriptive_equal_realization_mean_not_inferential_frames
100,1200,135,3,0.13545,2.201646333333333,0.3798825635039506,1.7653690000000002,2.459248,descriptive_equal_realization_mean_not_inferential_frames
100,1200,136,3,0.13645,2.323791333333333,0.1772377328035238,2.201648,2.527074,descriptive_equal_realization_mean_not_inferential_frames
100,1200,137,3,0.13745,2.159569333333333,0.3564176747151205,1.900232,2.56599,descriptive_equal_realization_mean_not_inferential_frames
100,1200,138,3,0.13845,2.159739,0.5562311781993167,1.6437800000000002,2.748978,descriptive_equal_realization_mean_not_inferential_frames
100,1200,139,3,0.13945,2.222094333333333,0.4330108721606577,1.7325009999999998,2.554767,descriptive_equal_realization_mean_not_inferential_frames
100,1200,140,3,0.14045,2.111609333333333,0.341626127271222,1.90824,2.506021,descriptive_equal_realization_mean_not_inferential_frames
100,1200,141,3,0.14145,2.140103,0.4584735407403572,1.693826,2.60987,descriptive_equal_realization_mean_not_inferential_frames
100,1200,142,3,0.14245,2.1371233333333333,0.2906950815447923,1.933295,2.4700010000000003,descriptive_equal_realization_mean_not_inferential_frames
100,1200,143,3,0.14345,1.9518236666666668,0.5881046671548642,1.534211,2.6243830000000004,descriptive_equal_realization_mean_not_inferential_frames
100,1200,144,3,0.14445,2.082252,0.4662241796957769,1.773848,2.618593,descriptive_equal_realization_mean_not_inferential_frames
100,1200,145,3,0.14545,1.915507,0.5389015427404157,1.488251,2.520931,descriptive_equal_realization_mean_not_inferential_frames
100,1200,146,3,0.14645,1.921411,0.4353014471110795,1.5511119999999998,2.400918,descriptive_equal_realization_mean_not_inferential_frames
100,1200,147,3,0.14745,1.7514743333333334,0.4385400832105696,1.374084,2.232573,descriptive_equal_realization_mean_not_inferential_frames
100,1200,148,3,0.14845,2.0325873333333333,0.7810946929792402,1.5044879999999998,2.929837,descriptive_equal_realization_mean_not_inferential_frames
100,1200,149,3,0.14945,1.6415783333333334,0.5262751125270255,1.190087,2.219577,descriptive_equal_realization_mean_not_inferential_frames
100,1200,150,3,0.15045,1.8592010333333333,0.8579410179811333,1.3145361000000002,2.84817,descriptive_equal_realization_mean_not_inferential_frames
100,1200,151,3,0.15145,1.4922658,0.5586606019376342,1.0436484,2.11802,descriptive_equal_realization_mean_not_inferential_frames
100,1200,152,3,0.15245,1.4457051,0.7317062761480386,0.9327133,2.283599,descriptive_equal_realization_mean_not_inferential_frames
100,1200,153,3,0.15345,1.5380516666666664,0.5750607939551546,1.173291,2.20096,descriptive_equal_realization_mean_not_inferential_frames
100,1200,154,3,0.15445,1.4555729,0.821727908669366,0.6466757,2.289557,descriptive_equal_realization_mean_not_inferential_frames
100,1200,155,3,0.15545,1.4632018,0.6411856582105451,0.9904673,2.193037,descriptive_equal_realization_mean_not_inferential_frames
100,1200,156,3,0.15645,1.4580573,0.535872125993478,0.9078329,1.97832,descriptive_equal_realization_mean_not_inferential_frames
100,1200,157,3,0.15745,1.380205466666667,0.5531318979224155,0.97356,2.010066,descriptive_equal_realization_mean_not_inferential_frames
100,1200,158,3,0.15845,1.5075509666666669,0.3564879288463541,1.1899642,1.893143,descriptive_equal_realization_mean_not_inferential_frames
100,1200,159,3,0.1594499999999999,1.2578196333333331,0.377751351988346,0.9967831,1.690978,descriptive_equal_realization_mean_not_inferential_frames
100,1200,160,3,0.16045,1.3066566999999998,0.2250310111181791,1.1546920999999997,1.565174,descriptive_equal_realization_mean_not_inferential_frames
100,1200,161,3,0.1614499999999999,1.0994079666666667,0.2282276098912077,0.8854936999999999,1.3396631,descriptive_equal_realization_mean_not_inferential_frames
100,1200,162,3,0.16245,1.1638641333333333,0.1272315586274622,1.0502328,1.301326,descriptive_equal_realization_mean_not_inferential_frames
100,1200,163,3,0.1634499999999999,1.0553418666666667,0.3046425422921481,0.7786607000000001,1.3818119999999998,descriptive_equal_realization_mean_not_inferential_frames
100,1200,164,3,0.16445,1.2036768333333334,0.1471191504762154,1.0972341,1.3715564,descriptive_equal_realization_mean_not_inferential_frames
100,1200,165,3,0.1654499999999999,0.7142911333333334,0.2270320587327114,0.5368472,0.9701322,descriptive_equal_realization_mean_not_inferential_frames
100,1200,166,3,0.16645,1.1637624,0.2890644014933871,0.8440256999999999,1.4066040000000002,descriptive_equal_realization_mean_not_inferential_frames
100,1200,167,3,0.16745,0.7826269333333334,0.4146189976502444,0.4828125999999999,1.2557870000000002,descriptive_equal_realization_mean_not_inferential_frames
100,1200,168,3,0.16845,1.1945214333333332,0.0349267656796808,1.1583074999999998,1.2280002,descriptive_equal_realization_mean_not_inferential_frames
100,1200,169,3,0.16945,0.9502351333333332,0.1582066538506308,0.847467,1.1324182,descriptive_equal_realization_mean_not_inferential_frames
100,1200,170,3,0.17045,1.0936062666666666,0.1285391985716939,0.954315,1.2076454,descriptive_equal_realization_mean_not_inferential_frames
100,1200,171,3,0.17145,0.9077007,0.0839136921587294,0.8418801,1.0021922,descriptive_equal_realization_mean_not_inferential_frames
100,1200,172,3,0.17245,0.9340898,0.1301593240965471,0.7850895,1.0256379,descriptive_equal_realization_mean_not_inferential_frames
100,1200,173,3,0.17345,0.8989903666666667,0.3364716003012784,0.528653,1.185898,descriptive_equal_realization_mean_not_inferential_frames
100,1200,174,3,0.17445,0.9523287666666668,0.2834497455365294,0.6361071,1.1835604,descriptive_equal_realization_mean_not_inferential_frames
100,1200,175,3,0.17545,1.0559040000000002,0.1449523219888526,0.8997970000000001,1.1862464,descriptive_equal_realization_mean_not_inferential_frames
100,1200,176,3,0.17645,1.1855627999999998,0.0750982417850778,1.0988527,1.2297924,descriptive_equal_realization_mean_not_inferential_frames
100,1200,177,3,0.17745,0.8673663,0.0726274571657992,0.789967,0.9340259,descriptive_equal_realization_mean_not_inferential_frames
100,1200,178,3,0.17845,1.0334892666666666,0.4520026417149498,0.5489236,1.443711,descriptive_equal_realization_mean_not_inferential_frames
100,1200,179,3,0.1794499999999999,0.7865194333333333,0.1747574486009775,0.6119488,0.9614631,descriptive_equal_realization_mean_not_inferential_frames
100,1200,180,3,0.18045,0.9688231666666668,0.304683333740957,0.7759748999999999,1.3200788,descriptive_equal_realization_mean_not_inferential_frames
100,1200,181,3,0.1814499999999999,0.8682202333333334,0.1535266273466701,0.6996435000000001,1.0000148,descriptive_equal_realization_mean_not_inferential_frames
100,1200,182,3,0.18245,0.9448818333333334,0.3357592698186357,0.5581305999999999,1.16175,descriptive_equal_realization_mean_not_inferential_frames
100,1200,183,3,0.1834499999999999,1.0003236333333334,0.2146862192838965,0.7563240999999999,1.1602488999999998,descriptive_equal_realization_mean_not_inferential_frames
100,1200,184,3,0.18445,0.7780745666666666,0.3176290802991176,0.4630143,1.0982116,descriptive_equal_realization_mean_not_inferential_frames
100,1200,185,3,0.1854499999999999,1.0483299,0.1709541650593223,0.93527,1.244997,descriptive_equal_realization_mean_not_inferential_frames
100,1200,186,3,0.18645,0.9707759333333332,0.2297477774484953,0.7055361,1.1078584,descriptive_equal_realization_mean_not_inferential_frames
100,1200,187,3,0.1874499999999999,0.7921467666666665,0.3492076935976974,0.3957998,1.0545684,descriptive_equal_realization_mean_not_inferential_frames
100,1200,188,3,0.18845,1.0320352333333334,0.2239648133498728,0.8486285,1.2816364000000002,descriptive_equal_realization_mean_not_inferential_frames
100,1200,189,3,0.1894499999999999,0.8497432333333333,0.2250581174401478,0.617537,1.0668976,descriptive_equal_realization_mean_not_inferential_frames
100,1200,190,3,0.19045,0.8430580333333334,0.0573300862945742,0.7768591,0.8762788,descriptive_equal_realization_mean_not_inferential_frames
100,1200,191,3,0.1914499999999999,0.8674144333333335,0.1714748260329875,0.7520241000000001,1.064456,descriptive_equal_realization_mean_not_inferential_frames
100,1200,192,3,0.19245,0.8949693,0.0843567269795953,0.8285766999999999,0.9898913999999998,descriptive_equal_realization_mean_not_inferential_frames
100,1200,193,3,0.1934499999999999,0.6356266133333334,0.3647440383184686,0.26823124,0.9976602,descriptive_equal_realization_mean_not_inferential_frames
100,1200,194,3,0.19445,0.7860141333333334,0.1328011885402134,0.6786358,0.9345114,descriptive_equal_realization_mean_not_inferential_frames
100,1200,195,3,0.1954499999999999,0.7409652666666666,0.1770450475982973,0.5564190999999999,0.9094091,descriptive_equal_realization_mean_not_inferential_frames
100,1200,196,3,0.19645,0.8459328,0.2068053249943288,0.6727187,1.0748989,descriptive_equal_realization_mean_not_inferential_frames
100,1200,197,3,0.19745,0.7040909666666666,0.1741010962412451,0.5690820000000001,0.9005939999999999,descriptive_equal_realization_mean_not_inferential_frames
100,1200,198,3,0.19845,0.5458361666666667,0.0911673548896935,0.469576,0.6468134999999999,descriptive_equal_realization_mean_not_inferential_frames
100,1200,199,3,0.19945,0.7318507,0.2072911455395767,0.4935737,0.8706786,descriptive_equal_realization_mean_not_inferential_frames
100,1200,200,3,0.2,0.6582673333333333,0.166988837933358,0.545178,0.850065,descriptive_equal_realization_mean_not_inferential_frames
110,300,0,3,0.00045,-0.0054417855999999,0.0777586087770403,-0.0657902358,0.082308039,descriptive_equal_realization_mean_not_inferential_frames
110,300,1,3,0.00145,0.0816251829999999,0.11348951424825,-0.039139556,0.1860731649999999,descriptive_equal_realization_mean_not_inferential_frames
110,300,2,3,0.00245,0.15364207,0.1042412112805482,0.05366417,0.2616788,descriptive_equal_realization_mean_not_inferential_frames
110,300,3,3,0.00345,0.2412443523333333,0.055981456117729,0.2009195,0.3051601,descriptive_equal_realization_mean_not_inferential_frames
110,300,4,3,0.00445,0.3274188533333333,0.1392165528101462,0.18943247,0.4678338,descriptive_equal_realization_mean_not_inferential_frames
110,300,5,3,0.00545,0.3686798333333332,0.1176626098042336,0.2739959999999999,0.5004061,descriptive_equal_realization_mean_not_inferential_frames
110,300,6,3,0.00645,0.5653243333333333,0.103704652282351,0.4759868,0.6790493,descriptive_equal_realization_mean_not_inferential_frames
110,300,7,3,0.00745,0.5908428,0.0793725037286842,0.5129124,0.6715828,descriptive_equal_realization_mean_not_inferential_frames
110,300,8,3,0.00845,0.6480170333333334,0.1243234636027058,0.5508047,0.7881035,descriptive_equal_realization_mean_not_inferential_frames
110,300,9,3,0.00945,0.8108653333333332,0.1643607420288169,0.6359271000000001,0.9620676,descriptive_equal_realization_mean_not_inferential_frames
110,300,10,3,0.01045,0.8730176333333334,0.090800094606632,0.7789725000000001,0.9601811,descriptive_equal_realization_mean_not_inferential_frames
110,300,11,3,0.01145,0.9274131666666668,0.0875003165553892,0.8498525000000001,1.0222699,descriptive_equal_realization_mean_not_inferential_frames
110,300,12,3,0.0124499999999999,1.0093615666666669,0.0715466895975861,0.9425217,1.0848321,descriptive_equal_realization_mean_not_inferential_frames
110,300,13,3,0.0134499999999999,1.1453243000000002,0.0589445729680858,1.0804081,1.195499,descriptive_equal_realization_mean_not_inferential_frames
110,300,14,3,0.01445,1.2022376,0.1937191537806211,0.9901368000000002,1.369827,descriptive_equal_realization_mean_not_inferential_frames
110,300,15,3,0.01545,1.2738846666666668,0.114102097528193,1.1631160000000005,1.3910509999999998,descriptive_equal_realization_mean_not_inferential_frames
110,300,16,3,0.01645,1.370944333333333,0.114260626903292,1.2718080000000005,1.495908,descriptive_equal_realization_mean_not_inferential_frames
110,300,17,3,0.01745,1.4910826666666666,0.0773353829390746,1.408225,1.561351,descriptive_equal_realization_mean_not_inferential_frames
110,300,18,3,0.01845,1.5509156666666666,0.1239934698777857,1.412859,1.652802,descriptive_equal_realization_mean_not_inferential_frames
110,300,19,3,0.01945,1.6293523333333333,0.0918194206490834,1.526004,1.7015239999999998,descriptive_equal_realization_mean_not_inferential_frames
110,300,20,3,0.02045,1.7787196666666667,0.1012937457611934,1.6769610000000004,1.879542,descriptive_equal_realization_mean_not_inferential_frames
110,300,21,3,0.02145,1.843696,0.156925429115233,1.6830349999999998,1.996598,descriptive_equal_realization_mean_not_inferential_frames
110,300,22,3,0.02245,1.9035966666666664,0.1533754949799129,1.737323,2.039543,descriptive_equal_realization_mean_not_inferential_frames
110,300,23,3,0.02345,2.0173330000000003,0.1672149770534924,1.832439,2.157962,descriptive_equal_realization_mean_not_inferential_frames
110,300,24,3,0.02445,2.112707,0.1672208103945202,1.954252,2.2874950000000003,descriptive_equal_realization_mean_not_inferential_frames
110,300,25,3,0.02545,2.1935556666666667,0.1331529502539593,2.061303,2.327591,descriptive_equal_realization_mean_not_inferential_frames
110,300,26,3,0.0264499999999999,2.280839,0.1606618959772356,2.103272,2.4161490000000003,descriptive_equal_realization_mean_not_inferential_frames
110,300,27,3,0.0274499999999999,2.411582333333333,0.1004343649073031,2.298298,2.48972,descriptive_equal_realization_mean_not_inferential_frames
110,300,28,3,0.0284499999999999,2.499390333333333,0.1758771420319688,2.315027,2.665331,descriptive_equal_realization_mean_not_inferential_frames
110,300,29,3,0.0294499999999999,2.573871666666667,0.1568479124831868,2.431848,2.742214,descriptive_equal_realization_mean_not_inferential_frames
110,300,30,3,0.0304499999999999,2.6563046666666668,0.1960910405330479,2.4379859999999995,2.817468,descriptive_equal_realization_mean_not_inferential_frames
110,300,31,3,0.0314499999999999,2.757494,0.1336870566060904,2.618782,2.885514,descriptive_equal_realization_mean_not_inferential_frames
110,300,32,3,0.0324499999999999,2.896187333333333,0.1056186160406079,2.8037499999999995,3.011303,descriptive_equal_realization_mean_not_inferential_frames
110,300,33,3,0.0334499999999999,2.949388666666666,0.1691157818783724,2.7575000000000003,3.076705,descriptive_equal_realization_mean_not_inferential_frames
110,300,34,3,0.0344499999999999,3.042463,0.2036883116602425,2.830285,3.2364400000000004,descriptive_equal_realization_mean_not_inferential_frames
110,300,35,3,0.0354499999999999,3.163215,0.177789411329809,3.015139,3.360396,descriptive_equal_realization_mean_not_inferential_frames
110,300,36,3,0.0364499999999999,3.236342666666667,0.1363361003488561,3.082461,3.3420560000000004,descriptive_equal_realization_mean_not_inferential_frames
110,300,37,3,0.03745,3.3264,0.1283030404472161,3.1837660000000003,3.4324060000000003,descriptive_equal_realization_mean_not_inferential_frames
110,300,38,3,0.03845,3.4182010000000003,0.1688393169880763,3.22466,3.535297000000001,descriptive_equal_realization_mean_not_inferential_frames
110,300,39,3,0.03945,3.503871,0.1843730220612545,3.306519,3.671703,descriptive_equal_realization_mean_not_inferential_frames
110,300,40,3,0.04045,3.6200233333333336,0.1299067389719767,3.476813,3.730279,descriptive_equal_realization_mean_not_inferential_frames
110,300,41,3,0.04145,3.6931766666666666,0.184557480228609,3.491495,3.85364,descriptive_equal_realization_mean_not_inferential_frames
110,300,42,3,0.04245,3.799622,0.1720003102642549,3.608496,3.941953,descriptive_equal_realization_mean_not_inferential_frames
110,300,43,3,0.04345,3.895833,0.1470003225948839,3.732576,4.017704,descriptive_equal_realization_mean_not_inferential_frames
110,300,44,3,0.04445,3.990281333333334,0.1815053690564919,3.790894,4.145901,descriptive_equal_realization_mean_not_inferential_frames
110,300,45,3,0.04545,4.1157156666666666,0.1719360168909737,3.921235,4.247523999999999,descriptive_equal_realization_mean_not_inferential_frames
110,300,46,3,0.04645,4.194127666666667,0.1434054460658085,4.028626999999999,4.2815970000000005,descriptive_equal_realization_mean_not_inferential_frames
110,300,47,3,0.04745,4.2835296666666665,0.1756485925999217,4.081018,4.394491,descriptive_equal_realization_mean_not_inferential_frames
110,300,48,3,0.04845,4.367371333333334,0.2089204751127406,4.126512,4.499542,descriptive_equal_realization_mean_not_inferential_frames
110,300,49,3,0.04945,4.490493666666667,0.1781881173628964,4.287823,4.622561,descriptive_equal_realization_mean_not_inferential_frames
110,300,50,3,0.0504499999999999,4.507734666666667,0.1824563511975763,4.313911,4.676163,descriptive_equal_realization_mean_not_inferential_frames
110,300,51,3,0.0514499999999999,4.641673666666667,0.1442896066469554,4.475106000000001,4.728259,descriptive_equal_realization_mean_not_inferential_frames
110,300,52,3,0.05245,4.775996999999999,0.2063224511365644,4.546091,4.945046,descriptive_equal_realization_mean_not_inferential_frames
110,300,53,3,0.05345,4.853256666666667,0.1906832312562733,4.643395,5.015882,descriptive_equal_realization_mean_not_inferential_frames
110,300,54,3,0.05445,5.008059666666667,0.2052585629525187,4.776661000000001,5.168167,descriptive_equal_realization_mean_not_inferential_frames
110,300,55,3,0.05545,5.054348333333333,0.1458755112838794,4.893945,5.179078,descriptive_equal_realization_mean_not_inferential_frames
110,300,56,3,0.05645,5.146787000000001,0.1969094554636721,4.922033000000001,5.288956000000001,descriptive_equal_realization_mean_not_inferential_frames
110,300,57,3,0.0574499999999999,5.228109333333333,0.1809205705726498,5.02761,5.379174999999999,descriptive_equal_realization_mean_not_inferential_frames
110,300,58,3,0.0584499999999999,5.372554,0.1823223167881539,5.162029,5.478736,descriptive_equal_realization_mean_not_inferential_frames
110,300,59,3,0.0594499999999999,5.441246666666667,0.1688383687386642,5.264940000000001,5.601465,descriptive_equal_realization_mean_not_inferential_frames
110,300,60,3,0.0604499999999999,5.563683999999999,0.1792904577048091,5.358956,5.692691999999999,descriptive_equal_realization_mean_not_inferential_frames
110,300,61,3,0.0614499999999999,5.643999000000001,0.2170546602609579,5.393368000000001,5.7702100000000005,descriptive_equal_realization_mean_not_inferential_frames
110,300,62,3,0.0624499999999999,5.729641999999999,0.1965150238251519,5.506575,5.877217,descriptive_equal_realization_mean_not_inferential_frames
110,300,63,3,0.0634499999999999,5.834905333333334,0.2110304713408313,5.599087,6.005976,descriptive_equal_realization_mean_not_inferential_frames
110,300,64,3,0.0644499999999999,5.901792333333333,0.1530929121296386,5.725073,5.994044,descriptive_equal_realization_mean_not_inferential_frames
110,300,65,3,0.0654499999999999,6.023868,0.1713135165799832,5.828621999999999,6.149015,descriptive_equal_realization_mean_not_inferential_frames
110,300,66,3,0.0664499999999999,6.177597333333334,0.1680445057844306,5.984768999999999,6.29277,descriptive_equal_realization_mean_not_inferential_frames
110,300,67,3,0.0674499999999999,6.205324,0.2051079077632065,5.975961,6.37113,descriptive_equal_realization_mean_not_inferential_frames
110,300,68,3,0.0684499999999999,6.33336,0.2081138714069772,6.098396,6.494491999999999,descriptive_equal_realization_mean_not_inferential_frames
110,300,69,3,0.0694499999999999,6.435609,0.2069765784237442,6.197949,6.5762930000000015,descriptive_equal_realization_mean_not_inferential_frames
110,300,70,3,0.0704499999999999,6.521077333333333,0.1892167943400726,6.302846,6.639374999999999,descriptive_equal_realization_mean_not_inferential_frames
110,300,71,3,0.0714499999999999,6.596228,0.2231592309697272,6.338737,6.733566000000001,descriptive_equal_realization_mean_not_inferential_frames
110,300,72,3,0.0724499999999999,6.713783666666667,0.1975487774736495,6.486758999999999,6.846540999999999,descriptive_equal_realization_mean_not_inferential_frames
110,300,73,3,0.0734499999999999,6.844817,0.1969622667390886,6.620255,6.988292,descriptive_equal_realization_mean_not_inferential_frames
110,300,74,3,0.0744499999999999,6.878718333333333,0.2005936264449436,6.647891999999999,7.010781,descriptive_equal_realization_mean_not_inferential_frames
110,300,75,3,0.0754499999999999,7.013272999999999,0.2197649753145392,6.759623,7.146647999999999,descriptive_equal_realization_mean_not_inferential_frames
110,300,76,3,0.0764499999999999,7.154174666666667,0.2388532610146519,6.881036,7.323870000000001,descriptive_equal_realization_mean_not_inferential_frames
110,300,77,3,0.0774499999999999,7.241504,0.2167761438927259,6.991808000000001,7.381545,descriptive_equal_realization_mean_not_inferential_frames
110,300,78,3,0.0784499999999999,7.301522333333334,0.1911653766620241,7.081344,7.425225,descriptive_equal_realization_mean_not_inferential_frames
110,300,79,3,0.0794499999999999,7.379837333333334,0.1799471431763595,7.1748460000000005,7.511742,descriptive_equal_realization_mean_not_inferential_frames
110,300,80,3,0.08045,7.503829333333333,0.2175494872582639,7.260071999999999,7.678287,descriptive_equal_realization_mean_not_inferential_frames
110,300,81,3,0.08145,7.64876,0.2196082825555539,7.403673,7.827669,descriptive_equal_realization_mean_not_inferential_frames
110,300,82,3,0.08245,7.700895,0.257198176634284,7.403922999999999,7.851954999999999,descriptive_equal_realization_mean_not_inferential_frames
110,300,83,3,0.0834499999999999,7.790998666666667,0.2289178854356583,7.527335000000001,7.939094,descriptive_equal_realization_mean_not_inferential_frames
110,300,84,3,0.0844499999999999,7.860976666666666,0.2061783151893843,7.628125,8.020350999999998,descriptive_equal_realization_mean_not_inferential_frames
110,300,85,3,0.0854499999999999,8.007401666666665,0.233094045600339,7.748786,8.201294999999998,descriptive_equal_realization_mean_not_inferential_frames
110,300,86,3,0.0864499999999999,8.110615666666666,0.2357777764131592,7.840456999999999,8.274882,descriptive_equal_realization_mean_not_inferential_frames
110,300,87,3,0.0874499999999999,8.192577333333332,0.2768643932078186,7.872932999999999,8.357351,descriptive_equal_realization_mean_not_inferential_frames
110,300,88,3,0.0884499999999999,8.280356,0.2136463883219186,8.034699,8.422787,descriptive_equal_realization_mean_not_inferential_frames
110,300,89,3,0.0894499999999999,8.349871333333335,0.2272158337623798,8.099543,8.543071000000001,descriptive_equal_realization_mean_not_inferential_frames
110,300,90,3,0.0904499999999999,8.450119666666668,0.2138207118974514,8.211155000000002,8.623372,descriptive_equal_realization_mean_not_inferential_frames
110,300,91,3,0.0914499999999999,8.558949333333333,0.2209449328686535,8.311573,8.736678000000001,descriptive_equal_realization_mean_not_inferential_frames
110,300,92,3,0.0924499999999999,8.633593666666668,0.2066489021270938,8.395468000000001,8.765919,descriptive_equal_realization_mean_not_inferential_frames
110,300,93,3,0.0934499999999999,8.741522666666667,0.1973024148213429,8.518705,8.894071,descriptive_equal_realization_mean_not_inferential_frames
110,300,94,3,0.0944499999999999,8.806015333333335,0.2207870748783386,8.557092,8.978171999999999,descriptive_equal_realization_mean_not_inferential_frames
110,300,95,3,0.09545,8.887839333333334,0.2557450871518998,8.596661000000001,9.076054,descriptive_equal_realization_mean_not_inferential_frames
110,300,96,3,0.09645,8.999775999999999,0.3157913306726462,8.636023999999999,9.203732,descriptive_equal_realization_mean_not_inferential_frames
110,300,97,3,0.09745,9.087064666666665,0.2818454880929155,8.765517999999998,9.291343,descriptive_equal_realization_mean_not_inferential_frames
110,300,98,3,0.09845,9.152358666666666,0.2741875810541626,8.841963000000002,9.361591,descriptive_equal_realization_mean_not_inferential_frames
110,300,99,3,0.09945,9.223138999999998,0.2551176863978661,8.928586,9.374148,descriptive_equal_realization_mean_not_inferential_frames
110,300,100,3,0.10045,9.29605,0.2612407261071675,8.994403,9.448753,descriptive_equal_realization_mean_not_inferential_frames
110,300,101,3,0.10145,9.363055,0.2796248883826316,9.042904000000002,9.559428999999998,descriptive_equal_realization_mean_not_inferential_frames
110,300,102,3,0.10245,9.478953666666667,0.2748339771249791,9.162432,9.65707,descriptive_equal_realization_mean_not_inferential_frames
110,300,103,3,0.10345,9.548463,0.310950379985296,9.192012,9.764067,descriptive_equal_realization_mean_not_inferential_frames
110,300,104,3,0.10445,9.564612333333333,0.393904495968672,9.113805,9.842364,descriptive_equal_realization_mean_not_inferential_frames
110,300,105,3,0.10545,9.549766666666669,0.4188469011993919,9.092065,9.913949,descriptive_equal_realization_mean_not_inferential_frames
110,300,106,3,0.10645,9.593973333333333,0.4462957783021637,9.119513,10.005403,descriptive_equal_realization_mean_not_inferential_frames
110,300,107,3,0.10745,9.577820333333332,0.5426354552020476,9.046699,10.13128,descriptive_equal_realization_mean_not_inferential_frames
110,300,108,3,0.10845,9.511919666666666,0.6153108652058186,8.943175,10.16508,descriptive_equal_realization_mean_not_inferential_frames
110,300,109,3,0.10945,9.485739666666667,0.5834078884642673,9.022621,10.140980000000004,descriptive_equal_realization_mean_not_inferential_frames
110,300,110,3,0.11045,9.396513333333331,0.7859442780867709,8.934231999999998,10.30399,descriptive_equal_realization_mean_not_inferential_frames
110,300,111,3,0.11145,9.378103333333334,0.728491882876763,8.903138,10.216839999999998,descriptive_equal_realization_mean_not_inferential_frames
110,300,112,3,0.11245,9.332512,0.7721702716188958,8.713726,10.19785,descriptive_equal_realization_mean_not_inferential_frames
110,300,113,3,0.11345,9.248298,0.818844986231826,8.536579,10.14323,descriptive_equal_realization_mean_not_inferential_frames
110,300,114,3,0.11445,9.081091666666667,1.020460601184257,8.100534999999999,10.137251,descriptive_equal_realization_mean_not_inferential_frames
110,300,115,3,0.11545,8.981005666666666,1.1017158965478948,7.815430000000001,10.005215,descriptive_equal_realization_mean_not_inferential_frames
110,300,116,3,0.11645,8.85545,1.2596988672905127,7.492288999999999,9.976559,descriptive_equal_realization_mean_not_inferential_frames
110,300,117,3,0.11745,8.715589666666666,1.338476758735964,7.27178,9.915072,descriptive_equal_realization_mean_not_inferential_frames
110,300,118,3,0.1184499999999999,8.63536,1.4193068906927782,7.121256,9.935596,descriptive_equal_realization_mean_not_inferential_frames
110,300,119,3,0.11945,8.422851,1.436985068992716,6.833088999999999,9.629337,descriptive_equal_realization_mean_not_inferential_frames
110,300,120,3,0.1204499999999999,8.197348,1.4358590297612788,6.585221,9.338786,descriptive_equal_realization_mean_not_inferential_frames
110,300,121,3,0.1214499999999999,7.934054666666667,1.414201230218788,6.349825,9.069138,descriptive_equal_realization_mean_not_inferential_frames
110,300,122,3,0.1224499999999999,7.627644333333333,1.3380249813782754,6.111833,8.644486,descriptive_equal_realization_mean_not_inferential_frames
110,300,123,3,0.1234499999999999,7.234345333333333,1.1350339205091329,5.944661,8.081271,descriptive_equal_realization_mean_not_inferential_frames
110,300,124,3,0.1244499999999999,6.932610666666668,1.053523689865745,5.754494,7.784239000000001,descriptive_equal_realization_mean_not_inferential_frames
110,300,125,3,0.1254499999999999,6.469004333333333,0.8667415855665018,5.543857999999999,7.262212,descriptive_equal_realization_mean_not_inferential_frames
110,300,126,3,0.12645,5.837649,0.6956199483166078,5.261269,6.6103250000000005,descriptive_equal_realization_mean_not_inferential_frames
110,300,127,3,0.1274499999999999,5.436234333333334,0.5663485486397339,5.01536,6.080145,descriptive_equal_realization_mean_not_inferential_frames
110,300,128,3,0.12845,5.159718333333333,0.4714806786288626,4.679963000000001,5.622464,descriptive_equal_realization_mean_not_inferential_frames
110,300,129,3,0.1294499999999999,4.931768,0.3887754652379699,4.488054,5.212657,descriptive_equal_realization_mean_not_inferential_frames
110,300,130,3,0.13045,4.883333666666666,0.298676468447605,4.538522,5.061766,descriptive_equal_realization_mean_not_inferential_frames
110,300,131,3,0.1314499999999999,4.828086666666667,0.2382359435188852,4.553106,4.972329,descriptive_equal_realization_mean_not_inferential_frames
110,300,132,3,0.13245,4.746050333333334,0.2092843421623632,4.535908000000001,4.954466,descriptive_equal_realization_mean_not_inferential_frames
110,300,133,3,0.1334499999999999,4.747269333333333,0.1490096649762466,4.645103,4.91825,descriptive_equal_realization_mean_not_inferential_frames
110,300,134,3,0.13445,4.716532,0.1532986964034597,4.54435,4.838197,descriptive_equal_realization_mean_not_inferential_frames
110,300,135,3,0.13545,4.718216,0.0196018743746609,4.698393,4.737589,descriptive_equal_realization_mean_not_inferential_frames
110,300,136,3,0.13645,4.804863999999999,0.0331163632212235,4.777715,4.84176,descriptive_equal_realization_mean_not_inferential_frames
110,300,137,3,0.13745,4.8633820000000005,0.0792579592722398,4.788748,4.94657,descriptive_equal_realization_mean_not_inferential_frames
110,300,138,3,0.13845,4.961505333333333,0.0449330150372014,4.932574999999999,5.01327,descriptive_equal_realization_mean_not_inferential_frames
110,300,139,3,0.13945,5.0202800000000005,0.1161535693984476,4.93045,5.151448,descriptive_equal_realization_mean_not_inferential_frames
110,300,140,3,0.14045,5.092860666666667,0.136052559319306,4.988484,5.246732,descriptive_equal_realization_mean_not_inferential_frames
110,300,141,3,0.14145,5.1262533333333336,0.1515928146659106,5.015495000000001,5.29902,descriptive_equal_realization_mean_not_inferential_frames
110,300,142,3,0.14245,5.259172,0.1503777691415859,5.092466,5.384600000000001,descriptive_equal_realization_mean_not_inferential_frames
110,300,143,3,0.14345,5.260674333333333,0.2015340656324208,5.105994000000001,5.488584999999999,descriptive_equal_realization_mean_not_inferential_frames
110,300,144,3,0.14445,5.246326000000001,0.2319499280211142,5.0385860000000005,5.496599000000001,descriptive_equal_realization_mean_not_inferential_frames
110,300,145,3,0.14545,5.3604363333333325,0.2354697642593068,5.167116999999999,5.622676,descriptive_equal_realization_mean_not_inferential_frames
110,300,146,3,0.14645,5.427499,0.341634983987296,5.095317,5.777861,descriptive_equal_realization_mean_not_inferential_frames
110,300,147,3,0.14745,5.539708999999999,0.2867102987128293,5.267081,5.838683,descriptive_equal_realization_mean_not_inferential_frames
110,300,148,3,0.14845,5.670955666666667,0.2393930698607069,5.457047,5.929539,descriptive_equal_realization_mean_not_inferential_frames
110,300,149,3,0.14945,5.739637333333332,0.3322650227112887,5.460995999999999,6.107363999999999,descriptive_equal_realization_mean_not_inferential_frames
110,300,150,3,0.15045,5.756047333333332,0.2820534590912396,5.505107999999999,6.061312,descriptive_equal_realization_mean_not_inferential_frames
110,300,151,3,0.15145,5.838542666666666,0.2680467908599789,5.630909,6.141144,descriptive_equal_realization_mean_not_inferential_frames
110,300,152,3,0.15245,5.915798333333334,0.2906840741291709,5.678275,6.239948,descriptive_equal_realization_mean_not_inferential_frames
110,300,153,3,0.15345,5.907352,0.3817254853438532,5.654907,6.346493000000001,descriptive_equal_realization_mean_not_inferential_frames
110,300,154,3,0.15445,5.909182,0.480990513790033,5.631416,6.464582,descriptive_equal_realization_mean_not_inferential_frames
110,300,155,3,0.15545,5.897567,0.5772550836813822,5.510973,6.561111,descriptive_equal_realization_mean_not_inferential_frames
110,300,156,3,0.15645,5.948131666666666,0.6445450161581682,5.369619999999999,6.642888999999999,descriptive_equal_realization_mean_not_inferential_frames
110,300,157,3,0.15745,5.903545333333334,0.683786377426703,5.276617,6.632683,descriptive_equal_realization_mean_not_inferential_frames
110,300,158,3,0.15845,5.8813906666666655,0.8062270055420712,5.092381999999999,6.703798000000001,descriptive_equal_realization_mean_not_inferential_frames
110,300,159,3,0.1594499999999999,5.877338666666667,0.9496557087441384,4.958875000000001,6.855381,descriptive_equal_realization_mean_not_inferential_frames
110,300,160,3,0.16045,5.824790666666666,1.044184177651306,4.797586,6.8851640000000005,descriptive_equal_realization_mean_not_inferential_frames
110,300,161,3,0.1614499999999999,5.723566666666667,1.1661066925287469,4.534919,6.865743,descriptive_equal_realization_mean_not_inferential_frames
110,300,162,3,0.16245,5.7038753333333325,1.2946895152986806,4.388953,6.977335999999999,descriptive_equal_realization_mean_not_inferential_frames
110,300,163,3,0.1634499999999999,5.622211333333333,1.399381069759176,4.243264999999999,7.041169000000001,descriptive_equal_realization_mean_not_inferential_frames
110,300,164,3,0.16445,5.594227666666666,1.5599461944799038,4.084748,7.200164000000001,descriptive_equal_realization_mean_not_inferential_frames
110,300,165,3,0.1654499999999999,5.499101333333333,1.5831396108459082,3.995164,7.151048,descriptive_equal_realization_mean_not_inferential_frames
110,300,166,3,0.16645,5.385076333333333,1.6853175594247316,3.896725,7.215025,descriptive_equal_realization_mean_not_inferential_frames
110,300,167,3,0.16745,5.284464333333333,1.7571396699697304,3.876423,7.253635,descriptive_equal_realization_mean_not_inferential_frames
110,300,168,3,0.16845,5.139037999999999,1.8879039785020848,3.668636,7.268018,descriptive_equal_realization_mean_not_inferential_frames
110,300,169,3,0.16945,5.139602000000001,2.045888145532644,3.620167,7.465891000000001,descriptive_equal_realization_mean_not_inferential_frames
110,300,170,3,0.17045,4.996083333333334,2.2510613344159096,3.417263,7.573725,descriptive_equal_realization_mean_not_inferential_frames
110,300,171,3,0.17145,4.807961333333334,2.5429037276075426,3.066665,7.726114000000001,descriptive_equal_realization_mean_not_inferential_frames
110,300,172,3,0.17245,4.618271333333333,2.622332766481465,2.991451,7.643405,descriptive_equal_realization_mean_not_inferential_frames
110,300,173,3,0.17345,4.613065,2.739429147194539,2.957435,7.775112,descriptive_equal_realization_mean_not_inferential_frames
110,300,174,3,0.17445,4.653735,2.8630988814396545,2.9781950000000004,7.959654,descriptive_equal_realization_mean_not_inferential_frames
110,300,175,3,0.17545,4.6146503333333335,2.8126401085288766,2.919035,7.861334999999999,descriptive_equal_realization_mean_not_inferential_frames
110,300,176,3,0.17645,4.6478383333333335,2.850309333635971,2.999027,7.93909,descriptive_equal_realization_mean_not_inferential_frames
110,300,177,3,0.17745,4.722520333333333,2.837825129747309,3.055319,7.999188999999999,descriptive_equal_realization_mean_not_inferential_frames
110,300,178,3,0.17845,4.764666333333333,2.738159063451634,3.176881,7.92641,descriptive_equal_realization_mean_not_inferential_frames
110,300,179,3,0.1794499999999999,4.758890666666666,2.64560228520848,3.215171,7.813711,descriptive_equal_realization_mean_not_inferential_frames
110,300,180,3,0.18045,4.794970666666667,2.560787750881813,3.311491,7.751908,descriptive_equal_realization_mean_not_inferential_frames
110,300,181,3,0.1814499999999999,4.844404666666667,2.5147876082799385,3.3864929999999998,7.748223,descriptive_equal_realization_mean_not_inferential_frames
110,300,182,3,0.18245,4.853189666666666,2.395044787865632,3.437751,7.618489999999999,descriptive_equal_realization_mean_not_inferential_frames
110,300,183,3,0.1834499999999999,4.908548333333333,2.3546707142480314,3.5328450000000005,7.627423,descriptive_equal_realization_mean_not_inferential_frames
110,300,184,3,0.18445,4.851086333333334,2.2696393109369457,3.5401940000000005,7.47184,descriptive_equal_realization_mean_not_inferential_frames
110,300,185,3,0.1854499999999999,4.891330333333333,2.1055808498961355,3.672551,7.322642999999999,descriptive_equal_realization_mean_not_inferential_frames
110,300,186,3,0.18645,4.872868666666666,1.8718820974170176,3.789634999999999,7.03433,descriptive_equal_realization_mean_not_inferential_frames
110,300,187,3,0.1874499999999999,4.791003666666667,1.707621343969539,3.78089,6.762595,descriptive_equal_realization_mean_not_inferential_frames
110,300,188,3,0.18845,4.708854,1.4009515231284777,3.891018,6.3265,descriptive_equal_realization_mean_not_inferential_frames
110,300,189,3,0.1894499999999999,4.659754,1.098438477589437,3.987674,5.927351,descriptive_equal_realization_mean_not_inferential_frames
110,300,190,3,0.19045,4.526815,0.8830575340163296,4.004421,5.546378000000001,descriptive_equal_realization_mean_not_inferential_frames
110,300,191,3,0.1914499999999999,4.407164666666667,0.5802917034943145,4.020007,5.074368,descriptive_equal_realization_mean_not_inferential_frames
110,300,192,3,0.19245,4.38924,0.3311861366316532,4.172229,4.770443,descriptive_equal_realization_mean_not_inferential_frames
110,300,193,3,0.1934499999999999,4.328711333333334,0.1145042941218073,4.251056,4.460213,descriptive_equal_realization_mean_not_inferential_frames
110,300,194,3,0.19445,4.324839666666668,0.0777060464978969,4.249208000000001,4.404466000000001,descriptive_equal_realization_mean_not_inferential_frames
110,300,195,3,0.1954499999999999,4.365149,0.1933763549687499,4.1469130000000005,4.5151840000000005,descriptive_equal_realization_mean_not_inferential_frames
110,300,196,3,0.19645,4.388085666666666,0.2304062536094304,4.125219,4.555055999999999,descriptive_equal_realization_mean_not_inferential_frames
110,300,197,3,0.19745,4.408217333333334,0.308654240263006,4.051946,4.594749,descriptive_equal_realization_mean_not_inferential_frames
110,300,198,3,0.19845,4.474237666666666,0.3096046637380214,4.116746,4.655181000000001,descriptive_equal_realization_mean_not_inferential_frames
110,300,199,3,0.19945,4.545839,0.2821181085503023,4.222575,4.742341000000001,descriptive_equal_realization_mean_not_inferential_frames
110,300,200,3,0.2,4.650343333333333,0.281114372868648,4.32618,4.82705,descriptive_equal_realization_mean_not_inferential_frames
110,1200,0,3,0.0004499999999999,-0.0235861603333333,0.0984634761405377,-0.13443551,0.053733089,descriptive_equal_realization_mean_not_inferential_frames
110,1200,1,3,0.00145,0.178863926,0.1583351706542999,0.013869258,0.3295712,descriptive_equal_realization_mean_not_inferential_frames
110,1200,2,3,0.00245,0.0846600893999999,0.1105598277591809,-0.0131624267999999,0.2046103649999999,descriptive_equal_realization_mean_not_inferential_frames
110,1200,3,3,0.00345,0.2475954323333333,0.16608510795164,0.1169556069999999,0.4345056,descriptive_equal_realization_mean_not_inferential_frames
110,1200,4,3,0.00445,0.2996987333333333,0.2009510746704365,0.1193817,0.5163312,descriptive_equal_realization_mean_not_inferential_frames
110,1200,5,3,0.00545,0.3378587743333334,0.1927561961187999,0.168836883,0.54778364,descriptive_equal_realization_mean_not_inferential_frames
110,1200,6,3,0.00645,0.5423471733333334,0.0707751414782911,0.4612401,0.5915813,descriptive_equal_realization_mean_not_inferential_frames
110,1200,7,3,0.00745,0.3788245766666667,0.1949403539375715,0.20395333,0.5890070000000001,descriptive_equal_realization_mean_not_inferential_frames
110,1200,8,3,0.00845,0.6911689666666666,0.0511016597949942,0.6323646,0.7248037,descriptive_equal_realization_mean_not_inferential_frames
110,1200,9,3,0.00945,0.5988286333333334,0.1189943258183487,0.4749824,0.7122904,descriptive_equal_realization_mean_not_inferential_frames
110,1200,10,3,0.01045,0.8085828666666667,0.1093707056924445,0.6862349,0.8968710999999999,descriptive_equal_realization_mean_not_inferential_frames
110,1200,11,3,0.01145,0.8194649333333334,0.0585065777136496,0.7768095,0.8861623,descriptive_equal_realization_mean_not_inferential_frames
110,1200,12,3,0.0124499999999999,1.0018265666666668,0.1354319710888214,0.8460525999999999,1.0916581000000003,descriptive_equal_realization_mean_not_inferential_frames
110,1200,13,3,0.0134499999999999,1.0910808,0.0813473172416274,1.0146399000000002,1.1765768,descriptive_equal_realization_mean_not_inferential_frames
110,1200,14,3,0.01445,1.0159645666666668,0.2071981812867655,0.7916567999999999,1.200199,descriptive_equal_realization_mean_not_inferential_frames
110,1200,15,3,0.01545,1.2839170333333332,0.1101308046874412,1.1878981,1.404135,descriptive_equal_realization_mean_not_inferential_frames
110,1200,16,3,0.01645,1.2355985333333337,0.1623940072817138,1.0852368,1.407812,descriptive_equal_realization_mean_not_inferential_frames
110,1200,17,3,0.01745,1.3947453333333335,0.1284773947133631,1.318405,1.5430769999999998,descriptive_equal_realization_mean_not_inferential_frames
110,1200,18,3,0.01845,1.5495659999999998,0.0500238319903623,1.495593,1.594373,descriptive_equal_realization_mean_not_inferential_frames
110,1200,19,3,0.01945,1.5156863333333332,0.1894027084714822,1.306842,1.676335,descriptive_equal_realization_mean_not_inferential_frames
110,1200,20,3,0.02045,1.619441666666667,0.1117310410285939,1.542425,1.747589,descriptive_equal_realization_mean_not_inferential_frames
110,1200,21,3,0.02145,1.6867786666666669,0.127172703267381,1.54027,1.768653,descriptive_equal_realization_mean_not_inferential_frames
110,1200,22,3,0.02245,1.7821253333333331,0.0464870315715396,1.736723,1.829626,descriptive_equal_realization_mean_not_inferential_frames
110,1200,23,3,0.02345,1.8907596666666664,0.2062793031119051,1.709488,2.1152109999999995,descriptive_equal_realization_mean_not_inferential_frames
110,1200,24,3,0.02445,1.8879206666666668,0.2392979426245313,1.687744,2.1529650000000005,descriptive_equal_realization_mean_not_inferential_frames
110,1200,25,3,0.02545,2.1334736666666667,0.2383096106797487,1.89678,2.373367,descriptive_equal_realization_mean_not_inferential_frames
110,1200,26,3,0.0264499999999999,2.250099,0.1229199401033045,2.1081890000000003,2.323394,descriptive_equal_realization_mean_not_inferential_frames
110,1200,27,3,0.0274499999999999,2.309348,0.1050936842393492,2.23981,2.430245,descriptive_equal_realization_mean_not_inferential_frames
110,1200,28,3,0.0284499999999999,2.208736333333334,0.130385830619486,2.0833350000000004,2.343592,descriptive_equal_realization_mean_not_inferential_frames
110,1200,29,3,0.0294499999999999,2.303014,0.129037884402217,2.202439,2.4485079999999995,descriptive_equal_realization_mean_not_inferential_frames
110,1200,30,3,0.0304499999999999,2.4468146666666666,0.1108917763602574,2.363662,2.572719,descriptive_equal_realization_mean_not_inferential_frames
110,1200,31,3,0.0314499999999999,2.5436343333333333,0.1295209850963671,2.444644,2.690219,descriptive_equal_realization_mean_not_inferential_frames
110,1200,32,3,0.0324499999999999,2.564716,0.0512743551982861,2.534415,2.623917,descriptive_equal_realization_mean_not_inferential_frames
110,1200,33,3,0.0334499999999999,2.570914,0.1670144691905466,2.403572,2.7375990000000003,descriptive_equal_realization_mean_not_inferential_frames
110,1200,34,3,0.0344499999999999,2.7174973333333328,0.0956489474972584,2.646856,2.826344,descriptive_equal_realization_mean_not_inferential_frames
110,1200,35,3,0.0354499999999999,2.838544,0.1787423484320376,2.638577,2.982785,descriptive_equal_realization_mean_not_inferential_frames
110,1200,36,3,0.0364499999999999,3.008401333333333,0.0496076882885437,2.97325,3.065146,descriptive_equal_realization_mean_not_inferential_frames
110,1200,37,3,0.03745,3.0260536666666664,0.1719111888573086,2.865387,3.207348,descriptive_equal_realization_mean_not_inferential_frames
110,1200,38,3,0.03845,3.1045656666666663,0.2158020264741122,2.897131,3.3278600000000003,descriptive_equal_realization_mean_not_inferential_frames
110,1200,39,3,0.03945,3.263902333333333,0.1527106174905113,3.114118,3.4193799999999994,descriptive_equal_realization_mean_not_inferential_frames
110,1200,40,3,0.04045,3.274642333333333,0.1386525026904792,3.138716,3.415869,descriptive_equal_realization_mean_not_inferential_frames
110,1200,41,3,0.04145,3.469828,0.1182061432709823,3.383954,3.604645,descriptive_equal_realization_mean_not_inferential_frames
110,1200,42,3,0.04245,3.4091730000000005,0.1168401034876295,3.293959,3.527574,descriptive_equal_realization_mean_not_inferential_frames
110,1200,43,3,0.04345,3.580591666666667,0.1848606822781232,3.3787580000000004,3.741682,descriptive_equal_realization_mean_not_inferential_frames
110,1200,44,3,0.04445,3.6373156666666655,0.0793089701252853,3.559566,3.718097,descriptive_equal_realization_mean_not_inferential_frames
110,1200,45,3,0.04545,3.747177,0.130503396212512,3.5965830000000003,3.827188,descriptive_equal_realization_mean_not_inferential_frames
110,1200,46,3,0.04645,3.804537,0.0546694837363591,3.760915,3.865865,descriptive_equal_realization_mean_not_inferential_frames
110,1200,47,3,0.04745,3.825378333333333,0.0989339935984256,3.724731,3.922505,descriptive_equal_realization_mean_not_inferential_frames
110,1200,48,3,0.04845,4.043930333333333,0.1360408635680221,3.908916,4.180974999999999,descriptive_equal_realization_mean_not_inferential_frames
110,1200,49,3,0.04945,4.061693333333333,0.2622023957963264,3.840986,4.351536,descriptive_equal_realization_mean_not_inferential_frames
110,1200,50,3,0.0504499999999999,4.095222333333333,0.0460910476918598,4.042229000000001,4.125981,descriptive_equal_realization_mean_not_inferential_frames
110,1200,51,3,0.0514499999999999,4.2124663333333325,0.1604729691453778,4.108577,4.39729,descriptive_equal_realization_mean_not_inferential_frames
110,1200,52,3,0.05245,4.287887333333333,0.2182602967681786,4.120136,4.53465,descriptive_equal_realization_mean_not_inferential_frames
110,1200,53,3,0.05345,4.456670666666667,0.1269370052992158,4.325584000000001,4.579005,descriptive_equal_realization_mean_not_inferential_frames
110,1200,54,3,0.05445,4.478461333333333,0.1875526983125898,4.275918,4.646127,descriptive_equal_realization_mean_not_inferential_frames
110,1200,55,3,0.05545,4.591314333333334,0.1396118515826409,4.453984,4.733101,descriptive_equal_realization_mean_not_inferential_frames
110,1200,56,3,0.05645,4.474683,0.2379315112190898,4.305362,4.746718,descriptive_equal_realization_mean_not_inferential_frames
110,1200,57,3,0.0574499999999999,4.837287,0.2135396073823309,4.603458,5.021967,descriptive_equal_realization_mean_not_inferential_frames
110,1200,58,3,0.0584499999999999,4.802567,0.0932544951785168,4.728848,4.907401,descriptive_equal_realization_mean_not_inferential_frames
110,1200,59,3,0.0594499999999999,5.082784666666667,0.0650316354502432,5.0334840000000005,5.156488,descriptive_equal_realization_mean_not_inferential_frames
110,1200,60,3,0.0604499999999999,4.986947333333333,0.1662816381514612,4.828765,5.160290000000001,descriptive_equal_realization_mean_not_inferential_frames
110,1200,61,3,0.0614499999999999,5.146744333333333,0.0645552842169669,5.077798,5.205757,descriptive_equal_realization_mean_not_inferential_frames
110,1200,62,3,0.0624499999999999,5.150955333333333,0.0792976945461424,5.072324,5.230903,descriptive_equal_realization_mean_not_inferential_frames
110,1200,63,3,0.0634499999999999,5.148713333333333,0.0820760703331573,5.069164,5.233102000000001,descriptive_equal_realization_mean_not_inferential_frames
110,1200,64,3,0.0644499999999999,5.391937,0.1500389947347022,5.252460999999999,5.550678,descriptive_equal_realization_mean_not_inferential_frames
110,1200,65,3,0.0654499999999999,5.365498333333334,0.0711557198989183,5.3065240000000005,5.44453,descriptive_equal_realization_mean_not_inferential_frames
110,1200,66,3,0.0664499999999999,5.463732333333333,0.1122415579646568,5.38169,5.5916440000000005,descriptive_equal_realization_mean_not_inferential_frames
110,1200,67,3,0.0674499999999999,5.563540666666666,0.3317748817742732,5.342381,5.945027999999999,descriptive_equal_realization_mean_not_inferential_frames
110,1200,68,3,0.0684499999999999,5.59641,0.1418567547528145,5.489762999999999,5.757405,descriptive_equal_realization_mean_not_inferential_frames
110,1200,69,3,0.0694499999999999,5.8015333333333325,0.1938796930684929,5.581229,5.946164999999999,descriptive_equal_realization_mean_not_inferential_frames
110,1200,70,3,0.0704499999999999,5.898781333333333,0.1105561541042975,5.773204000000001,5.981455,descriptive_equal_realization_mean_not_inferential_frames
110,1200,71,3,0.0714499999999999,5.812652333333332,0.1171695474871071,5.700193999999999,5.934024,descriptive_equal_realization_mean_not_inferential_frames
110,1200,72,3,0.0724499999999999,5.9602993333333325,0.0260983922940349,5.932827,5.984763,descriptive_equal_realization_mean_not_inferential_frames
110,1200,73,3,0.0734499999999999,6.115149666666667,0.2468945948098769,5.901479,6.385434,descriptive_equal_realization_mean_not_inferential_frames
110,1200,74,3,0.0744499999999999,6.111155,0.0606220939262246,6.0638190000000005,6.179483,descriptive_equal_realization_mean_not_inferential_frames
110,1200,75,3,0.0754499999999999,6.221143666666666,0.1205544535566116,6.134599,6.358839999999999,descriptive_equal_realization_mean_not_inferential_frames
110,1200,76,3,0.0764499999999999,6.165808000000001,0.1290553467819141,6.058196,6.308889000000001,descriptive_equal_realization_mean_not_inferential_frames
110,1200,77,3,0.0774499999999999,6.224197333333333,0.2345013185044663,6.02395,6.482170999999999,descriptive_equal_realization_mean_not_inferential_frames
110,1200,78,3,0.0784499999999999,6.271839333333332,0.1888516887966134,6.1145320000000005,6.481281999999998,descriptive_equal_realization_mean_not_inferential_frames
110,1200,79,3,0.0794499999999999,6.427945666666666,0.1812091243076164,6.254234,6.615821,descriptive_equal_realization_mean_not_inferential_frames
110,1200,80,3,0.08045,6.348683333333334,0.2235071127063597,6.184286,6.6031770000000005,descriptive_equal_realization_mean_not_inferential_frames
110,1200,81,3,0.08145,6.634530000000001,0.1600700791653454,6.452968,6.755292,descriptive_equal_realization_mean_not_inferential_frames
110,1200,82,3,0.08245,6.648317666666666,0.1362942781826634,6.499029,6.766099,descriptive_equal_realization_mean_not_inferential_frames
110,1200,83,3,0.0834499999999999,6.605825666666667,0.1281133399858634,6.495946999999999,6.746544,descriptive_equal_realization_mean_not_inferential_frames
110,1200,84,3,0.0844499999999999,6.589422,0.3071591941843837,6.280458,6.894744,descriptive_equal_realization_mean_not_inferential_frames
110,1200,85,3,0.0854499999999999,6.802274333333333,0.1523425155671693,6.631775,6.925017,descriptive_equal_realization_mean_not_inferential_frames
110,1200,86,3,0.0864499999999999,6.728303999999999,0.2890030488541599,6.545064999999999,7.061461,descriptive_equal_realization_mean_not_inferential_frames
110,1200,87,3,0.0874499999999999,6.849650666666666,0.2383882891929327,6.700972999999999,7.124613999999999,descriptive_equal_realization_mean_not_inferential_frames
110,1200,88,3,0.0884499999999999,7.056967,0.3138039123417673,6.810258,7.410155999999999,descriptive_equal_realization_mean_not_inferential_frames
110,1200,89,3,0.0894499999999999,6.8916993333333325,0.1850736394582806,6.723832999999999,7.090166000000001,descriptive_equal_realization_mean_not_inferential_frames
110,1200,90,3,0.0904499999999999,7.132916000000001,0.4179008698196264,6.655332,7.43151,descriptive_equal_realization_mean_not_inferential_frames
110,1200,91,3,0.0914499999999999,7.001957999999999,0.3037578145184091,6.653118999999999,7.208037,descriptive_equal_realization_mean_not_inferential_frames
110,1200,92,3,0.0924499999999999,7.060571,0.3534837985155759,6.756302000000001,7.448324000000001,descriptive_equal_realization_mean_not_inferential_frames
110,1200,93,3,0.0934499999999999,7.173331666666667,0.4999110923697658,6.662404,7.661444999999999,descriptive_equal_realization_mean_not_inferential_frames
110,1200,94,3,0.0944499999999999,7.307649333333333,0.3231020671650583,6.970456999999999,7.614524,descriptive_equal_realization_mean_not_inferential_frames
110,1200,95,3,0.09545,7.218082,0.54758035327338,6.895771999999999,7.850332999999999,descriptive_equal_realization_mean_not_inferential_frames
110,1200,96,3,0.09645,7.132229666666667,0.4940499116894296,6.766164000000001,7.694185,descriptive_equal_realization_mean_not_inferential_frames
110,1200,97,3,0.09745,6.872264333333333,0.5990963218793219,6.433101000000001,7.5547369999999985,descriptive_equal_realization_mean_not_inferential_frames
110,1200,98,3,0.09845,6.701167333333333,0.6111341196998681,6.083158,7.305185999999999,descriptive_equal_realization_mean_not_inferential_frames
110,1200,99,3,0.09945,6.637165,0.9213233685362592,5.688139,7.528029999999999,descriptive_equal_realization_mean_not_inferential_frames
110,1200,100,3,0.10045,6.618891333333334,1.1428847348487652,5.3686810000000005,7.609941999999999,descriptive_equal_realization_mean_not_inferential_frames
110,1200,101,3,0.10145,6.4178223333333335,1.4426281935690617,4.8034360000000005,7.580675000000001,descriptive_equal_realization_mean_not_inferential_frames
110,1200,102,3,0.10245,6.108947,1.661771799998122,4.265674000000001,7.492367,descriptive_equal_realization_mean_not_inferential_frames
110,1200,103,3,0.10345,5.893324,1.595463224186631,4.093956,7.135365999999999,descriptive_equal_realization_mean_not_inferential_frames
110,1200,104,3,0.10445,5.708781666666667,1.6710011299267076,3.791846000000001,6.857678,descriptive_equal_realization_mean_not_inferential_frames
110,1200,105,3,0.10545,5.631155000000001,1.677082390214923,3.777260000000001,7.042778,descriptive_equal_realization_mean_not_inferential_frames
110,1200,106,3,0.10645,5.181592,2.02450604195295,2.9944800000000003,6.990012,descriptive_equal_realization_mean_not_inferential_frames
110,1200,107,3,0.10745,5.151769666666667,1.864823465001536,3.1275250000000003,6.799810000000001,descriptive_equal_realization_mean_not_inferential_frames
110,1200,108,3,0.10845,5.0016,1.695478989904328,3.108951,6.381582,descriptive_equal_realization_mean_not_inferential_frames
110,1200,109,3,0.10945,4.752451,1.5062020295468332,3.0218,5.767041,descriptive_equal_realization_mean_not_inferential_frames
110,1200,110,3,0.11045,4.355959,1.2875527216494864,2.978553,5.529282,descriptive_equal_realization_mean_not_inferential_frames
110,1200,111,3,0.11145,4.1396456666666674,1.1669766152097192,2.8495760000000003,5.121763,descriptive_equal_realization_mean_not_inferential_frames
110,1200,112,3,0.11245,3.843278,0.8090417716706596,2.976724,4.578816,descriptive_equal_realization_mean_not_inferential_frames
110,1200,113,3,0.11345,3.719258,0.6826039592413741,3.1519160000000004,4.476786,descriptive_equal_realization_mean_not_inferential_frames
110,1200,114,3,0.11445,3.240133,0.4669232527846517,2.755224,3.686707,descriptive_equal_realization_mean_not_inferential_frames
110,1200,115,3,0.11545,3.2128,0.3847376975499022,2.782614,3.523956,descriptive_equal_realization_mean_not_inferential_frames
110,1200,116,3,0.11645,3.081891666666668,0.551916517307041,2.4546660000000005,3.4932430000000005,descriptive_equal_realization_mean_not_inferential_frames
110,1200,117,3,0.11745,2.992578333333333,0.7647631749145176,2.124359,3.566363,descriptive_equal_realization_mean_not_inferential_frames
110,1200,118,3,0.1184499999999999,2.8796963333333334,0.8391098672643131,1.911206,3.388946,descriptive_equal_realization_mean_not_inferential_frames
110,1200,119,3,0.11945,2.843074,0.8187853759007914,1.926217,3.5013510000000005,descriptive_equal_realization_mean_not_inferential_frames
110,1200,120,3,0.1204499999999999,2.6608913333333333,0.9394253837114116,1.657806,3.520044,descriptive_equal_realization_mean_not_inferential_frames
110,1200,121,3,0.1214499999999999,2.620148,0.8836276156803837,1.610955,3.254917,descriptive_equal_realization_mean_not_inferential_frames
110,1200,122,3,0.1224499999999999,2.716127,1.240237254332009,1.3426900000000002,3.754188000000001,descriptive_equal_realization_mean_not_inferential_frames
110,1200,123,3,0.1234499999999999,2.493593166666667,1.191311474198114,1.2218995,3.583664,descriptive_equal_realization_mean_not_inferential_frames
110,1200,124,3,0.1244499999999999,2.6936033666666663,1.239099980928538,1.3459111,3.783578,descriptive_equal_realization_mean_not_inferential_frames
110,1200,125,3,0.1254499999999999,2.6517055333333333,1.550115383132834,0.9262036000000002,3.926573,descriptive_equal_realization_mean_not_inferential_frames
110,1200,126,3,0.12645,2.6046013,1.3893338784027656,1.0917679,3.823349,descriptive_equal_realization_mean_not_inferential_frames
110,1200,127,3,0.1274499999999999,2.7030345333333337,1.6095715635776664,0.8544155999999999,3.793707,descriptive_equal_realization_mean_not_inferential_frames
110,1200,128,3,0.12845,2.744577533333333,1.759646078092141,0.7999856,4.227046,descriptive_equal_realization_mean_not_inferential_frames
110,1200,129,3,0.1294499999999999,2.717589466666667,1.5790728041918314,0.9482794,3.983856,descriptive_equal_realization_mean_not_inferential_frames
110,1200,130,3,0.13045,2.6591680666666666,1.846482851770309,0.6126622,4.200455,descriptive_equal_realization_mean_not_inferential_frames
110,1200,131,3,0.1314499999999999,2.7697569333333334,1.9023239282509732,0.6258308,4.255872000000001,descriptive_equal_realization_mean_not_inferential_frames
110,1200,132,3,0.13245,2.6837606666666667,1.8291209183775508,0.68051,4.264975000000001,descriptive_equal_realization_mean_not_inferential_frames
110,1200,133,3,0.1334499999999999,2.745538266666667,2.082276589555963,0.4591558,4.533103,descriptive_equal_realization_mean_not_inferential_frames
110,1200,134,3,0.13445,2.7893216,1.765765218064927,0.8517838,4.307988,descriptive_equal_realization_mean_not_inferential_frames
110,1200,135,3,0.13545,2.7066817000000003,2.104227340836862,0.4196721,4.5607940000000005,descriptive_equal_realization_mean_not_inferential_frames
110,1200,136,3,0.13645,2.710902966666667,1.8854139409044648,0.6720639,4.391486,descriptive_equal_realization_mean_not_inferential_frames
110,1200,137,3,0.13745,2.7934457,1.9905112236221052,0.5949981,4.473407000000001,descriptive_equal_realization_mean_not_inferential_frames
110,1200,138,3,0.13845,2.7624910000000003,2.190407137245494,0.413431,4.749007000000001,descriptive_equal_realization_mean_not_inferential_frames
110,1200,139,3,0.13945,2.936711733333334,2.11065746749159,0.6486152000000001,4.807627,descriptive_equal_realization_mean_not_inferential_frames
110,1200,140,3,0.14045,2.914545533333333,2.227340743464828,0.4933626,4.876437,descriptive_equal_realization_mean_not_inferential_frames
110,1200,141,3,0.14145,2.8118994333333336,2.1563653002747616,0.5398153,4.830062,descriptive_equal_realization_mean_not_inferential_frames
110,1200,142,3,0.14245,3.141493,2.1125506972039747,0.849821,5.011242,descriptive_equal_realization_mean_not_inferential_frames
110,1200,143,3,0.14345,3.123041333333333,2.1059365492242006,1.003028,5.214613,descriptive_equal_realization_mean_not_inferential_frames
110,1200,144,3,0.14445,3.059886633333333,2.107037566973499,0.8483539,5.043975,descriptive_equal_realization_mean_not_inferential_frames
110,1200,145,3,0.14545,3.0267320666666664,2.075834735668717,0.8274412,4.951865,descriptive_equal_realization_mean_not_inferential_frames
110,1200,146,3,0.14645,3.110398566666666,2.1581722611432714,0.9222387,5.237277999999999,descriptive_equal_realization_mean_not_inferential_frames
110,1200,147,3,0.14745,2.9263670000000004,2.309495975335744,0.6144010000000001,5.233385,descriptive_equal_realization_mean_not_inferential_frames
110,1200,148,3,0.14845,3.072161233333334,2.166244642476829,0.9743137,5.300870000000001,descriptive_equal_realization_mean_not_inferential_frames
110,1200,149,3,0.14945,2.8050302666666664,2.186252392235676,0.7362808000000001,5.092364,descriptive_equal_realization_mean_not_inferential_frames
110,1200,150,3,0.15045,3.088711333333334,2.0760841688405445,1.3389210000000002,5.382691,descriptive_equal_realization_mean_not_inferential_frames
110,1200,151,3,0.15145,3.0128458000000005,2.1090294102527167,1.2085224,5.331453000000001,descriptive_equal_realization_mean_not_inferential_frames
110,1200,152,3,0.15245,2.895351433333333,2.269164839143592,0.9956323,5.408032,descriptive_equal_realization_mean_not_inferential_frames
110,1200,153,3,0.15345,2.8683344666666666,2.333528045002985,1.2206974,5.538588,descriptive_equal_realization_mean_not_inferential_frames
110,1200,154,3,0.15445,2.7357219999999995,2.444389851901492,0.9512,5.521828999999999,descriptive_equal_realization_mean_not_inferential_frames
110,1200,155,3,0.15545,2.879698333333333,2.347928817552256,1.3775869999999997,5.585368,descriptive_equal_realization_mean_not_inferential_frames
110,1200,156,3,0.15645,2.715359333333333,2.4329551241873197,1.055762,5.50821,descriptive_equal_realization_mean_not_inferential_frames
110,1200,157,3,0.15745,2.787601,2.252199872686925,1.43608,5.387536,descriptive_equal_realization_mean_not_inferential_frames
110,1200,158,3,0.15845,2.824885666666667,2.306199191728532,1.366085,5.483659,descriptive_equal_realization_mean_not_inferential_frames
110,1200,159,3,0.1594499999999999,2.889228000000001,2.234894370530071,1.3913100000000005,5.458059,descriptive_equal_realization_mean_not_inferential_frames
110,1200,160,3,0.16045,2.955059,2.066949932664311,1.67958,5.339837999999999,descriptive_equal_realization_mean_not_inferential_frames
110,1200,161,3,0.1614499999999999,2.779989666666667,1.9858822991832457,1.633137,5.073089,descriptive_equal_realization_mean_not_inferential_frames
110,1200,162,3,0.16245,2.735533,1.685014224892182,1.7093900000000002,4.6802280000000005,descriptive_equal_realization_mean_not_inferential_frames
110,1200,163,3,0.1634499999999999,2.7070480000000003,1.6509993945522818,1.70335,4.612550000000001,descriptive_equal_realization_mean_not_inferential_frames
110,1200,164,3,0.16445,2.637531,1.5230521833230144,1.737156,4.396031000000001,descriptive_equal_realization_mean_not_inferential_frames
110,1200,165,3,0.1654499999999999,2.650377666666667,1.309371232958909,1.749652,4.152393,descriptive_equal_realization_mean_not_inferential_frames
110,1200,166,3,0.16645,2.467471666666667,0.969387510563414,1.893606,3.586703,descriptive_equal_realization_mean_not_inferential_frames
110,1200,167,3,0.16745,2.394075,0.7773951321991925,1.876616,3.288037,descriptive_equal_realization_mean_not_inferential_frames
110,1200,168,3,0.16845,2.445828,0.4150461797836478,2.147201,2.919764,descriptive_equal_realization_mean_not_inferential_frames
110,1200,169,3,0.16945,2.1947283333333334,0.3513385367851545,1.928859,2.593038,descriptive_equal_realization_mean_not_inferential_frames
110,1200,170,3,0.17045,2.33815,0.2028926173817079,2.169778,2.5634160000000006,descriptive_equal_realization_mean_not_inferential_frames
110,1200,171,3,0.17145,2.207255333333334,0.0802111142943003,2.1351880000000003,2.293673,descriptive_equal_realization_mean_not_inferential_frames
110,1200,172,3,0.17245,2.3799376666666667,0.1665731885998862,2.189369,2.49779,descriptive_equal_realization_mean_not_inferential_frames
110,1200,173,3,0.17345,2.4323546666666664,0.1160152486285029,2.305503,2.533077,descriptive_equal_realization_mean_not_inferential_frames
110,1200,174,3,0.17445,2.221906333333333,0.0207459419003651,2.2031590000000003,2.244195,descriptive_equal_realization_mean_not_inferential_frames
110,1200,175,3,0.17545,2.415375333333333,0.0972862459155111,2.343393,2.526056,descriptive_equal_realization_mean_not_inferential_frames
110,1200,176,3,0.17645,2.525866666666667,0.1074431671225925,2.458994,2.649802,descriptive_equal_realization_mean_not_inferential_frames
110,1200,177,3,0.17745,2.4335776666666664,0.092228096507156,2.367017,2.538853,descriptive_equal_realization_mean_not_inferential_frames
110,1200,178,3,0.17845,2.592267333333333,0.1417687869890028,2.438028,2.716885,descriptive_equal_realization_mean_not_inferential_frames
110,1200,179,3,0.1794499999999999,2.659861333333333,0.0887658776576523,2.604039,2.7622189999999995,descriptive_equal_realization_mean_not_inferential_frames
110,1200,180,3,0.18045,2.8723050000000003,0.0312040218721882,2.8467200000000004,2.9070690000000003,descriptive_equal_realization_mean_not_inferential_frames
110,1200,181,3,0.1814499999999999,2.7092853333333333,0.1218694263723815,2.590477,2.834001,descriptive_equal_realization_mean_not_inferential_frames
110,1200,182,3,0.18245,2.825324,0.1339012988286521,2.67086,2.90849,descriptive_equal_realization_mean_not_inferential_frames
110,1200,183,3,0.1834499999999999,2.927580666666666,0.1201670902632386,2.822922,3.058809,descriptive_equal_realization_mean_not_inferential_frames
110,1200,184,3,0.18445,3.094535666666667,0.1163311981556681,2.9752840000000003,3.207708,descriptive_equal_realization_mean_not_inferential_frames
110,1200,185,3,0.1854499999999999,3.073427333333333,0.1241641273852207,2.93926,3.184284,descriptive_equal_realization_mean_not_inferential_frames
110,1200,186,3,0.18645,3.129068333333333,0.0314266092560642,3.093001,3.150565,descriptive_equal_realization_mean_not_inferential_frames
110,1200,187,3,0.1874499999999999,3.2699833333333337,0.0496570093172484,3.2296950000000004,3.325461,descriptive_equal_realization_mean_not_inferential_frames
110,1200,188,3,0.18845,3.2229430000000003,0.1259616893464041,3.114072,3.3609050000000003,descriptive_equal_realization_mean_not_inferential_frames
110,1200,189,3,0.1894499999999999,3.4291266666666664,0.0972540839879403,3.345873,3.536022,descriptive_equal_realization_mean_not_inferential_frames
110,1200,190,3,0.19045,3.479125,0.0765341522263098,3.4105490000000005,3.561688,descriptive_equal_realization_mean_not_inferential_frames
110,1200,191,3,0.1914499999999999,3.489137,0.182964156795805,3.282589,3.630873,descriptive_equal_realization_mean_not_inferential_frames
110,1200,192,3,0.19245,3.6233326666666654,0.0394302597294684,3.589479,3.666626,descriptive_equal_realization_mean_not_inferential_frames
110,1200,193,3,0.1934499999999999,3.688465,0.095742292833418,3.588944,3.779918,descriptive_equal_realization_mean_not_inferential_frames
110,1200,194,3,0.19445,3.708257666666667,0.1761799821612361,3.5274659999999995,3.879432,descriptive_equal_realization_mean_not_inferential_frames
110,1200,195,3,0.1954499999999999,3.8565926666666654,0.1454911981197944,3.760354,4.023965,descriptive_equal_realization_mean_not_inferential_frames
110,1200,196,3,0.19645,3.753723666666666,0.1790072886011438,3.588175000000001,3.943684,descriptive_equal_realization_mean_not_inferential_frames
110,1200,197,3,0.19745,3.8919366666666666,0.1125460495367708,3.762007000000001,3.959209,descriptive_equal_realization_mean_not_inferential_frames
110,1200,198,3,0.19845,3.9459136666666654,0.0852618350572716,3.859298999999999,4.029755,descriptive_equal_realization_mean_not_inferential_frames
110,1200,199,3,0.19945,3.9602186666666666,0.1224398396002442,3.8460259999999993,4.089506000000001,descriptive_equal_realization_mean_not_inferential_frames
110,1200,200,3,0.2,4.048453333333334,0.1686615502517787,3.8537,4.1461,descriptive_equal_realization_mean_not_inferential_frames
111,300,0,3,0.00045,0.0441904023333333,0.1060861290836728,-0.033192095,0.165120502,descriptive_equal_realization_mean_not_inferential_frames
111,300,1,3,0.00145,0.1246177173333333,0.078327581307845,0.0636369919999999,0.2129546299999999,descriptive_equal_realization_mean_not_inferential_frames
111,300,2,3,0.00245,0.187254,0.0893415994232809,0.0843851,0.2454274,descriptive_equal_realization_mean_not_inferential_frames
111,300,3,3,0.00345,0.2948813033333333,0.1048919885921285,0.17428439,0.36490692,descriptive_equal_realization_mean_not_inferential_frames
111,300,4,3,0.00445,0.4235663666666666,0.1441646083109975,0.2770424999999999,0.5652498,descriptive_equal_realization_mean_not_inferential_frames
111,300,5,3,0.00545,0.4493931,0.1000602418437512,0.3453069000000001,0.5448712,descriptive_equal_realization_mean_not_inferential_frames
111,300,6,3,0.00645,0.6354102,0.1242494044175262,0.5511313,0.7781016999999999,descriptive_equal_realization_mean_not_inferential_frames
111,300,7,3,0.00745,0.6730961,0.1253666487900191,0.5556721,0.8051259,descriptive_equal_realization_mean_not_inferential_frames
111,300,8,3,0.00845,0.7797371666666667,0.0841372114825736,0.7254313000000001,0.8766556,descriptive_equal_realization_mean_not_inferential_frames
111,300,9,3,0.00945,0.8563839666666667,0.0839213091226139,0.7842301,0.9484801,descriptive_equal_realization_mean_not_inferential_frames
111,300,10,3,0.01045,0.9606939,0.0378179027894198,0.9172382,0.9861494,descriptive_equal_realization_mean_not_inferential_frames
111,300,11,3,0.01145,1.0628895,0.0432574402512447,1.0153302,1.0998900000000005,descriptive_equal_realization_mean_not_inferential_frames
111,300,12,3,0.0124499999999999,1.2280993333333334,0.1218868339252987,1.141267,1.3674400000000002,descriptive_equal_realization_mean_not_inferential_frames
111,300,13,3,0.0134499999999999,1.2496562333333332,0.0841507430802801,1.1630407,1.3311039999999998,descriptive_equal_realization_mean_not_inferential_frames
111,300,14,3,0.01445,1.3412713333333333,0.0393809661681037,1.318044,1.386741,descriptive_equal_realization_mean_not_inferential_frames
111,300,15,3,0.01545,1.4613673333333337,0.0925477956589637,1.3599,1.5411419999999998,descriptive_equal_realization_mean_not_inferential_frames
111,300,16,3,0.01645,1.5332823333333334,0.0491394195156326,1.480442,1.577608,descriptive_equal_realization_mean_not_inferential_frames
111,300,17,3,0.01745,1.6193576666666667,0.0842977180612462,1.5617579999999998,1.716112,descriptive_equal_realization_mean_not_inferential_frames
111,300,18,3,0.01845,1.644923,0.0539423745027969,1.588457,1.695926,descriptive_equal_realization_mean_not_inferential_frames
111,300,19,3,0.01945,1.7939783333333337,0.1010521183614346,1.7149629999999998,1.9078430000000004,descriptive_equal_realization_mean_not_inferential_frames
111,300,20,3,0.02045,1.9053386666666663,0.0474488829408377,1.851902,1.942535,descriptive_equal_realization_mean_not_inferential_frames
111,300,21,3,0.02145,2.0248166666666667,0.0705537221012,1.94335,2.0660130000000003,descriptive_equal_realization_mean_not_inferential_frames
111,300,22,3,0.02245,2.0677266666666667,0.0969086278529073,1.994722,2.1776729999999995,descriptive_equal_realization_mean_not_inferential_frames
111,300,23,3,0.02345,2.147226666666667,0.0730575049213517,2.076678,2.2225580000000003,descriptive_equal_realization_mean_not_inferential_frames
111,300,24,3,0.02445,2.2999343333333333,0.0749625282146577,2.241227,2.384374,descriptive_equal_realization_mean_not_inferential_frames
111,300,25,3,0.02545,2.373069,0.1629482833631579,2.223828,2.546924,descriptive_equal_realization_mean_not_inferential_frames
111,300,26,3,0.0264499999999999,2.4539633333333337,0.039141916743222,2.4149770000000004,2.493259,descriptive_equal_realization_mean_not_inferential_frames
111,300,27,3,0.0274499999999999,2.544903333333333,0.0896541427728431,2.4754309999999995,2.646108,descriptive_equal_realization_mean_not_inferential_frames
111,300,28,3,0.0284499999999999,2.6121456666666667,0.0617913446554882,2.56409,2.681848,descriptive_equal_realization_mean_not_inferential_frames
111,300,29,3,0.0294499999999999,2.787870333333333,0.09999175456173,2.703123,2.8981539999999995,descriptive_equal_realization_mean_not_inferential_frames
111,300,30,3,0.0304499999999999,2.7872249999999994,0.0877494331149779,2.6975709999999995,2.8729369999999994,descriptive_equal_realization_mean_not_inferential_frames
111,300,31,3,0.0314499999999999,2.887480333333333,0.0459650830993846,2.834628,2.918121,descriptive_equal_realization_mean_not_inferential_frames
111,300,32,3,0.0324499999999999,2.981749,0.0653081698717697,2.9165270000000008,3.047143,descriptive_equal_realization_mean_not_inferential_frames
111,300,33,3,0.0334499999999999,3.090034333333333,0.073817743018419,3.02855,3.171902,descriptive_equal_realization_mean_not_inferential_frames
111,300,34,3,0.0344499999999999,3.161548,0.0478892546298228,3.125703,3.215936,descriptive_equal_realization_mean_not_inferential_frames
111,300,35,3,0.0354499999999999,3.241055,0.0781601745392116,3.189325,3.330967,descriptive_equal_realization_mean_not_inferential_frames
111,300,36,3,0.0364499999999999,3.332649,0.0966983929494172,3.2651140000000005,3.4434219999999995,descriptive_equal_realization_mean_not_inferential_frames
111,300,37,3,0.03745,3.457887,0.0542944891126163,3.408329,3.515921,descriptive_equal_realization_mean_not_inferential_frames
111,300,38,3,0.03845,3.5185893333333333,0.056793283602318,3.479696,3.583763,descriptive_equal_realization_mean_not_inferential_frames
111,300,39,3,0.03945,3.651080666666666,0.0555556459897044,3.616396,3.715158,descriptive_equal_realization_mean_not_inferential_frames
111,300,40,3,0.04045,3.665657,0.0743811734042967,3.620549,3.751508,descriptive_equal_realization_mean_not_inferential_frames
111,300,41,3,0.04145,3.799959666666666,0.0539978218295268,3.738456,3.839585000000001,descriptive_equal_realization_mean_not_inferential_frames
111,300,42,3,0.04245,3.861379,0.0391284166687076,3.82282,3.901053,descriptive_equal_realization_mean_not_inferential_frames
111,300,43,3,0.04345,3.944285666666667,0.0390246385035576,3.902266,3.979391000000001,descriptive_equal_realization_mean_not_inferential_frames
111,300,44,3,0.04445,4.0329793333333335,0.0584458704472208,3.974149,4.091033,descriptive_equal_realization_mean_not_inferential_frames
111,300,45,3,0.04545,4.168633000000001,0.0955967859449263,4.071542,4.262662000000001,descriptive_equal_realization_mean_not_inferential_frames
111,300,46,3,0.04645,4.192564333333333,0.0532702107404628,4.1488760000000005,4.251908,descriptive_equal_realization_mean_not_inferential_frames
111,300,47,3,0.04745,4.283958999999999,0.0487698898501934,4.235795,4.333313,descriptive_equal_realization_mean_not_inferential_frames
111,300,48,3,0.04845,4.391399333333333,0.0800475178649113,4.307579,4.467046999999999,descriptive_equal_realization_mean_not_inferential_frames
111,300,49,3,0.04945,4.472328999999999,0.0864826748372184,4.39194,4.563831,descriptive_equal_realization_mean_not_inferential_frames
111,300,50,3,0.0504499999999999,4.546131,0.064245812307107,4.494973,4.6182360000000005,descriptive_equal_realization_mean_not_inferential_frames
111,300,51,3,0.0514499999999999,4.657213666666666,0.0716410717419371,4.603749,4.738614,descriptive_equal_realization_mean_not_inferential_frames
111,300,52,3,0.05245,4.712584333333333,0.0381348503253039,4.672585,4.748531,descriptive_equal_realization_mean_not_inferential_frames
111,300,53,3,0.05345,4.823956,0.068127100863019,4.760128,4.895692,descriptive_equal_realization_mean_not_inferential_frames
111,300,54,3,0.05445,4.888141333333333,0.1064591305916663,4.789983999999999,5.001309,descriptive_equal_realization_mean_not_inferential_frames
111,300,55,3,0.05545,4.989521,0.0330328486964112,4.968202,5.027572,descriptive_equal_realization_mean_not_inferential_frames
111,300,56,3,0.05645,5.0664826666666665,0.0941967035799739,5.003127999999999,5.174728000000001,descriptive_equal_realization_mean_not_inferential_frames
111,300,57,3,0.0574499999999999,5.106811333333334,0.062358491260881,5.067675,5.178723000000001,descriptive_equal_realization_mean_not_inferential_frames
111,300,58,3,0.0584499999999999,5.218916,0.1195250830035272,5.100425,5.339449,descriptive_equal_realization_mean_not_inferential_frames
111,300,59,3,0.0594499999999999,5.347202666666667,0.0589592973273367,5.299032,5.412952,descriptive_equal_realization_mean_not_inferential_frames
111,300,60,3,0.0604499999999999,5.404097,0.0405216840222615,5.357431,5.430383,descriptive_equal_realization_mean_not_inferential_frames
111,300,61,3,0.0614499999999999,5.416243333333334,0.1215995266657456,5.300398,5.542878000000001,descriptive_equal_realization_mean_not_inferential_frames
111,300,62,3,0.0624499999999999,5.541102666666667,0.1018201648610592,5.431789,5.633246,descriptive_equal_realization_mean_not_inferential_frames
111,300,63,3,0.0634499999999999,5.6893476666666665,0.0699451673908449,5.6379150000000005,5.768993,descriptive_equal_realization_mean_not_inferential_frames
111,300,64,3,0.0644499999999999,5.737569333333333,0.0665713980800561,5.666651,5.798712999999999,descriptive_equal_realization_mean_not_inferential_frames
111,300,65,3,0.0654499999999999,5.753246999999999,0.0255134364796279,5.723906,5.770212,descriptive_equal_realization_mean_not_inferential_frames
111,300,66,3,0.0664499999999999,5.876945,0.1026385208973707,5.804563,5.994409,descriptive_equal_realization_mean_not_inferential_frames
111,300,67,3,0.0674499999999999,5.971045666666666,0.1262519754314101,5.826580999999999,6.060219999999999,descriptive_equal_realization_mean_not_inferential_frames
111,300,68,3,0.0684499999999999,6.002657,0.071252511710114,5.9237020000000005,6.062172,descriptive_equal_realization_mean_not_inferential_frames
111,300,69,3,0.0694499999999999,6.091576,0.0856504411372181,6.017498,6.185363000000001,descriptive_equal_realization_mean_not_inferential_frames
111,300,70,3,0.0704499999999999,6.227527000000001,0.0901295509142251,6.150685000000001,6.326733,descriptive_equal_realization_mean_not_inferential_frames
111,300,71,3,0.0714499999999999,6.239187333333334,0.1160959761806294,6.1525620000000005,6.371102,descriptive_equal_realization_mean_not_inferential_frames
111,300,72,3,0.0724499999999999,6.3297126666666665,0.0850353931391705,6.23935,6.408165,descriptive_equal_realization_mean_not_inferential_frames
111,300,73,3,0.0734499999999999,6.478883666666667,0.0685267541645833,6.428015,6.556807999999999,descriptive_equal_realization_mean_not_inferential_frames
111,300,74,3,0.0744499999999999,6.563619333333333,0.0783190877266413,6.475571,6.625518,descriptive_equal_realization_mean_not_inferential_frames
111,300,75,3,0.0754499999999999,6.5778886666666665,0.1204681377474275,6.500400000000001,6.716678999999999,descriptive_equal_realization_mean_not_inferential_frames
111,300,76,3,0.0764499999999999,6.688189333333334,0.037509470288626,6.663922,6.731392,descriptive_equal_realization_mean_not_inferential_frames
111,300,77,3,0.0774499999999999,6.710391666666666,0.0884596212536166,6.647898,6.81161,descriptive_equal_realization_mean_not_inferential_frames
111,300,78,3,0.0784499999999999,6.813411666666667,0.0794415128275729,6.730938999999999,6.8894280000000006,descriptive_equal_realization_mean_not_inferential_frames
111,300,79,3,0.0794499999999999,6.9101566666666665,0.0845628358106164,6.8369990000000005,7.002743,descriptive_equal_realization_mean_not_inferential_frames
111,300,80,3,0.08045,6.943085,0.0764514812217522,6.874105,7.025283999999999,descriptive_equal_realization_mean_not_inferential_frames
111,300,81,3,0.08145,6.991356666666667,0.0768215936070935,6.90616,7.055349000000001,descriptive_equal_realization_mean_not_inferential_frames
111,300,82,3,0.08245,7.115385,0.1488509862681467,7.026281999999999,7.287224,descriptive_equal_realization_mean_not_inferential_frames
111,300,83,3,0.0834499999999999,7.192468000000001,0.1195999127466232,7.080301,7.318322999999999,descriptive_equal_realization_mean_not_inferential_frames
111,300,84,3,0.0844499999999999,7.271844666666666,0.1496869036700713,7.120685,7.420013999999999,descriptive_equal_realization_mean_not_inferential_frames
111,300,85,3,0.0854499999999999,7.314626333333334,0.0702964903841814,7.248262000000001,7.388286000000001,descriptive_equal_realization_mean_not_inferential_frames
111,300,86,3,0.0864499999999999,7.399058333333333,0.0809897124722225,7.312125999999999,7.472380999999999,descriptive_equal_realization_mean_not_inferential_frames
111,300,87,3,0.0874499999999999,7.494661333333333,0.1042420876341862,7.385531999999999,7.593209,descriptive_equal_realization_mean_not_inferential_frames
111,300,88,3,0.0884499999999999,7.553101333333333,0.1449691993919171,7.398446,7.685903000000001,descriptive_equal_realization_mean_not_inferential_frames
111,300,89,3,0.0894499999999999,7.609483,0.065262186203038,7.534997,7.656627,descriptive_equal_realization_mean_not_inferential_frames
111,300,90,3,0.0904499999999999,7.640135333333333,0.1503059988334902,7.47179,7.76087,descriptive_equal_realization_mean_not_inferential_frames
111,300,91,3,0.0914499999999999,7.705858,0.1610952161021546,7.545739,7.867912,descriptive_equal_realization_mean_not_inferential_frames
111,300,92,3,0.0924499999999999,7.843157666666666,0.1590125355100445,7.659551,7.936157,descriptive_equal_realization_mean_not_inferential_frames
111,300,93,3,0.0934499999999999,7.836348666666667,0.1039529129285618,7.7209660000000016,7.922699,descriptive_equal_realization_mean_not_inferential_frames
111,300,94,3,0.0944499999999999,7.920444333333332,0.1608277017255827,7.734738,8.013943999999999,descriptive_equal_realization_mean_not_inferential_frames
111,300,95,3,0.09545,7.9513456666666675,0.0954662597221307,7.842341,8.020071,descriptive_equal_realization_mean_not_inferential_frames
111,300,96,3,0.09645,8.043144666666668,0.1003495204838238,7.939982,8.140422000000001,descriptive_equal_realization_mean_not_inferential_frames
111,300,97,3,0.09745,8.139882333333334,0.0771719578365964,8.052642,8.199230000000002,descriptive_equal_realization_mean_not_inferential_frames
111,300,98,3,0.09845,8.195927666666668,0.0457058472882113,8.149104000000001,8.240427,descriptive_equal_realization_mean_not_inferential_frames
111,300,99,3,0.09945,8.210521333333334,0.0703059717117491,8.136968000000001,8.277053,descriptive_equal_realization_mean_not_inferential_frames
111,300,100,3,0.10045,8.291007333333333,0.0491669234784249,8.249793,8.345429,descriptive_equal_realization_mean_not_inferential_frames
111,300,101,3,0.10145,8.296884333333333,0.1633268196173958,8.140207,8.466134,descriptive_equal_realization_mean_not_inferential_frames
111,300,102,3,0.10245,8.368335666666667,0.1371547553252657,8.212973999999999,8.472634,descriptive_equal_realization_mean_not_inferential_frames
111,300,103,3,0.10345,8.451098000000002,0.1616905159216229,8.28624,8.609423000000003,descriptive_equal_realization_mean_not_inferential_frames
111,300,104,3,0.10445,8.427294999999999,0.0967124998694593,8.316793999999998,8.496526,descriptive_equal_realization_mean_not_inferential_frames
111,300,105,3,0.10545,8.496867666666667,0.1709849884999658,8.345928,8.682559000000001,descriptive_equal_realization_mean_not_inferential_frames
111,300,106,3,0.10645,8.562235666666668,0.1436977976739142,8.417402000000001,8.70477,descriptive_equal_realization_mean_not_inferential_frames
111,300,107,3,0.10745,8.581152333333334,0.1723368298807123,8.441019,8.773579000000002,descriptive_equal_realization_mean_not_inferential_frames
111,300,108,3,0.10845,8.681399666666666,0.1574594093864622,8.527747,8.842408,descriptive_equal_realization_mean_not_inferential_frames
111,300,109,3,0.10945,8.711531666666666,0.2081110024297933,8.538203,8.942342,descriptive_equal_realization_mean_not_inferential_frames
111,300,110,3,0.11045,8.719927666666665,0.1735078431464515,8.603551,8.919351,descriptive_equal_realization_mean_not_inferential_frames
111,300,111,3,0.11145,8.781524666666668,0.1864187607118255,8.609676000000002,8.979712,descriptive_equal_realization_mean_not_inferential_frames
111,300,112,3,0.11245,8.736108666666667,0.1995678167474256,8.555737999999998,8.950500000000002,descriptive_equal_realization_mean_not_inferential_frames
111,300,113,3,0.11345,8.793361333333333,0.2587739930853442,8.555378,9.068836,descriptive_equal_realization_mean_not_inferential_frames
111,300,114,3,0.11445,8.888633333333333,0.1701165275989753,8.731663000000001,9.069392,descriptive_equal_realization_mean_not_inferential_frames
111,300,115,3,0.11545,8.901627333333332,0.2751381636929597,8.649664999999999,9.195201,descriptive_equal_realization_mean_not_inferential_frames
111,300,116,3,0.11645,8.964262666666668,0.3173798092653859,8.687230000000001,9.310552,descriptive_equal_realization_mean_not_inferential_frames
111,300,117,3,0.11745,8.976527666666668,0.3228612525053664,8.646066999999999,9.291211,descriptive_equal_realization_mean_not_inferential_frames
111,300,118,3,0.1184499999999999,8.967468,0.350056263122087,8.604029,9.302398,descriptive_equal_realization_mean_not_inferential_frames
111,300,119,3,0.11945,9.018876333333331,0.3669956228217628,8.626985999999999,9.354472,descriptive_equal_realization_mean_not_inferential_frames
111,300,120,3,0.1204499999999999,9.029063333333331,0.4191163171499457,8.585094,9.417862,descriptive_equal_realization_mean_not_inferential_frames
111,300,121,3,0.1214499999999999,9.024446333333335,0.4635924986983009,8.529223,9.448079000000002,descriptive_equal_realization_mean_not_inferential_frames
111,300,122,3,0.1224499999999999,9.040765333333333,0.4681777151897916,8.555505,9.48975,descriptive_equal_realization_mean_not_inferential_frames
111,300,123,3,0.1234499999999999,9.066513666666667,0.4568821736031438,8.606028,9.519705,descriptive_equal_realization_mean_not_inferential_frames
111,300,124,3,0.1244499999999999,9.061097333333334,0.4530872600033384,8.592842000000001,9.497316,descriptive_equal_realization_mean_not_inferential_frames
111,300,125,3,0.1254499999999999,8.985864666666666,0.5593687111533244,8.453336000000002,9.568677999999998,descriptive_equal_realization_mean_not_inferential_frames
111,300,126,3,0.12645,8.879171666666666,0.6091457887782967,8.311882,9.522949,descriptive_equal_realization_mean_not_inferential_frames
111,300,127,3,0.1274499999999999,8.872902999999999,0.6850720394068064,8.182070999999999,9.552066,descriptive_equal_realization_mean_not_inferential_frames
111,300,128,3,0.12845,8.833737,0.7273828846536046,8.139758,9.590459,descriptive_equal_realization_mean_not_inferential_frames
111,300,129,3,0.1294499999999999,8.763452666666668,0.6717067817182836,8.107195,9.449610000000002,descriptive_equal_realization_mean_not_inferential_frames
111,300,130,3,0.13045,8.656205666666667,0.6931630726815549,7.954199,9.340173000000002,descriptive_equal_realization_mean_not_inferential_frames
111,300,131,3,0.1314499999999999,8.536466666666668,0.7237360748134172,7.764951000000001,9.200373,descriptive_equal_realization_mean_not_inferential_frames
111,300,132,3,0.13245,8.382819,0.7273470429643611,7.625601999999999,9.076071,descriptive_equal_realization_mean_not_inferential_frames
111,300,133,3,0.1334499999999999,8.210454333333333,0.787834224508134,7.345413000000001,8.88682,descriptive_equal_realization_mean_not_inferential_frames
111,300,134,3,0.13445,8.03516,0.7672245547302292,7.250316000000001,8.783458999999999,descriptive_equal_realization_mean_not_inferential_frames
111,300,135,3,0.13545,7.926720666666665,0.7804637432003706,7.117521999999999,8.674863,descriptive_equal_realization_mean_not_inferential_frames
111,300,136,3,0.13645,7.789116333333333,0.8624820268795949,7.004411,8.712556000000001,descriptive_equal_realization_mean_not_inferential_frames
111,300,137,3,0.13745,7.622991333333334,0.8812552185129648,6.902959,8.605724,descriptive_equal_realization_mean_not_inferential_frames
111,300,138,3,0.13845,7.425121333333333,0.8527089152590898,6.832072999999999,8.402331,descriptive_equal_realization_mean_not_inferential_frames
111,300,139,3,0.13945,7.268544333333334,0.9691828441838688,6.672383999999999,8.386844,descriptive_equal_realization_mean_not_inferential_frames
111,300,140,3,0.14045,7.084037000000001,1.0495450332410723,6.445111999999999,8.295338000000003,descriptive_equal_realization_mean_not_inferential_frames
111,300,141,3,0.14145,6.871121666666667,1.1234624044311996,6.115947,8.162192,descriptive_equal_realization_mean_not_inferential_frames
111,300,142,3,0.14245,6.607569333333333,1.1384459361082246,5.693698,7.882849999999999,descriptive_equal_realization_mean_not_inferential_frames
111,300,143,3,0.14345,6.3520623333333335,1.2002938716449132,5.241564,7.625504000000001,descriptive_equal_realization_mean_not_inferential_frames
111,300,144,3,0.14445,6.205025666666667,1.1991434222182649,5.053945000000001,7.447052999999999,descriptive_equal_realization_mean_not_inferential_frames
111,300,145,3,0.14545,5.989548,1.1493373998643737,4.812879000000001,7.10945,descriptive_equal_realization_mean_not_inferential_frames
111,300,146,3,0.14645,5.770483666666666,1.2488317255424508,4.428188999999999,6.897991,descriptive_equal_realization_mean_not_inferential_frames
111,300,147,3,0.14745,5.625641999999999,1.2356473469789022,4.282026,6.713198,descriptive_equal_realization_mean_not_inferential_frames
111,300,148,3,0.14845,5.458122,1.2354394169796423,4.094284,6.502352999999999,descriptive_equal_realization_mean_not_inferential_frames
111,300,149,3,0.14945,5.376999333333334,1.276261225236564,4.030166,6.568463000000001,descriptive_equal_realization_mean_not_inferential_frames
111,300,150,3,0.15045,5.366780666666666,1.2246618881145663,4.044580999999999,6.462205,descriptive_equal_realization_mean_not_inferential_frames
111,300,151,3,0.15145,5.369662333333333,1.1208818790587771,4.137642,6.329141000000001,descriptive_equal_realization_mean_not_inferential_frames
111,300,152,3,0.15245,5.294650333333333,1.0146627513269295,4.213005999999999,6.225440000000001,descriptive_equal_realization_mean_not_inferential_frames
111,300,153,3,0.15345,5.259775666666666,0.9008659656598936,4.380148,6.180475,descriptive_equal_realization_mean_not_inferential_frames
111,300,154,3,0.15445,5.223865666666667,0.7301094003670502,4.598718,6.026289,descriptive_equal_realization_mean_not_inferential_frames
111,300,155,3,0.15545,5.136843333333333,0.695960004424344,4.54795,5.904855,descriptive_equal_realization_mean_not_inferential_frames
111,300,156,3,0.15645,5.037573,0.5757590141934383,4.565813,5.679138,descriptive_equal_realization_mean_not_inferential_frames
111,300,157,3,0.15745,4.968727,0.4315534333694963,4.560395999999999,5.420254,descriptive_equal_realization_mean_not_inferential_frames
111,300,158,3,0.15845,4.920265333333333,0.4865410777204047,4.511628,5.458475999999999,descriptive_equal_realization_mean_not_inferential_frames
111,300,159,3,0.1594499999999999,4.820880333333334,0.2787043659800347,4.568113,5.119768,descriptive_equal_realization_mean_not_inferential_frames
111,300,160,3,0.16045,4.789011333333334,0.2320078989740073,4.606117,5.049987,descriptive_equal_realization_mean_not_inferential_frames
111,300,161,3,0.1614499999999999,4.774242666666667,0.2705633527333905,4.474763,5.001043999999999,descriptive_equal_realization_mean_not_inferential_frames
111,300,162,3,0.16245,4.689224,0.2347286509738425,4.421496,4.859678000000001,descriptive_equal_realization_mean_not_inferential_frames
111,300,163,3,0.1634499999999999,4.726488666666667,0.2502592455841209,4.438344,4.889513,descriptive_equal_realization_mean_not_inferential_frames
111,300,164,3,0.16445,4.773755333333334,0.1406405669582338,4.642091,4.9219170000000005,descriptive_equal_realization_mean_not_inferential_frames
111,300,165,3,0.1654499999999999,4.656067666666667,0.2559647952596864,4.432023000000001,4.935036,descriptive_equal_realization_mean_not_inferential_frames
111,300,166,3,0.16645,4.627293333333333,0.2674488843804239,4.456643000000001,4.935526,descriptive_equal_realization_mean_not_inferential_frames
111,300,167,3,0.16745,4.639082666666666,0.3026463005099073,4.420280999999999,4.984468999999999,descriptive_equal_realization_mean_not_inferential_frames
111,300,168,3,0.16845,4.659087333333333,0.3056521993202947,4.433549999999999,5.006957999999999,descriptive_equal_realization_mean_not_inferential_frames
111,300,169,3,0.16945,4.575718999999999,0.4433571228152314,4.165083999999999,5.0458,descriptive_equal_realization_mean_not_inferential_frames
111,300,170,3,0.17045,4.567803666666666,0.5197532714522662,4.074149,5.110219,descriptive_equal_realization_mean_not_inferential_frames
111,300,171,3,0.17145,4.643719333333333,0.576391872043953,4.085346,5.236580999999999,descriptive_equal_realization_mean_not_inferential_frames
111,300,172,3,0.17245,4.597411,0.7032192686360351,3.87272,5.276986,descriptive_equal_realization_mean_not_inferential_frames
111,300,173,3,0.17345,4.611821666666667,0.7529059909127654,3.878088,5.382537,descriptive_equal_realization_mean_not_inferential_frames
111,300,174,3,0.17445,4.720118333333334,0.7147729795713695,3.981169,5.407973,descriptive_equal_realization_mean_not_inferential_frames
111,300,175,3,0.17545,4.717397666666667,0.7799690292116307,3.977407,5.531985000000001,descriptive_equal_realization_mean_not_inferential_frames
111,300,176,3,0.17645,4.758225666666667,0.8323213510299576,3.98602,5.6398410000000005,descriptive_equal_realization_mean_not_inferential_frames
111,300,177,3,0.17745,4.843374666666667,0.865118478583328,4.005957,5.733759999999999,descriptive_equal_realization_mean_not_inferential_frames
111,300,178,3,0.17845,4.779889333333333,0.8589583319866761,3.981516,5.688742,descriptive_equal_realization_mean_not_inferential_frames
111,300,179,3,0.1794499999999999,4.811054666666666,0.9223265898895756,3.998856,5.813758,descriptive_equal_realization_mean_not_inferential_frames
111,300,180,3,0.18045,4.720172333333333,0.9560395940442704,3.889197,5.765042,descriptive_equal_realization_mean_not_inferential_frames
111,300,181,3,0.1814499999999999,4.699746333333334,1.0069868960544293,3.7733909999999993,5.771547,descriptive_equal_realization_mean_not_inferential_frames
111,300,182,3,0.18245,4.65708,1.10908636051166,3.661144,5.852297,descriptive_equal_realization_mean_not_inferential_frames
111,300,183,3,0.1834499999999999,4.662126333333333,1.180717648480505,3.643403,5.956183,descriptive_equal_realization_mean_not_inferential_frames
111,300,184,3,0.18445,4.786994666666667,1.0590848318380044,3.844004,5.932832,descriptive_equal_realization_mean_not_inferential_frames
111,300,185,3,0.1854499999999999,4.714234,1.1460950869247282,3.689538,5.951863,descriptive_equal_realization_mean_not_inferential_frames
111,300,186,3,0.18645,4.721642,1.198117577401734,3.681487,6.031684,descriptive_equal_realization_mean_not_inferential_frames
111,300,187,3,0.1874499999999999,4.792039,1.217809833002263,3.697492,6.103862,descriptive_equal_realization_mean_not_inferential_frames
111,300,188,3,0.18845,4.7772266666666665,1.2227569448677578,3.7166,6.114656999999999,descriptive_equal_realization_mean_not_inferential_frames
111,300,189,3,0.1894499999999999,4.834739666666667,1.180656672778896,3.891723,6.158885,descriptive_equal_realization_mean_not_inferential_frames
111,300,190,3,0.19045,4.799482666666667,1.2306910480544386,3.805342,6.175964,descriptive_equal_realization_mean_not_inferential_frames
111,300,191,3,0.1914499999999999,4.794531,1.2743950756606055,3.7783130000000007,6.224355000000001,descriptive_equal_realization_mean_not_inferential_frames
111,300,192,3,0.19245,4.769980666666666,1.215284058487699,3.760479,6.118885,descriptive_equal_realization_mean_not_inferential_frames
111,300,193,3,0.1934499999999999,4.774377333333334,1.36673232512198,3.653564,6.296964000000001,descriptive_equal_realization_mean_not_inferential_frames
111,300,194,3,0.19445,4.775909,1.3637115417169423,3.691147,6.306813,descriptive_equal_realization_mean_not_inferential_frames
111,300,195,3,0.1954499999999999,4.771060333333334,1.327724932304252,3.698455000000001,6.256041999999999,descriptive_equal_realization_mean_not_inferential_frames
111,300,196,3,0.19645,4.798087,1.3658419935567214,3.630136,6.299909,descriptive_equal_realization_mean_not_inferential_frames
111,300,197,3,0.19745,4.782318333333333,1.3982411873472806,3.49996,6.273054,descriptive_equal_realization_mean_not_inferential_frames
111,300,198,3,0.19845,4.815572333333333,1.3589744135344617,3.613803,6.290313,descriptive_equal_realization_mean_not_inferential_frames
111,300,199,3,0.19945,4.7663693333333335,1.3973927373957304,3.458155,6.238485,descriptive_equal_realization_mean_not_inferential_frames
111,300,200,3,0.2,4.765836666666666,1.3773501991263273,3.3842,6.13886,descriptive_equal_realization_mean_not_inferential_frames
111,1200,0,3,0.00045,-0.248697851,0.1634418840058548,-0.4057223,-0.079517323,descriptive_equal_realization_mean_not_inferential_frames
111,1200,1,3,0.00145,-0.1476152166666666,0.0532348975595279,-0.2024757499999999,-0.0961704599999999,descriptive_equal_realization_mean_not_inferential_frames
111,1200,2,3,0.00245,-0.0123902853333333,0.1739010073221041,-0.2092527699999999,0.1203255299999999,descriptive_equal_realization_mean_not_inferential_frames
111,1200,3,3,0.00345,0.0821641713333333,0.0720227843553506,0.01766188,0.159878184,descriptive_equal_realization_mean_not_inferential_frames
111,1200,4,3,0.00445,0.2160433866666666,0.3103624244557748,-0.1343575399999999,0.4563532,descriptive_equal_realization_mean_not_inferential_frames
111,1200,5,3,0.00545,0.2493645633333333,0.0234999637212492,0.22310789,0.2684248999999999,descriptive_equal_realization_mean_not_inferential_frames
111,1200,6,3,0.00645,0.31546091,0.1588153127802898,0.16629463,0.4824256999999999,descriptive_equal_realization_mean_not_inferential_frames
111,1200,7,3,0.00745,0.4663240566666666,0.1751085174899942,0.26790237,0.599219,descriptive_equal_realization_mean_not_inferential_frames
111,1200,8,3,0.00845,0.4185873833333333,0.0861683342387784,0.33220425,0.5045393,descriptive_equal_realization_mean_not_inferential_frames
111,1200,9,3,0.00945,0.6225976000000001,0.0752454835228667,0.5509031,0.7009514000000001,descriptive_equal_realization_mean_not_inferential_frames
111,1200,10,3,0.01045,0.7226264333333333,0.0065809338276063,0.7154517,0.7283820000000001,descriptive_equal_realization_mean_not_inferential_frames
111,1200,11,3,0.01145,0.6625749666666667,0.1191624924644635,0.5291714000000001,0.7584712,descriptive_equal_realization_mean_not_inferential_frames
111,1200,12,3,0.0124499999999999,0.8386337333333332,0.0714138039778258,0.7622503999999999,0.9037349,descriptive_equal_realization_mean_not_inferential_frames
111,1200,13,3,0.0134499999999999,0.8394977999999998,0.1585592607597234,0.7454756,1.0225637,descriptive_equal_realization_mean_not_inferential_frames
111,1200,14,3,0.01445,1.0167735000000002,0.1934644969257926,0.8099190000000001,1.1932550000000002,descriptive_equal_realization_mean_not_inferential_frames
111,1200,15,3,0.01545,1.0742438,0.0610647338668563,1.0324521,1.1443229,descriptive_equal_realization_mean_not_inferential_frames
111,1200,16,3,0.01645,1.1821023000000002,0.2046844931518507,0.9638702,1.369811,descriptive_equal_realization_mean_not_inferential_frames
111,1200,17,3,0.01745,1.3249621333333332,0.1407802175330516,1.1714914,1.4481100000000002,descriptive_equal_realization_mean_not_inferential_frames
111,1200,18,3,0.01845,1.2332837,0.1768771009098407,1.0293331,1.3446729999999998,descriptive_equal_realization_mean_not_inferential_frames
111,1200,19,3,0.01945,1.620163,0.0618257634243201,1.551992,1.672605,descriptive_equal_realization_mean_not_inferential_frames
111,1200,20,3,0.02045,1.4853795666666665,0.0407636511608484,1.4385306999999998,1.512749,descriptive_equal_realization_mean_not_inferential_frames
111,1200,21,3,0.02145,1.7198993333333334,0.0880576235787301,1.6200090000000005,1.7862940000000005,descriptive_equal_realization_mean_not_inferential_frames
111,1200,22,3,0.02245,1.6384743333333336,0.0987113965524412,1.5306070000000005,1.724305,descriptive_equal_realization_mean_not_inferential_frames
111,1200,23,3,0.02345,1.871972,0.188036841360942,1.6713949999999995,2.044264,descriptive_equal_realization_mean_not_inferential_frames
111,1200,24,3,0.02445,1.766738666666667,0.0744943025024957,1.6924999999999997,1.841486,descriptive_equal_realization_mean_not_inferential_frames
111,1200,25,3,0.02545,1.9733406666666664,0.126806857643163,1.883412,2.1183780000000003,descriptive_equal_realization_mean_not_inferential_frames
111,1200,26,3,0.0264499999999999,2.057634666666667,0.0984898046314101,1.986031,2.169954,descriptive_equal_realization_mean_not_inferential_frames
111,1200,27,3,0.0274499999999999,2.195486666666667,0.1259621357485391,2.05192,2.2874670000000004,descriptive_equal_realization_mean_not_inferential_frames
111,1200,28,3,0.0284499999999999,2.221118333333333,0.1458118394964318,2.0618170000000005,2.3479749999999995,descriptive_equal_realization_mean_not_inferential_frames
111,1200,29,3,0.0294499999999999,2.3006266666666666,0.0877040956531296,2.237015,2.400676,descriptive_equal_realization_mean_not_inferential_frames
111,1200,30,3,0.0304499999999999,2.451487,0.0814589438735858,2.35765,2.50402,descriptive_equal_realization_mean_not_inferential_frames
111,1200,31,3,0.0314499999999999,2.4276003333333334,0.1179971109575707,2.355632,2.563778,descriptive_equal_realization_mean_not_inferential_frames
111,1200,32,3,0.0324499999999999,2.61432,0.0481133676539067,2.561883,2.656434,descriptive_equal_realization_mean_not_inferential_frames
111,1200,33,3,0.0334499999999999,2.5417376666666667,0.1745149235863036,2.340651,2.65362,descriptive_equal_realization_mean_not_inferential_frames
111,1200,34,3,0.0344499999999999,2.7021596666666667,0.0352484960293813,2.6643110000000005,2.734048,descriptive_equal_realization_mean_not_inferential_frames
111,1200,35,3,0.0354499999999999,2.748536333333333,0.1547754273466348,2.591091,2.9004960000000004,descriptive_equal_realization_mean_not_inferential_frames
111,1200,36,3,0.0364499999999999,2.7859583333333333,0.2519820300762203,2.515633,3.014331,descriptive_equal_realization_mean_not_inferential_frames
111,1200,37,3,0.03745,2.972298666666666,0.0756690765790976,2.918224,3.058773,descriptive_equal_realization_mean_not_inferential_frames
111,1200,38,3,0.03845,3.0613023333333333,0.2305952919561315,2.807131,3.2571040000000004,descriptive_equal_realization_mean_not_inferential_frames
111,1200,39,3,0.03945,3.117341,0.0915662052997717,3.039712,3.218322,descriptive_equal_realization_mean_not_inferential_frames
111,1200,40,3,0.04045,3.2481496666666665,0.097273545860801,3.137589,3.320588,descriptive_equal_realization_mean_not_inferential_frames
111,1200,41,3,0.04145,3.1979296666666666,0.0501913403022206,3.140851,3.235169,descriptive_equal_realization_mean_not_inferential_frames
111,1200,42,3,0.04245,3.3677760000000005,0.0430926585974919,3.324616,3.410801,descriptive_equal_realization_mean_not_inferential_frames
111,1200,43,3,0.04345,3.355439666666667,0.0620548570406322,3.31156,3.426438,descriptive_equal_realization_mean_not_inferential_frames
111,1200,44,3,0.04445,3.513439333333333,0.2161081488059471,3.273193,3.691992,descriptive_equal_realization_mean_not_inferential_frames
111,1200,45,3,0.04545,3.576703,0.0843953983875901,3.482203,3.644566,descriptive_equal_realization_mean_not_inferential_frames
111,1200,46,3,0.04645,3.5825856666666667,0.1723331675456974,3.3844919999999994,3.698,descriptive_equal_realization_mean_not_inferential_frames
111,1200,47,3,0.04745,3.741282,0.1236396279070751,3.6003899999999995,3.831699,descriptive_equal_realization_mean_not_inferential_frames
111,1200,48,3,0.04845,3.6301726666666663,0.0683901755834369,3.5736450000000004,3.706193,descriptive_equal_realization_mean_not_inferential_frames
111,1200,49,3,0.04945,3.952629,0.0785872579430019,3.875024,4.032162999999999,descriptive_equal_realization_mean_not_inferential_frames
111,1200,50,3,0.0504499999999999,3.8916136666666654,0.1818899586270044,3.681587,3.997373,descriptive_equal_realization_mean_not_inferential_frames
111,1200,51,3,0.0514499999999999,3.8866403333333337,0.1197175742584747,3.748466,3.959359000000001,descriptive_equal_realization_mean_not_inferential_frames
111,1200,52,3,0.05245,4.246623333333333,0.1283228316876357,4.107535,4.360412,descriptive_equal_realization_mean_not_inferential_frames
111,1200,53,3,0.05345,4.097595666666667,0.04096471340475,4.052443,4.13238,descriptive_equal_realization_mean_not_inferential_frames
111,1200,54,3,0.05445,4.240036666666667,0.1226272717519779,4.098447999999999,4.312222,descriptive_equal_realization_mean_not_inferential_frames
111,1200,55,3,0.05545,4.304278,0.0586349613541273,4.238167,4.349985,descriptive_equal_realization_mean_not_inferential_frames
111,1200,56,3,0.05645,4.3486036666666665,0.0706362207534726,4.280112000000001,4.4212050000000005,descriptive_equal_realization_mean_not_inferential_frames
111,1200,57,3,0.0574499999999999,4.508195333333334,0.1264330348023545,4.363786,4.598968000000001,descriptive_equal_realization_mean_not_inferential_frames
111,1200,58,3,0.0584499999999999,4.47032,0.1144436813502604,4.338525000000001,4.544579,descriptive_equal_realization_mean_not_inferential_frames
111,1200,59,3,0.0594499999999999,4.529933,0.0406205619975895,4.483682,4.5598160000000005,descriptive_equal_realization_mean_not_inferential_frames
111,1200,60,3,0.0604499999999999,4.669541333333333,0.0681056722845701,4.59102,4.712567999999999,descriptive_equal_realization_mean_not_inferential_frames
111,1200,61,3,0.0614499999999999,4.708085666666666,0.2143954217266153,4.525948999999999,4.944360999999999,descriptive_equal_realization_mean_not_inferential_frames
111,1200,62,3,0.0624499999999999,4.831847666666667,0.1364917451875143,4.696116,4.969087,descriptive_equal_realization_mean_not_inferential_frames
111,1200,63,3,0.0634499999999999,4.768994666666667,0.1469091530856167,4.647446,4.932246999999999,descriptive_equal_realization_mean_not_inferential_frames
111,1200,64,3,0.0644499999999999,4.910070666666667,0.1502262168875104,4.765805,5.065621,descriptive_equal_realization_mean_not_inferential_frames
111,1200,65,3,0.0654499999999999,5.010491,0.1159057932805775,4.877785,5.091877,descriptive_equal_realization_mean_not_inferential_frames
111,1200,66,3,0.0664499999999999,5.130941,0.103008302209093,5.023013000000001,5.228198999999999,descriptive_equal_realization_mean_not_inferential_frames
111,1200,67,3,0.0674499999999999,5.133056333333333,0.1082475868199075,5.014145999999999,5.2258700000000005,descriptive_equal_realization_mean_not_inferential_frames
111,1200,68,3,0.0684499999999999,5.140854666666667,0.0875610552776366,5.044634,5.2158560000000005,descriptive_equal_realization_mean_not_inferential_frames
111,1200,69,3,0.0694499999999999,5.256708666666667,0.1551357319715009,5.156066,5.435367,descriptive_equal_realization_mean_not_inferential_frames
111,1200,70,3,0.0704499999999999,5.307883,0.039161184468808,5.264626,5.340923,descriptive_equal_realization_mean_not_inferential_frames
111,1200,71,3,0.0714499999999999,5.505802333333334,0.0965211939541431,5.438976,5.616462,descriptive_equal_realization_mean_not_inferential_frames
111,1200,72,3,0.0724499999999999,5.393411,0.1816805900282135,5.222562000000001,5.584267,descriptive_equal_realization_mean_not_inferential_frames
111,1200,73,3,0.0734499999999999,5.471885,0.1584327598920124,5.289410999999999,5.574451999999999,descriptive_equal_realization_mean_not_inferential_frames
111,1200,74,3,0.0744499999999999,5.6301283333333325,0.0727158225033131,5.553138,5.69764,descriptive_equal_realization_mean_not_inferential_frames
111,1200,75,3,0.0754499999999999,5.655920999999999,0.0828237390426199,5.563218,5.722629,descriptive_equal_realization_mean_not_inferential_frames
111,1200,76,3,0.0764499999999999,5.795519666666667,0.1479759223162114,5.664025,5.9557590000000005,descriptive_equal_realization_mean_not_inferential_frames
111,1200,77,3,0.0774499999999999,5.685698333333334,0.0407302358737751,5.659064,5.732585,descriptive_equal_realization_mean_not_inferential_frames
111,1200,78,3,0.0784499999999999,5.909999333333334,0.2803205415811211,5.607979000000001,6.161843,descriptive_equal_realization_mean_not_inferential_frames
111,1200,79,3,0.0794499999999999,5.796563333333334,0.0018588965364786,5.795052,5.798639,descriptive_equal_realization_mean_not_inferential_frames
111,1200,80,3,0.08045,5.801582,0.1076256347577097,5.682583,5.892109,descriptive_equal_realization_mean_not_inferential_frames
111,1200,81,3,0.08145,5.977158,0.1999023286782821,5.8099240000000005,6.198563,descriptive_equal_realization_mean_not_inferential_frames
111,1200,82,3,0.08245,5.923084333333333,0.2322106435336958,5.713938,6.172967999999999,descriptive_equal_realization_mean_not_inferential_frames
111,1200,83,3,0.0834499999999999,6.036357333333334,0.0282055825384509,6.018145,6.068847000000001,descriptive_equal_realization_mean_not_inferential_frames
111,1200,84,3,0.0844499999999999,5.981671666666666,0.0770042491706353,5.930412,6.070221999999999,descriptive_equal_realization_mean_not_inferential_frames
111,1200,85,3,0.0854499999999999,6.252034333333334,0.0858868471206935,6.171596,6.342491000000001,descriptive_equal_realization_mean_not_inferential_frames
111,1200,86,3,0.0864499999999999,6.154016333333334,0.2677907298775169,5.847368,6.341793,descriptive_equal_realization_mean_not_inferential_frames
111,1200,87,3,0.0874499999999999,6.213441,0.096054428258149,6.1108970000000005,6.301319,descriptive_equal_realization_mean_not_inferential_frames
111,1200,88,3,0.0884499999999999,6.247101,0.2218911550760865,6.005185,6.441155999999999,descriptive_equal_realization_mean_not_inferential_frames
111,1200,89,3,0.0894499999999999,6.443447333333334,0.0782745257752061,6.393016,6.533620000000001,descriptive_equal_realization_mean_not_inferential_frames
111,1200,90,3,0.0904499999999999,6.414717,0.1053110309369351,6.295569,6.495344,descriptive_equal_realization_mean_not_inferential_frames
111,1200,91,3,0.0914499999999999,6.347625999999999,0.1643695844948204,6.164668,6.482832999999999,descriptive_equal_realization_mean_not_inferential_frames
111,1200,92,3,0.0924499999999999,6.565098333333334,0.1012359471943303,6.449390000000001,6.637354,descriptive_equal_realization_mean_not_inferential_frames
111,1200,93,3,0.0934499999999999,6.445665333333333,0.0745723181973934,6.366494,6.514576,descriptive_equal_realization_mean_not_inferential_frames
111,1200,94,3,0.0944499999999999,6.665967333333334,0.2599064388512405,6.366007999999999,6.824293,descriptive_equal_realization_mean_not_inferential_frames
111,1200,95,3,0.09545,6.590077000000001,0.1936038866242095,6.409063000000001,6.794197,descriptive_equal_realization_mean_not_inferential_frames
111,1200,96,3,0.09645,6.689517666666667,0.163665286851957,6.524597,6.851898,descriptive_equal_realization_mean_not_inferential_frames
111,1200,97,3,0.09745,6.5899410000000005,0.1523737908598449,6.443202000000001,6.747385,descriptive_equal_realization_mean_not_inferential_frames
111,1200,98,3,0.09845,6.625423666666666,0.1904941060671786,6.408604,6.765926,descriptive_equal_realization_mean_not_inferential_frames
111,1200,99,3,0.09945,6.790163333333333,0.0786573817599678,6.7014380000000005,6.851344,descriptive_equal_realization_mean_not_inferential_frames
111,1200,100,3,0.10045,6.775634666666666,0.128763430834742,6.681705000000001,6.922414000000001,descriptive_equal_realization_mean_not_inferential_frames
111,1200,101,3,0.10145,6.774641666666668,0.2466729783363661,6.592291,7.055313000000001,descriptive_equal_realization_mean_not_inferential_frames
111,1200,102,3,0.10245,6.722134666666666,0.2049800561087186,6.500884999999999,6.905583,descriptive_equal_realization_mean_not_inferential_frames
111,1200,103,3,0.10345,6.815830666666667,0.1920491781011653,6.641498,7.021693999999999,descriptive_equal_realization_mean_not_inferential_frames
111,1200,104,3,0.10445,6.8547720000000005,0.2840689675501353,6.529227000000001,7.052337,descriptive_equal_realization_mean_not_inferential_frames
111,1200,105,3,0.10545,6.857818333333333,0.3469856208178276,6.539509,7.227705999999999,descriptive_equal_realization_mean_not_inferential_frames
111,1200,106,3,0.10645,6.812015333333334,0.2405767893965113,6.536461,6.980281000000001,descriptive_equal_realization_mean_not_inferential_frames
111,1200,107,3,0.10745,6.7410673333333335,0.0941672335918041,6.677626999999999,6.849266,descriptive_equal_realization_mean_not_inferential_frames
111,1200,108,3,0.10845,6.855659,0.2703286300727317,6.555863,7.080852,descriptive_equal_realization_mean_not_inferential_frames
111,1200,109,3,0.10945,6.786314333333333,0.2494237585642821,6.624467,7.073554,descriptive_equal_realization_mean_not_inferential_frames
111,1200,110,3,0.11045,6.747899333333334,0.2124716997257129,6.599095,6.991231000000001,descriptive_equal_realization_mean_not_inferential_frames
111,1200,111,3,0.11145,6.711917,0.3712191475840113,6.474521,7.139704,descriptive_equal_realization_mean_not_inferential_frames
111,1200,112,3,0.11245,6.639100666666667,0.3878067069937459,6.2441580000000005,7.019354,descriptive_equal_realization_mean_not_inferential_frames
111,1200,113,3,0.11345,6.641842333333334,0.3391696611333823,6.422269,7.032479,descriptive_equal_realization_mean_not_inferential_frames
111,1200,114,3,0.11445,6.587941333333333,0.322075708559855,6.238789000000001,6.873432999999999,descriptive_equal_realization_mean_not_inferential_frames
111,1200,115,3,0.11545,6.460449333333334,0.2064301796839153,6.294906,6.691747000000001,descriptive_equal_realization_mean_not_inferential_frames
111,1200,116,3,0.11645,6.324116666666666,0.3608285984138915,5.90761,6.5418,descriptive_equal_realization_mean_not_inferential_frames
111,1200,117,3,0.11745,6.356086666666666,0.1660995139436999,6.229803,6.544242,descriptive_equal_realization_mean_not_inferential_frames
111,1200,118,3,0.1184499999999999,6.014612,0.2150239612066529,5.838775999999999,6.254341,descriptive_equal_realization_mean_not_inferential_frames
111,1200,119,3,0.11945,5.947662,0.3736031935074969,5.596819,6.34048,descriptive_equal_realization_mean_not_inferential_frames
111,1200,120,3,0.1204499999999999,5.644019666666666,0.3614260043222317,5.391018999999999,6.0579600000000005,descriptive_equal_realization_mean_not_inferential_frames
111,1200,121,3,0.1214499999999999,5.589047333333333,0.4460470009946636,5.085635,5.93504,descriptive_equal_realization_mean_not_inferential_frames
111,1200,122,3,0.1224499999999999,5.3729466666666665,0.4821674344139527,4.872234,5.834136,descriptive_equal_realization_mean_not_inferential_frames
111,1200,123,3,0.1234499999999999,5.2314256666666665,0.4536039392844085,4.708143,5.512764,descriptive_equal_realization_mean_not_inferential_frames
111,1200,124,3,0.1244499999999999,5.041399999999999,0.2488001517945674,4.771636,5.261850999999999,descriptive_equal_realization_mean_not_inferential_frames
111,1200,125,3,0.1254499999999999,4.939819333333333,0.6656828542672043,4.354914000000001,5.664183999999999,descriptive_equal_realization_mean_not_inferential_frames
111,1200,126,3,0.12645,4.684465666666666,0.5941293653997699,4.136886,5.316176,descriptive_equal_realization_mean_not_inferential_frames
111,1200,127,3,0.1274499999999999,4.434737666666667,0.6678967279762144,3.773535,5.109133,descriptive_equal_realization_mean_not_inferential_frames
111,1200,128,3,0.12845,4.233341333333333,0.5964067464661459,3.5983439999999995,4.781675,descriptive_equal_realization_mean_not_inferential_frames
111,1200,129,3,0.1294499999999999,4.169858666666666,0.9475289864391137,3.145192,5.014389,descriptive_equal_realization_mean_not_inferential_frames
111,1200,130,3,0.13045,4.135051666666667,1.0305736712949412,2.987976,4.9828980000000005,descriptive_equal_realization_mean_not_inferential_frames
111,1200,131,3,0.1314499999999999,3.950801333333333,1.2456292880405198,2.5216420000000004,4.805809,descriptive_equal_realization_mean_not_inferential_frames
111,1200,132,3,0.13245,3.810852,1.070793670517808,2.603941,4.646952,descriptive_equal_realization_mean_not_inferential_frames
111,1200,133,3,0.1334499999999999,3.746774333333333,1.0509029066856437,2.534354,4.396855,descriptive_equal_realization_mean_not_inferential_frames
111,1200,134,3,0.13445,3.524646333333333,1.00731762306302,2.3619930000000005,4.135413,descriptive_equal_realization_mean_not_inferential_frames
111,1200,135,3,0.13545,3.5560663333333324,0.7801484129608499,2.671737,4.146900999999999,descriptive_equal_realization_mean_not_inferential_frames
111,1200,136,3,0.13645,3.2374023333333333,0.8924777438605026,2.2517400000000003,3.99075,descriptive_equal_realization_mean_not_inferential_frames
111,1200,137,3,0.13745,3.156653,0.6252851085888741,2.453394,3.649886,descriptive_equal_realization_mean_not_inferential_frames
111,1200,138,3,0.13845,3.043589666666667,0.5242331414002106,2.44845,3.436956,descriptive_equal_realization_mean_not_inferential_frames
111,1200,139,3,0.13945,3.0218113333333334,0.1998291185621688,2.797162,3.179756,descriptive_equal_realization_mean_not_inferential_frames
111,1200,140,3,0.14045,2.8293586666666664,0.2646869164018752,2.575768,3.103897,descriptive_equal_realization_mean_not_inferential_frames
111,1200,141,3,0.14145,2.9246906666666668,0.4271947709655784,2.6460470000000003,3.4165229999999998,descriptive_equal_realization_mean_not_inferential_frames
111,1200,142,3,0.14245,2.828386333333333,0.1868885852435437,2.618709,2.977428,descriptive_equal_realization_mean_not_inferential_frames
111,1200,143,3,0.14345,2.941823333333333,0.3270873797998535,2.6013239999999995,3.2536050000000003,descriptive_equal_realization_mean_not_inferential_frames
111,1200,144,3,0.14445,2.7474900000000004,0.4042104326177147,2.282467,3.0146610000000003,descriptive_equal_realization_mean_not_inferential_frames
111,1200,145,3,0.14545,2.7698413333333334,0.2932559204148031,2.461203,3.044808,descriptive_equal_realization_mean_not_inferential_frames
111,1200,146,3,0.14645,2.8926206666666663,0.5474308833508882,2.275751,3.3205730000000004,descriptive_equal_realization_mean_not_inferential_frames
111,1200,147,3,0.14745,2.927808666666667,0.3124436451111357,2.741149,3.288514,descriptive_equal_realization_mean_not_inferential_frames
111,1200,148,3,0.14845,2.838025333333333,0.5543050047621195,2.363641,3.447338,descriptive_equal_realization_mean_not_inferential_frames
111,1200,149,3,0.14945,2.8196290000000004,0.4244427507485552,2.45293,3.2845820000000003,descriptive_equal_realization_mean_not_inferential_frames
111,1200,150,3,0.15045,2.915785666666667,0.3765866196273222,2.657586,3.3478990000000004,descriptive_equal_realization_mean_not_inferential_frames
111,1200,151,3,0.15145,2.867354,0.3914358972002952,2.502671,3.280946,descriptive_equal_realization_mean_not_inferential_frames
111,1200,152,3,0.15245,2.904598,0.4605932319216163,2.518332,3.414346,descriptive_equal_realization_mean_not_inferential_frames
111,1200,153,3,0.15345,2.955286333333333,0.5291157162751197,2.5284970000000007,3.547299,descriptive_equal_realization_mean_not_inferential_frames
111,1200,154,3,0.15445,2.977535333333333,0.6921359457002166,2.348566,3.719045,descriptive_equal_realization_mean_not_inferential_frames
111,1200,155,3,0.15545,3.129617333333333,0.5012048153004249,2.6336730000000004,3.635922,descriptive_equal_realization_mean_not_inferential_frames
111,1200,156,3,0.15645,3.1041063333333336,0.7025561040346413,2.343774,3.729234,descriptive_equal_realization_mean_not_inferential_frames
111,1200,157,3,0.15745,3.034913,0.778428782261422,2.274965,3.830592,descriptive_equal_realization_mean_not_inferential_frames
111,1200,158,3,0.15845,2.948475,0.8214248807846033,2.022617,3.589811,descriptive_equal_realization_mean_not_inferential_frames
111,1200,159,3,0.1594499999999999,3.045802333333333,0.5810537981093774,2.374861,3.382619,descriptive_equal_realization_mean_not_inferential_frames
111,1200,160,3,0.16045,3.04142,0.6576809298010698,2.28268,3.448708,descriptive_equal_realization_mean_not_inferential_frames
111,1200,161,3,0.1614499999999999,3.0246416666666662,0.5742696654746214,2.369356,3.44024,descriptive_equal_realization_mean_not_inferential_frames
111,1200,162,3,0.16245,3.2633243333333333,0.4429209327931265,2.753115,3.54915,descriptive_equal_realization_mean_not_inferential_frames
111,1200,163,3,0.1634499999999999,3.120222,0.5020967758350975,2.554394,3.5125900000000003,descriptive_equal_realization_mean_not_inferential_frames
111,1200,164,3,0.16445,3.2195156666666667,0.6862935790638968,2.4564790000000003,3.786318,descriptive_equal_realization_mean_not_inferential_frames
111,1200,165,3,0.1654499999999999,3.1321816666666664,0.6888338088293386,2.337934,3.566319000000001,descriptive_equal_realization_mean_not_inferential_frames
111,1200,166,3,0.16645,3.240561666666667,0.6428793834447744,2.5069600000000003,3.705675,descriptive_equal_realization_mean_not_inferential_frames
111,1200,167,3,0.16745,3.065135,0.5997898606520454,2.374426,3.45452,descriptive_equal_realization_mean_not_inferential_frames
111,1200,168,3,0.16845,3.210233666666667,0.8451566972753236,2.236711,3.755987,descriptive_equal_realization_mean_not_inferential_frames
111,1200,169,3,0.16945,3.184165666666667,0.6394859630690366,2.4457720000000003,3.558199000000001,descriptive_equal_realization_mean_not_inferential_frames
111,1200,170,3,0.17045,3.299084333333333,0.7201995372015544,2.4745890000000004,3.805369,descriptive_equal_realization_mean_not_inferential_frames
111,1200,171,3,0.17145,3.1011970000000004,0.936002645320514,2.044424,3.825859,descriptive_equal_realization_mean_not_inferential_frames
111,1200,172,3,0.17245,3.147536666666667,0.7624157723252671,2.270303,3.650369,descriptive_equal_realization_mean_not_inferential_frames
111,1200,173,3,0.17345,3.036851666666666,0.970116466252549,1.947516,3.807654,descriptive_equal_realization_mean_not_inferential_frames
111,1200,174,3,0.17445,2.8662123333333334,0.9199474694711288,1.81098,3.499502000000001,descriptive_equal_realization_mean_not_inferential_frames
111,1200,175,3,0.17545,3.0130953333333337,0.9001418556301742,2.028744,3.794312,descriptive_equal_realization_mean_not_inferential_frames
111,1200,176,3,0.17645,2.9222896666666665,0.9327075906018634,1.918786,3.762684,descriptive_equal_realization_mean_not_inferential_frames
111,1200,177,3,0.17745,2.8414746666666666,0.873800679539867,1.980537,3.727594,descriptive_equal_realization_mean_not_inferential_frames
111,1200,178,3,0.17845,2.815535666666667,0.91303154723445,1.880373,3.704697,descriptive_equal_realization_mean_not_inferential_frames
111,1200,179,3,0.1794499999999999,2.691755666666667,0.8610912803160499,1.817743,3.5393160000000004,descriptive_equal_realization_mean_not_inferential_frames
111,1200,180,3,0.18045,2.750992333333333,0.8215502697402839,2.039046,3.649915,descriptive_equal_realization_mean_not_inferential_frames
111,1200,181,3,0.1814499999999999,2.747939333333333,0.9461182709790216,1.9285790000000005,3.78342,descriptive_equal_realization_mean_not_inferential_frames
111,1200,182,3,0.18245,2.772157333333334,0.934899221650298,1.9991170000000005,3.811244,descriptive_equal_realization_mean_not_inferential_frames
111,1200,183,3,0.1834499999999999,2.543946,0.9901381775469522,1.6331159999999998,3.59783,descriptive_equal_realization_mean_not_inferential_frames
111,1200,184,3,0.18445,2.6667986666666668,1.1101792302512836,1.93539,3.944248,descriptive_equal_realization_mean_not_inferential_frames
111,1200,185,3,0.1854499999999999,2.5409246666666667,1.0657088397467358,1.887493,3.770694,descriptive_equal_realization_mean_not_inferential_frames
111,1200,186,3,0.18645,2.586959333333333,1.232386995725504,1.7077559999999998,3.995596,descriptive_equal_realization_mean_not_inferential_frames
111,1200,187,3,0.1874499999999999,2.7285753333333336,1.0787567032247514,1.980837,3.965220000000001,descriptive_equal_realization_mean_not_inferential_frames
111,1200,188,3,0.18845,2.631742666666667,1.073713663487773,1.7873929999999998,3.840153000000001,descriptive_equal_realization_mean_not_inferential_frames
111,1200,189,3,0.1894499999999999,2.7060336666666664,0.9618389185749002,2.103835,3.815311,descriptive_equal_realization_mean_not_inferential_frames
111,1200,190,3,0.19045,2.6594546666666665,0.982589140488706,1.981012,3.786247,descriptive_equal_realization_mean_not_inferential_frames
111,1200,191,3,0.1914499999999999,2.548636,1.081032894202577,1.76303,3.781528,descriptive_equal_realization_mean_not_inferential_frames
111,1200,192,3,0.19245,2.461232666666667,1.2143580158974263,1.477317,3.818406,descriptive_equal_realization_mean_not_inferential_frames
111,1200,193,3,0.1934499999999999,2.658824,1.090336412687846,1.662493,3.823568,descriptive_equal_realization_mean_not_inferential_frames
111,1200,194,3,0.19445,2.4188813333333337,1.065411952468309,1.495615,3.5846360000000006,descriptive_equal_realization_mean_not_inferential_frames
111,1200,195,3,0.1954499999999999,2.500411333333333,1.0128606792270756,1.664732,3.626853,descriptive_equal_realization_mean_not_inferential_frames
111,1200,196,3,0.19645,2.469446,0.8053140479570688,1.6572129999999998,3.267658,descriptive_equal_realization_mean_not_inferential_frames
111,1200,197,3,0.19745,2.5612026666666665,0.798298108993334,1.963368,3.467759,descriptive_equal_realization_mean_not_inferential_frames
111,1200,198,3,0.19845,2.570793,0.8805833518594364,1.748257,3.499751,descriptive_equal_realization_mean_not_inferential_frames
111,1200,199,3,0.19945,2.448677333333333,0.5609001090723137,1.918376,3.035844,descriptive_equal_realization_mean_not_inferential_frames
111,1200,200,3,0.2,2.69952,0.8081672337455906,1.9128,3.52755,descriptive_equal_realization_mean_not_inferential_frames
