architecture,fold,regime,system_id,parent_family,structure,hnf_group,coverage_distance_median,coverage_distance_p90,force_component_rmse_ev_a
DPA2,fcc_to_bcc,pure,POCC__bcc__POCC_01_H0C0__Hf32_Mo32_Ta32_Ti32_Zr32_n160,bcc,POCC_01_H0C0,0.0,3.768064438661612,4.386272633123618,1.3959716064901988
DPA2,fcc_to_bcc,pure,POCC__bcc__POCC_02_H0C1__Hf32_Mo32_Ta32_Ti32_Zr32_n160,bcc,POCC_02_H0C1,0.0,3.7020767236977914,4.419022728765397,1.4821346893529863
DPA2,fcc_to_bcc,pure,POCC__bcc__POCC_03_H0C2__Hf32_Mo32_Ta32_Ti32_Zr32_n160,bcc,POCC_03_H0C2,0.0,3.694110039599657,4.402514982611727,1.432296142653802
DPA2,fcc_to_bcc,pure,POCC__bcc__POCC_04_H0C3__Hf32_Mo32_Ta32_Ti32_Zr32_n160,bcc,POCC_04_H0C3,0.0,3.560535818176704,4.45235787641367,1.9356140384745983
DPA2,fcc_to_bcc,pure,POCC__bcc__POCC_05_H0C4__Hf32_Mo32_Ta32_Ti32_Zr32_n160,bcc,POCC_05_H0C4,0.0,3.706039443735964,4.300724054710563,1.0902940366753635
DPA2,fcc_to_bcc,pure,POCC__bcc__POCC_06_H0C5__Hf32_Mo32_Ta32_Ti32_Zr32_n160,bcc,POCC_06_H0C5,0.0,3.722535757599767,4.299356534238391,1.598562896953536
DPA2,fcc_to_bcc,pure,POCC__bcc__POCC_07_H0C6__Hf32_Mo32_Ta32_Ti32_Zr32_n160,bcc,POCC_07_H0C6,0.0,3.651528507323513,4.453110697224573,2.145161365431376
DPA2,fcc_to_bcc,pure,POCC__bcc__POCC_08_H0C7__Hf32_Mo32_Ta32_Ti32_Zr32_n160,bcc,POCC_08_H0C7,0.0,3.6387879886336334,4.283919363563667,1.6947549354668765
DPA2,fcc_to_bcc,pure,POCC__bcc__POCC_09_H0C8__Hf32_Mo32_Ta32_Ti32_Zr32_n160,bcc,POCC_09_H0C8,0.0,3.699821302448133,4.379530019145363,1.6034820052544154
DPA2,fcc_to_bcc,pure,POCC__bcc__POCC_10_H0C10__Hf32_Mo32_Ta32_Ti32_Zr32_n160,bcc,POCC_10_H0C10,0.0,3.50165458128283,4.452349135698739,1.7827666909178124
DPA2,fcc_to_bcc,pure,POCC__bcc__POCC_11_H0C12__Hf32_Mo32_Ta32_Ti32_Zr32_n160,bcc,POCC_11_H0C12,0.0,3.657794283941296,4.480086196485056,1.7336666399209306
DPA2,fcc_to_bcc,pure,POCC__bcc__POCC_12_H0C14__Hf32_Mo32_Ta32_Ti32_Zr32_n160,bcc,POCC_12_H0C14,0.0,3.773485589645493,4.380392638619859,1.7710495322527944
DPA2,fcc_to_bcc,pure,POCC__bcc__POCC_13_H1C0__Hf20_Mo20_Ta20_Ti20_Zr20_n100,bcc,POCC_13_H1C0,1.0,4.614244489334372,5.019405776311129,0.8281506143570359
DPA2,fcc_to_bcc,pure,POCC__bcc__POCC_14_H1C1__Hf20_Mo20_Ta20_Ti20_Zr20_n100,bcc,POCC_14_H1C1,1.0,4.5828648690984615,5.001986529329056,0.7967954393709523
DPA2,fcc_to_bcc,pure,POCC__bcc__POCC_15_H1C2__Hf20_Mo20_Ta20_Ti20_Zr20_n100,bcc,POCC_15_H1C2,1.0,4.536847796753316,5.014348380565118,0.9142810162754584
DPA2,fcc_to_bcc,pure,POCC__bcc__POCC_16_H1C3__Hf20_Mo20_Ta20_Ti20_Zr20_n100,bcc,POCC_16_H1C3,1.0,4.543459208697742,5.001405527130558,0.6908082393105217
DPA2,fcc_to_bcc,pure,POCC__bcc__POCC_17_H1C4__Hf20_Mo20_Ta20_Ti20_Zr20_n100,bcc,POCC_17_H1C4,1.0,4.538349818639587,5.000701932998768,0.6131945466668457
DPA2,fcc_to_bcc,pure,POCC__bcc__POCC_18_H1C5__Hf20_Mo20_Ta20_Ti20_Zr20_n100,bcc,POCC_18_H1C5,1.0,4.645216172711248,5.000412593132903,0.7013412302537223
DPA2,fcc_to_bcc,pure,POCC__bcc__POCC_19_H1C6__Hf20_Mo20_Ta20_Ti20_Zr20_n100,bcc,POCC_19_H1C6,1.0,4.616096836140878,5.008889826229802,0.9873250983976564
DPA2,fcc_to_bcc,pure,POCC__bcc__POCC_20_H1C7__Hf20_Mo20_Ta20_Ti20_Zr20_n100,bcc,POCC_20_H1C7,1.0,4.600806341790863,5.017382968579709,0.8065125013146662
DPA2,fcc_to_bcc,pure,POCC__bcc__POCC_21_H1C8__Hf20_Mo20_Ta20_Ti20_Zr20_n100,bcc,POCC_21_H1C8,1.0,4.559043460387983,5.013887238353126,0.7654972107743233
DPA2,fcc_to_bcc,pure,POCC__bcc__POCC_22_H1C10__Hf20_Mo20_Ta20_Ti20_Zr20_n100,bcc,POCC_22_H1C10,1.0,4.552208231616457,5.023237261154416,0.7551919601509817
DPA2,fcc_to_bcc,pure,POCC__bcc__POCC_23_H1C12__Hf20_Mo20_Ta20_Ti20_Zr20_n100,bcc,POCC_23_H1C12,1.0,4.623701578215881,5.034671042150148,0.9711992819153392
DPA2,fcc_to_bcc,pure,POCC__bcc__POCC_24_H1C14__Hf20_Mo20_Ta20_Ti20_Zr20_n100,bcc,POCC_24_H1C14,1.0,4.594004810524294,5.014019256320947,0.6989500397762465
DPA2,fcc_to_bcc,pure,POCC__bcc__POCC_25_H2C0__Hf27_Mo27_Ta27_Ti27_Zr27_n135,bcc,POCC_25_H2C0,2.0,5.3689348107076444,5.750319797660855,0.746517281648108
DPA2,fcc_to_bcc,pure,POCC__bcc__POCC_33_H2C8__Hf27_Mo27_Ta27_Ti27_Zr27_n135,bcc,POCC_33_H2C8,2.0,5.263812417612762,5.778286265336714,0.6191716685681848
DPA2,fcc_to_bcc,pure,POCC__bcc__POCC_34_H2C10__Hf27_Mo27_Ta27_Ti27_Zr27_n135,bcc,POCC_34_H2C10,2.0,4.891658029854182,5.656010588408543,1.0062445925340309
DPA2,fcc_to_bcc,pure,POCC__bcc__POCC_35_H2C12__Hf27_Mo27_Ta27_Ti27_Zr27_n135,bcc,POCC_35_H2C12,2.0,4.87352903288128,5.719013471039361,0.8034644226838628
DPA2,fcc_to_bcc,pure,POCC__bcc__POCC_36_H2C14__Hf27_Mo27_Ta27_Ti27_Zr27_n135,bcc,POCC_36_H2C14,2.0,5.005874351140314,5.591559729617323,0.732029469845138
DPA2,fcc_to_bcc,pure,POCC__bcc__POCC_37_H3C0__Hf27_Mo27_Ta27_Ti27_Zr27_n135,bcc,POCC_37_H3C0,3.0,4.960231951961276,5.322036819316743,0.5845637894213752
DPA2,fcc_to_bcc,pure,POCC__bcc__POCC_38_H4C0__Hf27_Mo27_Ta27_Ti27_Zr27_n135,bcc,POCC_38_H4C0,4.0,5.432127776753763,5.80020818776122,0.94005668677447
DPA2,fcc_to_bcc,pure,POCC__bcc__POCC_39_H4C1__Hf27_Mo27_Ta27_Ti27_Zr27_n135,bcc,POCC_39_H4C1,4.0,5.432350480167885,5.781802603395701,0.7649365055430863
DPA2,fcc_to_bcc,pure,POCC__bcc__POCC_40_H4C2__Hf27_Mo27_Ta27_Ti27_Zr27_n135,bcc,POCC_40_H4C2,4.0,5.441472759376545,5.8927046494940525,0.7952971195751694
DPA2,fcc_to_bcc,pure,POCC__bcc__POCC_41_H4C3__Hf27_Mo27_Ta27_Ti27_Zr27_n135,bcc,POCC_41_H4C3,4.0,5.4730922037283785,5.826155002573588,0.7470278733247169
DPA2,fcc_to_bcc,pure,POCC__bcc__POCC_42_H4C4__Hf27_Mo27_Ta27_Ti27_Zr27_n135,bcc,POCC_42_H4C4,4.0,5.400468453212614,5.834531536336617,0.6281031595228782
DPA2,fcc_to_bcc,pure,POCC__bcc__POCC_43_H4C5__Hf27_Mo27_Ta27_Ti27_Zr27_n135,bcc,POCC_43_H4C5,4.0,5.395412733036429,5.846971073339171,0.6855563776409026
DPA2,fcc_to_bcc,pure,POCC__bcc__POCC_44_H4C6__Hf27_Mo27_Ta27_Ti27_Zr27_n135,bcc,POCC_44_H4C6,4.0,5.498576913671456,5.862312105543303,0.7517340873809217
DPA2,fcc_to_bcc,pure,POCC__bcc__POCC_45_H4C7__Hf27_Mo27_Ta27_Ti27_Zr27_n135,bcc,POCC_45_H4C7,4.0,5.425115167796466,5.762076122422394,0.7418645876407879
DPA2,fcc_to_bcc,pure,POCC__bcc__POCC_46_H4C8__Hf27_Mo27_Ta27_Ti27_Zr27_n135,bcc,POCC_46_H4C8,4.0,5.520309438178991,5.881479000706666,0.8203497546365934
DPA2,fcc_to_bcc,pure,POCC__bcc__POCC_47_H4C10__Hf27_Mo27_Ta27_Ti27_Zr27_n135,bcc,POCC_47_H4C10,4.0,5.491801119518442,5.828122098280582,0.6093329647457945
DPA2,fcc_to_bcc,pure,POCC__bcc__POCC_48_H4C12__Hf27_Mo27_Ta27_Ti27_Zr27_n135,bcc,POCC_48_H4C12,4.0,5.491008477984291,5.861969649959511,0.7135191108339349
DPA2,fcc_to_bcc,pure,POCC__bcc__POCC_49_H4C14__Hf27_Mo27_Ta27_Ti27_Zr27_n135,bcc,POCC_49_H4C14,4.0,5.462055158842634,5.821975852638113,0.7528244981261027
DPA2,fcc_to_bcc,pure_pocc_seed,POCC__bcc__POCC_01_H0C0__Hf32_Mo32_Ta32_Ti32_Zr32_n160,bcc,POCC_01_H0C0,0.0,3.605939703571188,3.806094644533275,1.1179544579852525
DPA2,fcc_to_bcc,pure_pocc_seed,POCC__bcc__POCC_02_H0C1__Hf32_Mo32_Ta32_Ti32_Zr32_n160,bcc,POCC_02_H0C1,0.0,3.6257679571370938,3.832965215093653,1.158423658382007
DPA2,fcc_to_bcc,pure_pocc_seed,POCC__bcc__POCC_03_H0C2__Hf32_Mo32_Ta32_Ti32_Zr32_n160,bcc,POCC_03_H0C2,0.0,3.4414203766028204,3.845142856712527,1.3155709900995098
DPA2,fcc_to_bcc,pure_pocc_seed,POCC__bcc__POCC_04_H0C3__Hf32_Mo32_Ta32_Ti32_Zr32_n160,bcc,POCC_04_H0C3,0.0,3.560535818176704,3.8596144246302058,1.476911136816072
DPA2,fcc_to_bcc,pure_pocc_seed,POCC__bcc__POCC_05_H0C4__Hf32_Mo32_Ta32_Ti32_Zr32_n160,bcc,POCC_05_H0C4,0.0,3.224428818414382,3.556926699112774,0.1836281233050737
DPA2,fcc_to_bcc,pure_pocc_seed,POCC__bcc__POCC_06_H0C5__Hf32_Mo32_Ta32_Ti32_Zr32_n160,bcc,POCC_06_H0C5,0.0,3.258020384130901,3.49625697033881,1.319474879314251
DPA2,fcc_to_bcc,pure_pocc_seed,POCC__bcc__POCC_07_H0C6__Hf32_Mo32_Ta32_Ti32_Zr32_n160,bcc,POCC_07_H0C6,0.0,3.651528507323513,4.176036199949691,0.6997046532139201
DPA2,fcc_to_bcc,pure_pocc_seed,POCC__bcc__POCC_08_H0C7__Hf32_Mo32_Ta32_Ti32_Zr32_n160,bcc,POCC_08_H0C7,0.0,3.6387879886336334,3.7609506217559,1.1387898317777791
DPA2,fcc_to_bcc,pure_pocc_seed,POCC__bcc__POCC_09_H0C8__Hf32_Mo32_Ta32_Ti32_Zr32_n160,bcc,POCC_09_H0C8,0.0,3.43344049491946,3.8236338582832983,1.3468916061325071
DPA2,fcc_to_bcc,pure_pocc_seed,POCC__bcc__POCC_10_H0C10__Hf32_Mo32_Ta32_Ti32_Zr32_n160,bcc,POCC_10_H0C10,0.0,3.50165458128283,3.948347024869183,1.32707719952146
DPA2,fcc_to_bcc,pure_pocc_seed,POCC__bcc__POCC_11_H0C12__Hf32_Mo32_Ta32_Ti32_Zr32_n160,bcc,POCC_11_H0C12,0.0,3.657794283941296,4.13852321432535,0.8069013059843131
DPA2,fcc_to_bcc,pure_pocc_seed,POCC__bcc__POCC_12_H0C14__Hf32_Mo32_Ta32_Ti32_Zr32_n160,bcc,POCC_12_H0C14,0.0,3.636581111363588,3.812300035889917,1.0790320707309575
DPA2,fcc_to_bcc,pure_pocc_seed,POCC__bcc__POCC_13_H1C0__Hf20_Mo20_Ta20_Ti20_Zr20_n100,bcc,POCC_13_H1C0,1.0,2.2568992149322744,2.583116636026776,0.7878099919520436
DPA2,fcc_to_bcc,pure_pocc_seed,POCC__bcc__POCC_14_H1C1__Hf20_Mo20_Ta20_Ti20_Zr20_n100,bcc,POCC_14_H1C1,1.0,2.305596390376425,2.5972959539824823,0.8185687326912922
DPA2,fcc_to_bcc,pure_pocc_seed,POCC__bcc__POCC_15_H1C2__Hf20_Mo20_Ta20_Ti20_Zr20_n100,bcc,POCC_15_H1C2,1.0,2.284670086192091,2.599327910026078,0.8360680472515618
DPA2,fcc_to_bcc,pure_pocc_seed,POCC__bcc__POCC_16_H1C3__Hf20_Mo20_Ta20_Ti20_Zr20_n100,bcc,POCC_16_H1C3,1.0,2.298044631676593,2.5792614635661444,0.818437667873408
DPA2,fcc_to_bcc,pure_pocc_seed,POCC__bcc__POCC_17_H1C4__Hf20_Mo20_Ta20_Ti20_Zr20_n100,bcc,POCC_17_H1C4,1.0,2.1601058364557444,2.502055866270222,0.8046132945871513
DPA2,fcc_to_bcc,pure_pocc_seed,POCC__bcc__POCC_18_H1C5__Hf20_Mo20_Ta20_Ti20_Zr20_n100,bcc,POCC_18_H1C5,1.0,2.008228623362684,2.3686534865916755,0.7521126527887952
DPA2,fcc_to_bcc,pure_pocc_seed,POCC__bcc__POCC_19_H1C6__Hf20_Mo20_Ta20_Ti20_Zr20_n100,bcc,POCC_19_H1C6,1.0,2.27053769003881,2.6066739037117697,0.8270976740718207
DPA2,fcc_to_bcc,pure_pocc_seed,POCC__bcc__POCC_20_H1C7__Hf20_Mo20_Ta20_Ti20_Zr20_n100,bcc,POCC_20_H1C7,1.0,2.2769244700750813,2.5818903713074137,0.8116113809593077
DPA2,fcc_to_bcc,pure_pocc_seed,POCC__bcc__POCC_21_H1C8__Hf20_Mo20_Ta20_Ti20_Zr20_n100,bcc,POCC_21_H1C8,1.0,2.277341313211992,2.582836513839029,0.8234037710653366
DPA2,fcc_to_bcc,pure_pocc_seed,POCC__bcc__POCC_22_H1C10__Hf20_Mo20_Ta20_Ti20_Zr20_n100,bcc,POCC_22_H1C10,1.0,2.2866393090938644,2.586540671561714,0.8474670836217895
DPA2,fcc_to_bcc,pure_pocc_seed,POCC__bcc__POCC_23_H1C12__Hf20_Mo20_Ta20_Ti20_Zr20_n100,bcc,POCC_23_H1C12,1.0,2.263748873318788,2.627125697429473,0.7941575671177391
DPA2,fcc_to_bcc,pure_pocc_seed,POCC__bcc__POCC_24_H1C14__Hf20_Mo20_Ta20_Ti20_Zr20_n100,bcc,POCC_24_H1C14,1.0,2.2459853157484764,2.5714504930356776,0.7853879955347078
DPA2,fcc_to_bcc,pure_pocc_seed,POCC__bcc__POCC_25_H2C0__Hf27_Mo27_Ta27_Ti27_Zr27_n135,bcc,POCC_25_H2C0,2.0,0.0181476384705845,0.0310745493241004,0.3841514031476423
DPA2,fcc_to_bcc,pure_pocc_seed,POCC__bcc__POCC_33_H2C8__Hf27_Mo27_Ta27_Ti27_Zr27_n135,bcc,POCC_33_H2C8,2.0,3.0163189189737256,3.5202730174549117,0.5479503430833825
DPA2,fcc_to_bcc,pure_pocc_seed,POCC__bcc__POCC_34_H2C10__Hf27_Mo27_Ta27_Ti27_Zr27_n135,bcc,POCC_34_H2C10,2.0,2.8457826114306988,3.3058688066034407,0.6170089042439882
DPA2,fcc_to_bcc,pure_pocc_seed,POCC__bcc__POCC_35_H2C12__Hf27_Mo27_Ta27_Ti27_Zr27_n135,bcc,POCC_35_H2C12,2.0,2.8350460711739207,3.4271142626189994,0.5418830543894021
DPA2,fcc_to_bcc,pure_pocc_seed,POCC__bcc__POCC_36_H2C14__Hf27_Mo27_Ta27_Ti27_Zr27_n135,bcc,POCC_36_H2C14,2.0,2.9369605921286275,3.5033131975045526,0.5475897429696709
DPA2,fcc_to_bcc,pure_pocc_seed,POCC__bcc__POCC_37_H3C0__Hf27_Mo27_Ta27_Ti27_Zr27_n135,bcc,POCC_37_H3C0,3.0,1.340655447164382,1.8556697549478405,0.7413375111921056
DPA2,fcc_to_bcc,pure_pocc_seed,POCC__bcc__POCC_38_H4C0__Hf27_Mo27_Ta27_Ti27_Zr27_n135,bcc,POCC_38_H4C0,4.0,2.579198319437646,2.9881716912023704,0.7396295523744343
DPA2,fcc_to_bcc,pure_pocc_seed,POCC__bcc__POCC_39_H4C1__Hf27_Mo27_Ta27_Ti27_Zr27_n135,bcc,POCC_39_H4C1,4.0,2.671021693451697,3.041329241686499,0.7383853057707768
DPA2,fcc_to_bcc,pure_pocc_seed,POCC__bcc__POCC_40_H4C2__Hf27_Mo27_Ta27_Ti27_Zr27_n135,bcc,POCC_40_H4C2,4.0,2.625977895136208,3.0057352007814258,0.7130983676839681
DPA2,fcc_to_bcc,pure_pocc_seed,POCC__bcc__POCC_41_H4C3__Hf27_Mo27_Ta27_Ti27_Zr27_n135,bcc,POCC_41_H4C3,4.0,2.578969895013417,3.044981942211165,0.7109242113781861
DPA2,fcc_to_bcc,pure_pocc_seed,POCC__bcc__POCC_42_H4C4__Hf27_Mo27_Ta27_Ti27_Zr27_n135,bcc,POCC_42_H4C4,4.0,2.742285269413846,3.178486379284802,0.7233923309748634
DPA2,fcc_to_bcc,pure_pocc_seed,POCC__bcc__POCC_43_H4C5__Hf27_Mo27_Ta27_Ti27_Zr27_n135,bcc,POCC_43_H4C5,4.0,2.733408818624248,3.2514814270237054,0.7081433770499218
DPA2,fcc_to_bcc,pure_pocc_seed,POCC__bcc__POCC_44_H4C6__Hf27_Mo27_Ta27_Ti27_Zr27_n135,bcc,POCC_44_H4C6,4.0,2.4581440136647648,2.7357301218242216,0.7590542436140252
DPA2,fcc_to_bcc,pure_pocc_seed,POCC__bcc__POCC_45_H4C7__Hf27_Mo27_Ta27_Ti27_Zr27_n135,bcc,POCC_45_H4C7,4.0,2.647108788948511,3.109011214675103,0.7583844946158899
DPA2,fcc_to_bcc,pure_pocc_seed,POCC__bcc__POCC_46_H4C8__Hf27_Mo27_Ta27_Ti27_Zr27_n135,bcc,POCC_46_H4C8,4.0,2.444979961257528,2.806355501577594,0.7036867204029796
DPA2,fcc_to_bcc,pure_pocc_seed,POCC__bcc__POCC_47_H4C10__Hf27_Mo27_Ta27_Ti27_Zr27_n135,bcc,POCC_47_H4C10,4.0,1.6568688706154575,2.29794115584003,0.6997944603962909
DPA2,fcc_to_bcc,pure_pocc_seed,POCC__bcc__POCC_48_H4C12__Hf27_Mo27_Ta27_Ti27_Zr27_n135,bcc,POCC_48_H4C12,4.0,2.4673897860529603,2.7343750348567677,0.7455342951415801
DPA2,fcc_to_bcc,pure_pocc_seed,POCC__bcc__POCC_49_H4C14__Hf27_Mo27_Ta27_Ti27_Zr27_n135,bcc,POCC_49_H4C14,4.0,2.603772302566368,3.0491904017157463,0.7506115686553828
DPA2,fcc_to_bcc,pure_pocc_aimd,POCC__bcc__POCC_01_H0C0__Hf32_Mo32_Ta32_Ti32_Zr32_n160,bcc,POCC_01_H0C0,0.0,2.762202655887278,2.8184428668577857,0.8011732805615895
DPA2,fcc_to_bcc,pure_pocc_aimd,POCC__bcc__POCC_02_H0C1__Hf32_Mo32_Ta32_Ti32_Zr32_n160,bcc,POCC_02_H0C1,0.0,2.723062923444175,2.889567313061879,0.777147477634858
DPA2,fcc_to_bcc,pure_pocc_aimd,POCC__bcc__POCC_03_H0C2__Hf32_Mo32_Ta32_Ti32_Zr32_n160,bcc,POCC_03_H0C2,0.0,2.6345663410070923,2.7458374200125464,0.89514826269253
DPA2,fcc_to_bcc,pure_pocc_aimd,POCC__bcc__POCC_04_H0C3__Hf32_Mo32_Ta32_Ti32_Zr32_n160,bcc,POCC_04_H0C3,0.0,2.745001153547049,2.944268887566158,0.8372540955093194
DPA2,fcc_to_bcc,pure_pocc_aimd,POCC__bcc__POCC_05_H0C4__Hf32_Mo32_Ta32_Ti32_Zr32_n160,bcc,POCC_05_H0C4,0.0,2.5182880586008327,2.567116359931515,0.1357842490265039
DPA2,fcc_to_bcc,pure_pocc_aimd,POCC__bcc__POCC_06_H0C5__Hf32_Mo32_Ta32_Ti32_Zr32_n160,bcc,POCC_06_H0C5,0.0,2.5739159963308564,2.6361808615519893,0.7693311744481627
DPA2,fcc_to_bcc,pure_pocc_aimd,POCC__bcc__POCC_07_H0C6__Hf32_Mo32_Ta32_Ti32_Zr32_n160,bcc,POCC_07_H0C6,0.0,2.9955030992126623,3.1000669867580632,0.4514625751403109
DPA2,fcc_to_bcc,pure_pocc_aimd,POCC__bcc__POCC_08_H0C7__Hf32_Mo32_Ta32_Ti32_Zr32_n160,bcc,POCC_08_H0C7,0.0,2.7613247873704445,2.931758779400797,0.8059891025883489
DPA2,fcc_to_bcc,pure_pocc_aimd,POCC__bcc__POCC_09_H0C8__Hf32_Mo32_Ta32_Ti32_Zr32_n160,bcc,POCC_09_H0C8,0.0,2.702376017985972,2.866631378408027,0.767834225089444
DPA2,fcc_to_bcc,pure_pocc_aimd,POCC__bcc__POCC_10_H0C10__Hf32_Mo32_Ta32_Ti32_Zr32_n160,bcc,POCC_10_H0C10,0.0,2.835831865205376,3.054230071894428,0.7211181289049466
DPA2,fcc_to_bcc,pure_pocc_aimd,POCC__bcc__POCC_11_H0C12__Hf32_Mo32_Ta32_Ti32_Zr32_n160,bcc,POCC_11_H0C12,0.0,2.9286800399014856,3.086382362739239,0.488715577536673
DPA2,fcc_to_bcc,pure_pocc_aimd,POCC__bcc__POCC_12_H0C14__Hf32_Mo32_Ta32_Ti32_Zr32_n160,bcc,POCC_12_H0C14,0.0,2.808929430868067,2.971621150755668,0.7528673976080467
DPA2,fcc_to_bcc,pure_pocc_aimd,POCC__bcc__POCC_13_H1C0__Hf20_Mo20_Ta20_Ti20_Zr20_n100,bcc,POCC_13_H1C0,1.0,1.269128227100044,1.5662897847569024,0.2209562804730786
DPA2,fcc_to_bcc,pure_pocc_aimd,POCC__bcc__POCC_14_H1C1__Hf20_Mo20_Ta20_Ti20_Zr20_n100,bcc,POCC_14_H1C1,1.0,1.278680221819857,1.5364662551763084,0.2213222167895359
DPA2,fcc_to_bcc,pure_pocc_aimd,POCC__bcc__POCC_15_H1C2__Hf20_Mo20_Ta20_Ti20_Zr20_n100,bcc,POCC_15_H1C2,1.0,1.2883521046167812,1.563226207706344,0.2456619784482912
DPA2,fcc_to_bcc,pure_pocc_aimd,POCC__bcc__POCC_16_H1C3__Hf20_Mo20_Ta20_Ti20_Zr20_n100,bcc,POCC_16_H1C3,1.0,1.2730864034795004,1.514467381003521,0.2498218736255256
DPA2,fcc_to_bcc,pure_pocc_aimd,POCC__bcc__POCC_17_H1C4__Hf20_Mo20_Ta20_Ti20_Zr20_n100,bcc,POCC_17_H1C4,1.0,1.1928642510968577,1.4241527190130534,0.2178382269521907
DPA2,fcc_to_bcc,pure_pocc_aimd,POCC__bcc__POCC_18_H1C5__Hf20_Mo20_Ta20_Ti20_Zr20_n100,bcc,POCC_18_H1C5,1.0,1.0130763032910366,1.2811613638668906,0.2126441701495876
DPA2,fcc_to_bcc,pure_pocc_aimd,POCC__bcc__POCC_19_H1C6__Hf20_Mo20_Ta20_Ti20_Zr20_n100,bcc,POCC_19_H1C6,1.0,1.2168157933826405,1.4829526609009749,0.2208576035840605
DPA2,fcc_to_bcc,pure_pocc_aimd,POCC__bcc__POCC_20_H1C7__Hf20_Mo20_Ta20_Ti20_Zr20_n100,bcc,POCC_20_H1C7,1.0,1.3660795235043182,1.610899963731247,0.209241461374336
DPA2,fcc_to_bcc,pure_pocc_aimd,POCC__bcc__POCC_21_H1C8__Hf20_Mo20_Ta20_Ti20_Zr20_n100,bcc,POCC_21_H1C8,1.0,1.3324618806478763,1.5738205343336829,0.2287234319026823
DPA2,fcc_to_bcc,pure_pocc_aimd,POCC__bcc__POCC_22_H1C10__Hf20_Mo20_Ta20_Ti20_Zr20_n100,bcc,POCC_22_H1C10,1.0,1.3392863460105562,1.5683726508387434,0.2274270622427298
DPA2,fcc_to_bcc,pure_pocc_aimd,POCC__bcc__POCC_23_H1C12__Hf20_Mo20_Ta20_Ti20_Zr20_n100,bcc,POCC_23_H1C12,1.0,1.2830056362647912,1.5533297161280806,0.215242462110745
DPA2,fcc_to_bcc,pure_pocc_aimd,POCC__bcc__POCC_24_H1C14__Hf20_Mo20_Ta20_Ti20_Zr20_n100,bcc,POCC_24_H1C14,1.0,1.4242081807237934,1.637841473041285,0.2185065442984773
DPA2,fcc_to_bcc,pure_pocc_aimd,POCC__bcc__POCC_25_H2C0__Hf27_Mo27_Ta27_Ti27_Zr27_n135,bcc,POCC_25_H2C0,2.0,0.0181476384705845,0.0310745493241004,0.084243333945207
DPA2,fcc_to_bcc,pure_pocc_aimd,POCC__bcc__POCC_33_H2C8__Hf27_Mo27_Ta27_Ti27_Zr27_n135,bcc,POCC_33_H2C8,2.0,2.634371308566012,3.262378132459617,0.2239649914916221
DPA2,fcc_to_bcc,pure_pocc_aimd,POCC__bcc__POCC_34_H2C10__Hf27_Mo27_Ta27_Ti27_Zr27_n135,bcc,POCC_34_H2C10,2.0,2.399438067531201,2.9025653857207976,0.2028840354748501
DPA2,fcc_to_bcc,pure_pocc_aimd,POCC__bcc__POCC_35_H2C12__Hf27_Mo27_Ta27_Ti27_Zr27_n135,bcc,POCC_35_H2C12,2.0,2.3383887514136763,3.044192817271653,0.252179263948395
DPA2,fcc_to_bcc,pure_pocc_aimd,POCC__bcc__POCC_36_H2C14__Hf27_Mo27_Ta27_Ti27_Zr27_n135,bcc,POCC_36_H2C14,2.0,2.32146955381965,3.019808939948742,0.2101152556806843
DPA2,fcc_to_bcc,pure_pocc_aimd,POCC__bcc__POCC_37_H3C0__Hf27_Mo27_Ta27_Ti27_Zr27_n135,bcc,POCC_37_H3C0,3.0,0.8762346095990319,1.131033879879904,0.1029459601413257
DPA2,fcc_to_bcc,pure_pocc_aimd,POCC__bcc__POCC_38_H4C0__Hf27_Mo27_Ta27_Ti27_Zr27_n135,bcc,POCC_38_H4C0,4.0,1.933009155323147,2.2664878935390917,0.1626733571455458
DPA2,fcc_to_bcc,pure_pocc_aimd,POCC__bcc__POCC_39_H4C1__Hf27_Mo27_Ta27_Ti27_Zr27_n135,bcc,POCC_39_H4C1,4.0,1.902844060298973,2.238258006737812,0.1666451976543133
DPA2,fcc_to_bcc,pure_pocc_aimd,POCC__bcc__POCC_40_H4C2__Hf27_Mo27_Ta27_Ti27_Zr27_n135,bcc,POCC_40_H4C2,4.0,1.9543254355126092,2.303351225443593,0.1852827051233341
DPA2,fcc_to_bcc,pure_pocc_aimd,POCC__bcc__POCC_41_H4C3__Hf27_Mo27_Ta27_Ti27_Zr27_n135,bcc,POCC_41_H4C3,4.0,1.9039019629387868,2.2449369303874183,0.1354452984673856
DPA2,fcc_to_bcc,pure_pocc_aimd,POCC__bcc__POCC_42_H4C4__Hf27_Mo27_Ta27_Ti27_Zr27_n135,bcc,POCC_42_H4C4,4.0,1.880150599800611,2.2081780559616244,0.1550790649762082
DPA2,fcc_to_bcc,pure_pocc_aimd,POCC__bcc__POCC_43_H4C5__Hf27_Mo27_Ta27_Ti27_Zr27_n135,bcc,POCC_43_H4C5,4.0,1.8962305024564925,2.2448050042479544,0.1785742054894188
DPA2,fcc_to_bcc,pure_pocc_aimd,POCC__bcc__POCC_44_H4C6__Hf27_Mo27_Ta27_Ti27_Zr27_n135,bcc,POCC_44_H4C6,4.0,1.896232112525006,2.277978319028013,0.1500808583880916
DPA2,fcc_to_bcc,pure_pocc_aimd,POCC__bcc__POCC_45_H4C7__Hf27_Mo27_Ta27_Ti27_Zr27_n135,bcc,POCC_45_H4C7,4.0,1.912974483597092,2.320082111051818,0.1712501687186528
DPA2,fcc_to_bcc,pure_pocc_aimd,POCC__bcc__POCC_46_H4C8__Hf27_Mo27_Ta27_Ti27_Zr27_n135,bcc,POCC_46_H4C8,4.0,1.6599298519036665,1.9707941331099847,0.1919315316267184
DPA2,fcc_to_bcc,pure_pocc_aimd,POCC__bcc__POCC_47_H4C10__Hf27_Mo27_Ta27_Ti27_Zr27_n135,bcc,POCC_47_H4C10,4.0,0.9799860504020426,1.280601170803057,0.1107335126141982
DPA2,fcc_to_bcc,pure_pocc_aimd,POCC__bcc__POCC_48_H4C12__Hf27_Mo27_Ta27_Ti27_Zr27_n135,bcc,POCC_48_H4C12,4.0,1.8687360417736896,2.265640697289356,0.1529087203117071
DPA2,fcc_to_bcc,pure_pocc_aimd,POCC__bcc__POCC_49_H4C14__Hf27_Mo27_Ta27_Ti27_Zr27_n135,bcc,POCC_49_H4C14,4.0,1.9438993959317776,2.331941767300241,0.1727066780965167
DPA2,bcc_to_fcc,pure,POCC__fcc__POCC_01_H0C0__Hf27_Mo27_Ta27_Ti27_Zr27_n135,fcc,POCC_01_H0C0,0.0,3.797831784744021,4.672861586586735,0.7565444789984347
DPA2,bcc_to_fcc,pure,POCC__fcc__POCC_02_H0C1__Hf27_Mo27_Ta27_Ti27_Zr27_n135,fcc,POCC_02_H0C1,0.0,3.613411109470228,4.562524681919352,0.7537534423166206
DPA2,bcc_to_fcc,pure,POCC__fcc__POCC_03_H0C2__Hf27_Mo27_Ta27_Ti27_Zr27_n135,fcc,POCC_03_H0C2,0.0,3.68521101986824,4.611953877525076,0.7550875291904869
DPA2,bcc_to_fcc,pure,POCC__fcc__POCC_04_H0C3__Hf27_Mo27_Ta27_Ti27_Zr27_n135,fcc,POCC_04_H0C3,0.0,3.656619899373652,4.722032578300243,1.2212070237774828
DPA2,bcc_to_fcc,pure,POCC__fcc__POCC_05_H0C4__Hf27_Mo27_Ta27_Ti27_Zr27_n135,fcc,POCC_05_H0C4,0.0,3.750967687948602,4.657711076528761,1.0643064539160296
DPA2,bcc_to_fcc,pure,POCC__fcc__POCC_06_H0C5__Hf27_Mo27_Ta27_Ti27_Zr27_n135,fcc,POCC_06_H0C5,0.0,3.753433696195695,4.653618955924285,1.0020848797465918
DPA2,bcc_to_fcc,pure,POCC__fcc__POCC_07_H0C6__Hf27_Mo27_Ta27_Ti27_Zr27_n135,fcc,POCC_07_H0C6,0.0,3.686280272313149,4.841096137742984,1.044958944293695
DPA2,bcc_to_fcc,pure,POCC__fcc__POCC_08_H0C7__Hf27_Mo27_Ta27_Ti27_Zr27_n135,fcc,POCC_08_H0C7,0.0,4.460461985632337,5.102148235051216,0.8156883866292847
DPA2,bcc_to_fcc,pure,POCC__fcc__POCC_09_H0C8__Hf27_Mo27_Ta27_Ti27_Zr27_n135,fcc,POCC_09_H0C8,0.0,3.9364383302166073,4.975944833256107,0.6867335118803558
DPA2,bcc_to_fcc,pure,POCC__fcc__POCC_10_H0C10__Hf27_Mo27_Ta27_Ti27_Zr27_n135,fcc,POCC_10_H0C10,0.0,3.861582018914048,4.891736834979735,0.7364059524101509
DPA2,bcc_to_fcc,pure,POCC__fcc__POCC_11_H0C12__Hf27_Mo27_Ta27_Ti27_Zr27_n135,fcc,POCC_11_H0C12,0.0,3.9207517692476896,4.893479970840791,0.7963583462308864
DPA2,bcc_to_fcc,pure,POCC__fcc__POCC_12_H0C14__Hf27_Mo27_Ta27_Ti27_Zr27_n135,fcc,POCC_12_H0C14,0.0,3.902761963012279,4.725307926784343,1.0327957774704826
DPA2,bcc_to_fcc,pure,POCC__fcc__POCC_13_H1C0__Hf27_Mo27_Ta27_Ti27_Zr27_n135,fcc,POCC_13_H1C0,1.0,4.591236371043089,5.354863382180429,0.7496117753583611
DPA2,bcc_to_fcc,pure,POCC__fcc__POCC_14_H1C1__Hf27_Mo27_Ta27_Ti27_Zr27_n135,fcc,POCC_14_H1C1,1.0,4.637904564793718,5.088275176610474,0.7712362990670873
DPA2,bcc_to_fcc,pure,POCC__fcc__POCC_15_H1C2__Hf27_Mo27_Ta27_Ti27_Zr27_n135,fcc,POCC_15_H1C2,1.0,4.590176213213372,5.259211945740711,0.9049867659121708
DPA2,bcc_to_fcc,pure,POCC__fcc__POCC_16_H1C3__Hf27_Mo27_Ta27_Ti27_Zr27_n135,fcc,POCC_16_H1C3,1.0,4.635574208776912,5.212251416530985,0.6784906813237063
DPA2,bcc_to_fcc,pure,POCC__fcc__POCC_17_H1C4__Hf27_Mo27_Ta27_Ti27_Zr27_n135,fcc,POCC_17_H1C4,1.0,4.888774620120708,5.736873297799953,1.022767638128477
DPA2,bcc_to_fcc,pure,POCC__fcc__POCC_18_H1C5__Hf27_Mo27_Ta27_Ti27_Zr27_n135,fcc,POCC_18_H1C5,1.0,4.898780688729807,5.701684425827335,0.9924863714002602
DPA2,bcc_to_fcc,pure,POCC__fcc__POCC_19_H1C6__Hf27_Mo27_Ta27_Ti27_Zr27_n135,fcc,POCC_19_H1C6,1.0,4.644509765763365,5.225340978720215,0.9803140935790388
DPA2,bcc_to_fcc,pure,POCC__fcc__POCC_20_H1C7__Hf27_Mo27_Ta27_Ti27_Zr27_n135,fcc,POCC_20_H1C7,1.0,4.696960908069379,5.328937528295836,0.7876249864022907
DPA2,bcc_to_fcc,pure,POCC__fcc__POCC_21_H1C8__Hf27_Mo27_Ta27_Ti27_Zr27_n135,fcc,POCC_21_H1C8,1.0,4.632958616969924,5.411047715475195,0.8625992917902847
DPA2,bcc_to_fcc,pure,POCC__fcc__POCC_22_H1C10__Hf27_Mo27_Ta27_Ti27_Zr27_n135,fcc,POCC_22_H1C10,1.0,4.672065832014681,5.363733904156967,0.7226001542453443
DPA2,bcc_to_fcc,pure,POCC__fcc__POCC_23_H1C12__Hf27_Mo27_Ta27_Ti27_Zr27_n135,fcc,POCC_23_H1C12,1.0,4.63962121576174,5.420913027902722,0.9001461154154944
DPA2,bcc_to_fcc,pure,POCC__fcc__POCC_24_H1C14__Hf27_Mo27_Ta27_Ti27_Zr27_n135,fcc,POCC_24_H1C14,1.0,4.7379404198303225,5.378668354473087,0.7023693411054165
DPA2,bcc_to_fcc,pure,POCC__fcc__POCC_25_H2C0__Hf18_Mo18_Ta18_Ti18_Zr18_n90,fcc,POCC_25_H2C0,2.0,4.925002121311918,5.312730836849145,0.5845511788379821
DPA2,bcc_to_fcc,pure,POCC__fcc__POCC_26_H2C1__Hf18_Mo18_Ta18_Ti18_Zr18_n90,fcc,POCC_26_H2C1,2.0,4.913785815971577,5.303828949382442,0.5988782289953769
DPA2,bcc_to_fcc,pure,POCC__fcc__POCC_27_H2C2__Hf18_Mo18_Ta18_Ti18_Zr18_n90,fcc,POCC_27_H2C2,2.0,4.957881753754508,5.30643471365946,0.5938810315888357
DPA2,bcc_to_fcc,pure,POCC__fcc__POCC_28_H2C3__Hf18_Mo18_Ta18_Ti18_Zr18_n90,fcc,POCC_28_H2C3,2.0,4.941155028037018,5.3036544008584325,0.582377403556972
DPA2,bcc_to_fcc,pure,POCC__fcc__POCC_29_H2C4__Hf18_Mo18_Ta18_Ti18_Zr18_n90,fcc,POCC_29_H2C4,2.0,4.910908685293982,5.3025238237621055,0.6060096709504076
DPA2,bcc_to_fcc,pure,POCC__fcc__POCC_30_H2C5__Hf18_Mo18_Ta18_Ti18_Zr18_n90,fcc,POCC_30_H2C5,2.0,4.9343153342501775,5.302109851501125,0.5997039585457464
DPA2,bcc_to_fcc,pure,POCC__fcc__POCC_31_H2C6__Hf18_Mo18_Ta18_Ti18_Zr18_n90,fcc,POCC_31_H2C6,2.0,4.535763386264398,4.996207517629679,0.5922053681336048
DPA2,bcc_to_fcc,pure,POCC__fcc__POCC_32_H2C7__Hf18_Mo18_Ta18_Ti18_Zr18_n90,fcc,POCC_32_H2C7,2.0,4.942876887820386,5.310374556664931,0.6116070623256066
DPA2,bcc_to_fcc,pure,POCC__fcc__POCC_33_H2C8__Hf18_Mo18_Ta18_Ti18_Zr18_n90,fcc,POCC_33_H2C8,2.0,4.91547251399432,5.3098685424375125,0.597173543363695
DPA2,bcc_to_fcc,pure,POCC__fcc__POCC_34_H2C10__Hf18_Mo18_Ta18_Ti18_Zr18_n90,fcc,POCC_34_H2C10,2.0,4.919434703101,5.319811696599684,0.5882389873503255
DPA2,bcc_to_fcc,pure,POCC__fcc__POCC_35_H2C12__Hf18_Mo18_Ta18_Ti18_Zr18_n90,fcc,POCC_35_H2C12,2.0,4.535583016280416,4.960171073199987,0.7129343415512276
DPA2,bcc_to_fcc,pure,POCC__fcc__POCC_36_H2C14__Hf18_Mo18_Ta18_Ti18_Zr18_n90,fcc,POCC_36_H2C14,2.0,4.934715325023624,5.311291198746797,0.5851299800343012
DPA2,bcc_to_fcc,pure,POCC__fcc__POCC_37_H3C0__Hf27_Mo27_Ta27_Ti27_Zr27_n135,fcc,POCC_37_H3C0,3.0,4.838954164451376,5.460246485192805,0.6628837356594578
DPA2,bcc_to_fcc,pure,POCC__fcc__POCC_38_H3C1__Hf27_Mo27_Ta27_Ti27_Zr27_n135,fcc,POCC_38_H3C1,3.0,4.744000386652012,5.410065448545575,0.9829121582366
DPA2,bcc_to_fcc,pure,POCC__fcc__POCC_39_H3C2__Hf27_Mo27_Ta27_Ti27_Zr27_n135,fcc,POCC_39_H3C2,3.0,4.751826777137643,5.612519194878244,1.0453302524631676
DPA2,bcc_to_fcc,pure,POCC__fcc__POCC_40_H3C3__Hf27_Mo27_Ta27_Ti27_Zr27_n135,fcc,POCC_40_H3C3,3.0,4.792222834513693,5.501608828893458,1.2991059730209842
DPA2,bcc_to_fcc,pure,POCC__fcc__POCC_49_H4C0__Hf27_Mo27_Ta27_Ti27_Zr27_n135,fcc,POCC_49_H4C0,4.0,5.491299392047603,5.826887716231656,0.6193040771597271
DPA2,bcc_to_fcc,pure_pocc_seed,POCC__fcc__POCC_01_H0C0__Hf27_Mo27_Ta27_Ti27_Zr27_n135,fcc,POCC_01_H0C0,0.0,2.9547787848723623,3.204207096006521,0.6969153969183194
DPA2,bcc_to_fcc,pure_pocc_seed,POCC__fcc__POCC_02_H0C1__Hf27_Mo27_Ta27_Ti27_Zr27_n135,fcc,POCC_02_H0C1,0.0,3.00956030890246,3.4861800979995943,0.6575778753871272
DPA2,bcc_to_fcc,pure_pocc_seed,POCC__fcc__POCC_03_H0C2__Hf27_Mo27_Ta27_Ti27_Zr27_n135,fcc,POCC_03_H0C2,0.0,2.894957529469599,3.417301997441135,0.7315659272559115
DPA2,bcc_to_fcc,pure_pocc_seed,POCC__fcc__POCC_04_H0C3__Hf27_Mo27_Ta27_Ti27_Zr27_n135,fcc,POCC_04_H0C3,0.0,2.8890393730533,3.8370680211978256,0.7171070726468904
DPA2,bcc_to_fcc,pure_pocc_seed,POCC__fcc__POCC_05_H0C4__Hf27_Mo27_Ta27_Ti27_Zr27_n135,fcc,POCC_05_H0C4,0.0,2.966243481945296,3.613796832072045,0.7204901029347933
DPA2,bcc_to_fcc,pure_pocc_seed,POCC__fcc__POCC_06_H0C5__Hf27_Mo27_Ta27_Ti27_Zr27_n135,fcc,POCC_06_H0C5,0.0,2.867969675769885,3.611374733681117,0.7287920283766982
DPA2,bcc_to_fcc,pure_pocc_seed,POCC__fcc__POCC_07_H0C6__Hf27_Mo27_Ta27_Ti27_Zr27_n135,fcc,POCC_07_H0C6,0.0,3.02028062478212,3.6323107228601854,0.665582864489882
DPA2,bcc_to_fcc,pure_pocc_seed,POCC__fcc__POCC_08_H0C7__Hf27_Mo27_Ta27_Ti27_Zr27_n135,fcc,POCC_08_H0C7,0.0,3.427094457151293,3.664300703043331,0.5666306849022038
DPA2,bcc_to_fcc,pure_pocc_seed,POCC__fcc__POCC_09_H0C8__Hf27_Mo27_Ta27_Ti27_Zr27_n135,fcc,POCC_09_H0C8,0.0,3.169478698464788,3.4661747592382044,0.6914179520329025
DPA2,bcc_to_fcc,pure_pocc_seed,POCC__fcc__POCC_10_H0C10__Hf27_Mo27_Ta27_Ti27_Zr27_n135,fcc,POCC_10_H0C10,0.0,3.2401455248476894,3.4804840808147164,0.6924307420072585
DPA2,bcc_to_fcc,pure_pocc_seed,POCC__fcc__POCC_11_H0C12__Hf27_Mo27_Ta27_Ti27_Zr27_n135,fcc,POCC_11_H0C12,0.0,2.9301676436795057,3.1480743350004814,0.6045029391454279
DPA2,bcc_to_fcc,pure_pocc_seed,POCC__fcc__POCC_12_H0C14__Hf27_Mo27_Ta27_Ti27_Zr27_n135,fcc,POCC_12_H0C14,0.0,2.987790529007293,3.170234207519032,0.6210675585819393
DPA2,bcc_to_fcc,pure_pocc_seed,POCC__fcc__POCC_13_H1C0__Hf27_Mo27_Ta27_Ti27_Zr27_n135,fcc,POCC_13_H1C0,1.0,2.1522532827227314,3.0741780889846577,0.7362806709750401
DPA2,bcc_to_fcc,pure_pocc_seed,POCC__fcc__POCC_14_H1C1__Hf27_Mo27_Ta27_Ti27_Zr27_n135,fcc,POCC_14_H1C1,1.0,1.9211785924776992,2.839931495255809,0.6978149055414213
DPA2,bcc_to_fcc,pure_pocc_seed,POCC__fcc__POCC_15_H1C2__Hf27_Mo27_Ta27_Ti27_Zr27_n135,fcc,POCC_15_H1C2,1.0,1.973448117723984,2.8229359383143726,0.7407753689399608
DPA2,bcc_to_fcc,pure_pocc_seed,POCC__fcc__POCC_16_H1C3__Hf27_Mo27_Ta27_Ti27_Zr27_n135,fcc,POCC_16_H1C3,1.0,1.86194780225166,2.794637572025323,0.7061017139444739
DPA2,bcc_to_fcc,pure_pocc_seed,POCC__fcc__POCC_17_H1C4__Hf27_Mo27_Ta27_Ti27_Zr27_n135,fcc,POCC_17_H1C4,1.0,2.800884087183276,3.17945066157886,0.6180701724878274
DPA2,bcc_to_fcc,pure_pocc_seed,POCC__fcc__POCC_18_H1C5__Hf27_Mo27_Ta27_Ti27_Zr27_n135,fcc,POCC_18_H1C5,1.0,2.909361356700729,3.084300830872069,0.6331918375116856
DPA2,bcc_to_fcc,pure_pocc_seed,POCC__fcc__POCC_19_H1C6__Hf27_Mo27_Ta27_Ti27_Zr27_n135,fcc,POCC_19_H1C6,1.0,1.7311362200854732,2.873145294173228,0.7241525505146225
DPA2,bcc_to_fcc,pure_pocc_seed,POCC__fcc__POCC_20_H1C7__Hf27_Mo27_Ta27_Ti27_Zr27_n135,fcc,POCC_20_H1C7,1.0,2.1062420236920216,2.9823645301843413,0.6964293649825135
DPA2,bcc_to_fcc,pure_pocc_seed,POCC__fcc__POCC_21_H1C8__Hf27_Mo27_Ta27_Ti27_Zr27_n135,fcc,POCC_21_H1C8,1.0,2.096775682971808,2.984902313423192,0.6944427108185713
DPA2,bcc_to_fcc,pure_pocc_seed,POCC__fcc__POCC_22_H1C10__Hf27_Mo27_Ta27_Ti27_Zr27_n135,fcc,POCC_22_H1C10,1.0,2.083182234946628,3.009180924650979,0.6974967549232736
DPA2,bcc_to_fcc,pure_pocc_seed,POCC__fcc__POCC_23_H1C12__Hf27_Mo27_Ta27_Ti27_Zr27_n135,fcc,POCC_23_H1C12,1.0,1.853843249890791,3.0123237814088863,0.7002453260247252
DPA2,bcc_to_fcc,pure_pocc_seed,POCC__fcc__POCC_24_H1C14__Hf27_Mo27_Ta27_Ti27_Zr27_n135,fcc,POCC_24_H1C14,1.0,2.34307922577554,3.163551098928081,0.6952223314166817
DPA2,bcc_to_fcc,pure_pocc_seed,POCC__fcc__POCC_25_H2C0__Hf18_Mo18_Ta18_Ti18_Zr18_n90,fcc,POCC_25_H2C0,2.0,1.581541363287856,2.099444860538909,0.7331083014402229
DPA2,bcc_to_fcc,pure_pocc_seed,POCC__fcc__POCC_26_H2C1__Hf18_Mo18_Ta18_Ti18_Zr18_n90,fcc,POCC_26_H2C1,2.0,1.691849010222391,2.1911570474251394,0.7402468812057724
DPA2,bcc_to_fcc,pure_pocc_seed,POCC__fcc__POCC_27_H2C2__Hf18_Mo18_Ta18_Ti18_Zr18_n90,fcc,POCC_27_H2C2,2.0,1.8085809014165757,2.280941225920393,0.7341120152746293
DPA2,bcc_to_fcc,pure_pocc_seed,POCC__fcc__POCC_28_H2C3__Hf18_Mo18_Ta18_Ti18_Zr18_n90,fcc,POCC_28_H2C3,2.0,1.701716863808337,2.146350179876987,0.7319761820606357
DPA2,bcc_to_fcc,pure_pocc_seed,POCC__fcc__POCC_29_H2C4__Hf18_Mo18_Ta18_Ti18_Zr18_n90,fcc,POCC_29_H2C4,2.0,1.8493996274191955,2.255725512559796,0.7396449500965397
DPA2,bcc_to_fcc,pure_pocc_seed,POCC__fcc__POCC_30_H2C5__Hf18_Mo18_Ta18_Ti18_Zr18_n90,fcc,POCC_30_H2C5,2.0,1.8316162615947065,2.2892527375567737,0.7506678617123833
DPA2,bcc_to_fcc,pure_pocc_seed,POCC__fcc__POCC_31_H2C6__Hf18_Mo18_Ta18_Ti18_Zr18_n90,fcc,POCC_31_H2C6,2.0,1.9141184106174367,2.3626666430512486,0.763332410000468
DPA2,bcc_to_fcc,pure_pocc_seed,POCC__fcc__POCC_32_H2C7__Hf18_Mo18_Ta18_Ti18_Zr18_n90,fcc,POCC_32_H2C7,2.0,1.7892552736416285,2.237816030076862,0.7492379501128464
DPA2,bcc_to_fcc,pure_pocc_seed,POCC__fcc__POCC_33_H2C8__Hf18_Mo18_Ta18_Ti18_Zr18_n90,fcc,POCC_33_H2C8,2.0,1.6865543180308464,2.2006770926953427,0.7134093272144646
DPA2,bcc_to_fcc,pure_pocc_seed,POCC__fcc__POCC_34_H2C10__Hf18_Mo18_Ta18_Ti18_Zr18_n90,fcc,POCC_34_H2C10,2.0,1.5364573226239902,2.0544021284778813,0.7284995414656285
DPA2,bcc_to_fcc,pure_pocc_seed,POCC__fcc__POCC_35_H2C12__Hf18_Mo18_Ta18_Ti18_Zr18_n90,fcc,POCC_35_H2C12,2.0,1.860904855360909,2.335358412473545,0.7510844163934385
DPA2,bcc_to_fcc,pure_pocc_seed,POCC__fcc__POCC_36_H2C14__Hf18_Mo18_Ta18_Ti18_Zr18_n90,fcc,POCC_36_H2C14,2.0,1.7944086533840051,2.212087474661557,0.7394642774760211
DPA2,bcc_to_fcc,pure_pocc_seed,POCC__fcc__POCC_37_H3C0__Hf27_Mo27_Ta27_Ti27_Zr27_n135,fcc,POCC_37_H3C0,3.0,1.5615438148586884,2.303905252690595,0.6529088412557543
DPA2,bcc_to_fcc,pure_pocc_seed,POCC__fcc__POCC_38_H3C1__Hf27_Mo27_Ta27_Ti27_Zr27_n135,fcc,POCC_38_H3C1,3.0,2.537710235392911,2.998389359567704,0.6188589834138797
DPA2,bcc_to_fcc,pure_pocc_seed,POCC__fcc__POCC_39_H3C2__Hf27_Mo27_Ta27_Ti27_Zr27_n135,fcc,POCC_39_H3C2,3.0,2.3866388473266804,3.2292028229190284,0.5642358406944334
DPA2,bcc_to_fcc,pure_pocc_seed,POCC__fcc__POCC_40_H3C3__Hf27_Mo27_Ta27_Ti27_Zr27_n135,fcc,POCC_40_H3C3,3.0,2.9145381323519723,3.2521387264329604,0.6371181953933532
DPA2,bcc_to_fcc,pure_pocc_seed,POCC__fcc__POCC_49_H4C0__Hf27_Mo27_Ta27_Ti27_Zr27_n135,fcc,POCC_49_H4C0,4.0,1.5875789097831183,2.252319369397029,0.6795290774273846
DPA2,bcc_to_fcc,pure_pocc_aimd,POCC__fcc__POCC_01_H0C0__Hf27_Mo27_Ta27_Ti27_Zr27_n135,fcc,POCC_01_H0C0,0.0,2.525342638399991,2.9955977890411245,0.4104107454990629
DPA2,bcc_to_fcc,pure_pocc_aimd,POCC__fcc__POCC_02_H0C1__Hf27_Mo27_Ta27_Ti27_Zr27_n135,fcc,POCC_02_H0C1,0.0,2.545131939350971,3.204848431632029,0.4342094467697103
DPA2,bcc_to_fcc,pure_pocc_aimd,POCC__fcc__POCC_03_H0C2__Hf27_Mo27_Ta27_Ti27_Zr27_n135,fcc,POCC_03_H0C2,0.0,2.528001369173995,3.3904686736027334,0.3593986556450557
DPA2,bcc_to_fcc,pure_pocc_aimd,POCC__fcc__POCC_04_H0C3__Hf27_Mo27_Ta27_Ti27_Zr27_n135,fcc,POCC_04_H0C3,0.0,2.440475234257266,3.3170487299606446,0.3388213700556908
DPA2,bcc_to_fcc,pure_pocc_aimd,POCC__fcc__POCC_05_H0C4__Hf27_Mo27_Ta27_Ti27_Zr27_n135,fcc,POCC_05_H0C4,0.0,2.467071733149263,3.350738066073505,0.3519323938621073
DPA2,bcc_to_fcc,pure_pocc_aimd,POCC__fcc__POCC_06_H0C5__Hf27_Mo27_Ta27_Ti27_Zr27_n135,fcc,POCC_06_H0C5,0.0,2.36909997336356,3.318950402796052,0.3733006144430651
DPA2,bcc_to_fcc,pure_pocc_aimd,POCC__fcc__POCC_07_H0C6__Hf27_Mo27_Ta27_Ti27_Zr27_n135,fcc,POCC_07_H0C6,0.0,2.4767752824595,3.3992678201374296,0.501570082978917
DPA2,bcc_to_fcc,pure_pocc_aimd,POCC__fcc__POCC_08_H0C7__Hf27_Mo27_Ta27_Ti27_Zr27_n135,fcc,POCC_08_H0C7,0.0,3.170947396634692,3.4359239569690687,0.3499185116016907
DPA2,bcc_to_fcc,pure_pocc_aimd,POCC__fcc__POCC_09_H0C8__Hf27_Mo27_Ta27_Ti27_Zr27_n135,fcc,POCC_09_H0C8,0.0,2.5915960068979604,3.2570438179102164,0.3537770815681193
DPA2,bcc_to_fcc,pure_pocc_aimd,POCC__fcc__POCC_10_H0C10__Hf27_Mo27_Ta27_Ti27_Zr27_n135,fcc,POCC_10_H0C10,0.0,2.6840736784742827,3.1221427685043244,0.3494708126750302
DPA2,bcc_to_fcc,pure_pocc_aimd,POCC__fcc__POCC_11_H0C12__Hf27_Mo27_Ta27_Ti27_Zr27_n135,fcc,POCC_11_H0C12,0.0,2.3943778237443336,2.780337779494124,0.354653833774906
DPA2,bcc_to_fcc,pure_pocc_aimd,POCC__fcc__POCC_12_H0C14__Hf27_Mo27_Ta27_Ti27_Zr27_n135,fcc,POCC_12_H0C14,0.0,2.368393262781358,2.996787299158997,0.4653293580641338
DPA2,bcc_to_fcc,pure_pocc_aimd,POCC__fcc__POCC_13_H1C0__Hf27_Mo27_Ta27_Ti27_Zr27_n135,fcc,POCC_13_H1C0,1.0,1.363531342826123,2.256776683147023,0.2471939894139989
DPA2,bcc_to_fcc,pure_pocc_aimd,POCC__fcc__POCC_14_H1C1__Hf27_Mo27_Ta27_Ti27_Zr27_n135,fcc,POCC_14_H1C1,1.0,1.184112274202077,1.9603285014360452,0.2172150672268102
DPA2,bcc_to_fcc,pure_pocc_aimd,POCC__fcc__POCC_15_H1C2__Hf27_Mo27_Ta27_Ti27_Zr27_n135,fcc,POCC_15_H1C2,1.0,1.2447037993510397,1.8557124975424064,0.2484954090938423
DPA2,bcc_to_fcc,pure_pocc_aimd,POCC__fcc__POCC_16_H1C3__Hf27_Mo27_Ta27_Ti27_Zr27_n135,fcc,POCC_16_H1C3,1.0,1.1180780381992206,1.78577483480186,0.2274725099009192
DPA2,bcc_to_fcc,pure_pocc_aimd,POCC__fcc__POCC_17_H1C4__Hf27_Mo27_Ta27_Ti27_Zr27_n135,fcc,POCC_17_H1C4,1.0,2.177075642375777,2.958730428701647,0.2133100514772035
DPA2,bcc_to_fcc,pure_pocc_aimd,POCC__fcc__POCC_18_H1C5__Hf27_Mo27_Ta27_Ti27_Zr27_n135,fcc,POCC_18_H1C5,1.0,2.462868892216433,3.0163057998105227,0.2025858081379326
DPA2,bcc_to_fcc,pure_pocc_aimd,POCC__fcc__POCC_19_H1C6__Hf27_Mo27_Ta27_Ti27_Zr27_n135,fcc,POCC_19_H1C6,1.0,1.1689107787422763,1.8314962669384105,0.211648439330125
DPA2,bcc_to_fcc,pure_pocc_aimd,POCC__fcc__POCC_20_H1C7__Hf27_Mo27_Ta27_Ti27_Zr27_n135,fcc,POCC_20_H1C7,1.0,1.2858394856698738,1.920954508275389,0.2105206583790924
DPA2,bcc_to_fcc,pure_pocc_aimd,POCC__fcc__POCC_21_H1C8__Hf27_Mo27_Ta27_Ti27_Zr27_n135,fcc,POCC_21_H1C8,1.0,1.312597975770036,2.0582289250555066,0.2171887533940137
DPA2,bcc_to_fcc,pure_pocc_aimd,POCC__fcc__POCC_22_H1C10__Hf27_Mo27_Ta27_Ti27_Zr27_n135,fcc,POCC_22_H1C10,1.0,1.2900922303110396,2.001928740258058,0.2103979364294735
DPA2,bcc_to_fcc,pure_pocc_aimd,POCC__fcc__POCC_23_H1C12__Hf27_Mo27_Ta27_Ti27_Zr27_n135,fcc,POCC_23_H1C12,1.0,1.23647037369805,2.081467516491815,0.231629243355548
DPA2,bcc_to_fcc,pure_pocc_aimd,POCC__fcc__POCC_24_H1C14__Hf27_Mo27_Ta27_Ti27_Zr27_n135,fcc,POCC_24_H1C14,1.0,1.4315958836390463,2.203985285563593,0.2364743527955486
DPA2,bcc_to_fcc,pure_pocc_aimd,POCC__fcc__POCC_25_H2C0__Hf18_Mo18_Ta18_Ti18_Zr18_n90,fcc,POCC_25_H2C0,2.0,1.1128657734783856,1.4053560267899543,0.1419907488982365
DPA2,bcc_to_fcc,pure_pocc_aimd,POCC__fcc__POCC_26_H2C1__Hf18_Mo18_Ta18_Ti18_Zr18_n90,fcc,POCC_26_H2C1,2.0,1.1917929618132603,1.4735415062351152,0.1549596761217803
DPA2,bcc_to_fcc,pure_pocc_aimd,POCC__fcc__POCC_27_H2C2__Hf18_Mo18_Ta18_Ti18_Zr18_n90,fcc,POCC_27_H2C2,2.0,1.308714533122933,1.5895106530667298,0.1622900869561434
DPA2,bcc_to_fcc,pure_pocc_aimd,POCC__fcc__POCC_28_H2C3__Hf18_Mo18_Ta18_Ti18_Zr18_n90,fcc,POCC_28_H2C3,2.0,1.252983109032168,1.4749176235731642,0.1440450421853328
DPA2,bcc_to_fcc,pure_pocc_aimd,POCC__fcc__POCC_29_H2C4__Hf18_Mo18_Ta18_Ti18_Zr18_n90,fcc,POCC_29_H2C4,2.0,1.333404492484166,1.590579295306171,0.1427956763086942
DPA2,bcc_to_fcc,pure_pocc_aimd,POCC__fcc__POCC_30_H2C5__Hf18_Mo18_Ta18_Ti18_Zr18_n90,fcc,POCC_30_H2C5,2.0,1.3538464784871378,1.597093711157133,0.1459874969115017
DPA2,bcc_to_fcc,pure_pocc_aimd,POCC__fcc__POCC_31_H2C6__Hf18_Mo18_Ta18_Ti18_Zr18_n90,fcc,POCC_31_H2C6,2.0,1.1846885314524371,1.5611843135437218,0.212555162527101
DPA2,bcc_to_fcc,pure_pocc_aimd,POCC__fcc__POCC_32_H2C7__Hf18_Mo18_Ta18_Ti18_Zr18_n90,fcc,POCC_32_H2C7,2.0,1.3024747311255072,1.5319644220957211,0.155218384158661
DPA2,bcc_to_fcc,pure_pocc_aimd,POCC__fcc__POCC_33_H2C8__Hf18_Mo18_Ta18_Ti18_Zr18_n90,fcc,POCC_33_H2C8,2.0,1.2057738332388537,1.4868285019343963,0.1560624915034624
DPA2,bcc_to_fcc,pure_pocc_aimd,POCC__fcc__POCC_34_H2C10__Hf18_Mo18_Ta18_Ti18_Zr18_n90,fcc,POCC_34_H2C10,2.0,1.1173276376354773,1.3934495139717769,0.1342845829024298
DPA2,bcc_to_fcc,pure_pocc_aimd,POCC__fcc__POCC_35_H2C12__Hf18_Mo18_Ta18_Ti18_Zr18_n90,fcc,POCC_35_H2C12,2.0,1.2706548994764784,1.6403937261746904,0.2221997288640058
DPA2,bcc_to_fcc,pure_pocc_aimd,POCC__fcc__POCC_36_H2C14__Hf18_Mo18_Ta18_Ti18_Zr18_n90,fcc,POCC_36_H2C14,2.0,1.3059570482126577,1.53462528623517,0.1419205302504764
DPA2,bcc_to_fcc,pure_pocc_aimd,POCC__fcc__POCC_37_H3C0__Hf27_Mo27_Ta27_Ti27_Zr27_n135,fcc,POCC_37_H3C0,3.0,1.429274341368354,2.0020653747182604,0.1489724758743539
DPA2,bcc_to_fcc,pure_pocc_aimd,POCC__fcc__POCC_38_H3C1__Hf27_Mo27_Ta27_Ti27_Zr27_n135,fcc,POCC_38_H3C1,3.0,1.894425459390271,2.380231324515837,0.1970383743072183
DPA2,bcc_to_fcc,pure_pocc_aimd,POCC__fcc__POCC_39_H3C2__Hf27_Mo27_Ta27_Ti27_Zr27_n135,fcc,POCC_39_H3C2,3.0,2.022911974864259,2.680375875991876,0.1941097296520721
DPA2,bcc_to_fcc,pure_pocc_aimd,POCC__fcc__POCC_40_H3C3__Hf27_Mo27_Ta27_Ti27_Zr27_n135,fcc,POCC_40_H3C3,3.0,2.2371958200547035,2.908154381839396,0.2022038225896766
DPA2,bcc_to_fcc,pure_pocc_aimd,POCC__fcc__POCC_49_H4C0__Hf27_Mo27_Ta27_Ti27_Zr27_n135,fcc,POCC_49_H4C0,4.0,0.9636867850613507,1.269813730301124,0.0995100829108471
DPA3,fcc_to_bcc,pure,POCC__bcc__POCC_01_H0C0__Hf32_Mo32_Ta32_Ti32_Zr32_n160,bcc,POCC_01_H0C0,0.0,3.768064438661612,4.386272633123618,1.150505772108357
DPA3,fcc_to_bcc,pure,POCC__bcc__POCC_02_H0C1__Hf32_Mo32_Ta32_Ti32_Zr32_n160,bcc,POCC_02_H0C1,0.0,3.7020767236977914,4.419022728765397,2.126923730805641
DPA3,fcc_to_bcc,pure,POCC__bcc__POCC_03_H0C2__Hf32_Mo32_Ta32_Ti32_Zr32_n160,bcc,POCC_03_H0C2,0.0,3.694110039599657,4.402514982611727,2.605683472737025
DPA3,fcc_to_bcc,pure,POCC__bcc__POCC_04_H0C3__Hf32_Mo32_Ta32_Ti32_Zr32_n160,bcc,POCC_04_H0C3,0.0,3.560535818176704,4.45235787641367,0.9488458539001712
DPA3,fcc_to_bcc,pure,POCC__bcc__POCC_05_H0C4__Hf32_Mo32_Ta32_Ti32_Zr32_n160,bcc,POCC_05_H0C4,0.0,3.706039443735964,4.300724054710563,0.2169862160801879
DPA3,fcc_to_bcc,pure,POCC__bcc__POCC_06_H0C5__Hf32_Mo32_Ta32_Ti32_Zr32_n160,bcc,POCC_06_H0C5,0.0,3.722535757599767,4.299356534238391,0.9942401096123358
DPA3,fcc_to_bcc,pure,POCC__bcc__POCC_07_H0C6__Hf32_Mo32_Ta32_Ti32_Zr32_n160,bcc,POCC_07_H0C6,0.0,3.651528507323513,4.453110697224573,7.122487755072547
DPA3,fcc_to_bcc,pure,POCC__bcc__POCC_08_H0C7__Hf32_Mo32_Ta32_Ti32_Zr32_n160,bcc,POCC_08_H0C7,0.0,3.6387879886336334,4.283919363563667,1.3744411557735925
DPA3,fcc_to_bcc,pure,POCC__bcc__POCC_09_H0C8__Hf32_Mo32_Ta32_Ti32_Zr32_n160,bcc,POCC_09_H0C8,0.0,3.699821302448133,4.379530019145363,1.6793491866020385
DPA3,fcc_to_bcc,pure,POCC__bcc__POCC_10_H0C10__Hf32_Mo32_Ta32_Ti32_Zr32_n160,bcc,POCC_10_H0C10,0.0,3.50165458128283,4.452349135698739,0.946369028290226
DPA3,fcc_to_bcc,pure,POCC__bcc__POCC_11_H0C12__Hf32_Mo32_Ta32_Ti32_Zr32_n160,bcc,POCC_11_H0C12,0.0,3.657794283941296,4.480086196485056,2.14446921943747
DPA3,fcc_to_bcc,pure,POCC__bcc__POCC_12_H0C14__Hf32_Mo32_Ta32_Ti32_Zr32_n160,bcc,POCC_12_H0C14,0.0,3.773485589645493,4.380392638619859,1.043760970459463
DPA3,fcc_to_bcc,pure,POCC__bcc__POCC_13_H1C0__Hf20_Mo20_Ta20_Ti20_Zr20_n100,bcc,POCC_13_H1C0,1.0,4.614244489334372,5.019405776311129,0.357047219558265
DPA3,fcc_to_bcc,pure,POCC__bcc__POCC_14_H1C1__Hf20_Mo20_Ta20_Ti20_Zr20_n100,bcc,POCC_14_H1C1,1.0,4.5828648690984615,5.001986529329056,0.3457660836235008
DPA3,fcc_to_bcc,pure,POCC__bcc__POCC_15_H1C2__Hf20_Mo20_Ta20_Ti20_Zr20_n100,bcc,POCC_15_H1C2,1.0,4.536847796753316,5.014348380565118,0.305929076052322
DPA3,fcc_to_bcc,pure,POCC__bcc__POCC_16_H1C3__Hf20_Mo20_Ta20_Ti20_Zr20_n100,bcc,POCC_16_H1C3,1.0,4.543459208697742,5.001405527130558,0.3505334110533221
DPA3,fcc_to_bcc,pure,POCC__bcc__POCC_17_H1C4__Hf20_Mo20_Ta20_Ti20_Zr20_n100,bcc,POCC_17_H1C4,1.0,4.538349818639587,5.000701932998768,0.3749465169250283
DPA3,fcc_to_bcc,pure,POCC__bcc__POCC_18_H1C5__Hf20_Mo20_Ta20_Ti20_Zr20_n100,bcc,POCC_18_H1C5,1.0,4.645216172711248,5.000412593132903,0.3752171187946704
DPA3,fcc_to_bcc,pure,POCC__bcc__POCC_19_H1C6__Hf20_Mo20_Ta20_Ti20_Zr20_n100,bcc,POCC_19_H1C6,1.0,4.616096836140878,5.008889826229802,0.3230144428148746
DPA3,fcc_to_bcc,pure,POCC__bcc__POCC_20_H1C7__Hf20_Mo20_Ta20_Ti20_Zr20_n100,bcc,POCC_20_H1C7,1.0,4.600806341790863,5.017382968579709,0.3538453385027332
DPA3,fcc_to_bcc,pure,POCC__bcc__POCC_21_H1C8__Hf20_Mo20_Ta20_Ti20_Zr20_n100,bcc,POCC_21_H1C8,1.0,4.559043460387983,5.013887238353126,0.3017604563239581
DPA3,fcc_to_bcc,pure,POCC__bcc__POCC_22_H1C10__Hf20_Mo20_Ta20_Ti20_Zr20_n100,bcc,POCC_22_H1C10,1.0,4.552208231616457,5.023237261154416,0.3312057861011981
DPA3,fcc_to_bcc,pure,POCC__bcc__POCC_23_H1C12__Hf20_Mo20_Ta20_Ti20_Zr20_n100,bcc,POCC_23_H1C12,1.0,4.623701578215881,5.034671042150148,0.3113802191743426
DPA3,fcc_to_bcc,pure,POCC__bcc__POCC_24_H1C14__Hf20_Mo20_Ta20_Ti20_Zr20_n100,bcc,POCC_24_H1C14,1.0,4.594004810524294,5.014019256320947,0.3396746796980629
DPA3,fcc_to_bcc,pure,POCC__bcc__POCC_25_H2C0__Hf27_Mo27_Ta27_Ti27_Zr27_n135,bcc,POCC_25_H2C0,2.0,5.3689348107076444,5.750319797660855,0.2912991629575876
DPA3,fcc_to_bcc,pure,POCC__bcc__POCC_33_H2C8__Hf27_Mo27_Ta27_Ti27_Zr27_n135,bcc,POCC_33_H2C8,2.0,5.263812417612762,5.778286265336714,0.4205524272812777
DPA3,fcc_to_bcc,pure,POCC__bcc__POCC_34_H2C10__Hf27_Mo27_Ta27_Ti27_Zr27_n135,bcc,POCC_34_H2C10,2.0,4.891658029854182,5.656010588408543,0.3611923211039373
DPA3,fcc_to_bcc,pure,POCC__bcc__POCC_35_H2C12__Hf27_Mo27_Ta27_Ti27_Zr27_n135,bcc,POCC_35_H2C12,2.0,4.87352903288128,5.719013471039361,0.4340901964678386
DPA3,fcc_to_bcc,pure,POCC__bcc__POCC_36_H2C14__Hf27_Mo27_Ta27_Ti27_Zr27_n135,bcc,POCC_36_H2C14,2.0,5.005874351140314,5.591559729617323,0.4066417527614415
DPA3,fcc_to_bcc,pure,POCC__bcc__POCC_37_H3C0__Hf27_Mo27_Ta27_Ti27_Zr27_n135,bcc,POCC_37_H3C0,3.0,4.960231951961276,5.322036819316743,0.4650935077073167
DPA3,fcc_to_bcc,pure,POCC__bcc__POCC_38_H4C0__Hf27_Mo27_Ta27_Ti27_Zr27_n135,bcc,POCC_38_H4C0,4.0,5.432127776753763,5.80020818776122,0.4917579657009324
DPA3,fcc_to_bcc,pure,POCC__bcc__POCC_39_H4C1__Hf27_Mo27_Ta27_Ti27_Zr27_n135,bcc,POCC_39_H4C1,4.0,5.432350480167885,5.781802603395701,0.5160752005089488
DPA3,fcc_to_bcc,pure,POCC__bcc__POCC_40_H4C2__Hf27_Mo27_Ta27_Ti27_Zr27_n135,bcc,POCC_40_H4C2,4.0,5.441472759376545,5.8927046494940525,0.3513241034771142
DPA3,fcc_to_bcc,pure,POCC__bcc__POCC_41_H4C3__Hf27_Mo27_Ta27_Ti27_Zr27_n135,bcc,POCC_41_H4C3,4.0,5.4730922037283785,5.826155002573588,0.3689456524602722
DPA3,fcc_to_bcc,pure,POCC__bcc__POCC_42_H4C4__Hf27_Mo27_Ta27_Ti27_Zr27_n135,bcc,POCC_42_H4C4,4.0,5.400468453212614,5.834531536336617,0.3785396069242638
DPA3,fcc_to_bcc,pure,POCC__bcc__POCC_43_H4C5__Hf27_Mo27_Ta27_Ti27_Zr27_n135,bcc,POCC_43_H4C5,4.0,5.395412733036429,5.846971073339171,0.3797842013790691
DPA3,fcc_to_bcc,pure,POCC__bcc__POCC_44_H4C6__Hf27_Mo27_Ta27_Ti27_Zr27_n135,bcc,POCC_44_H4C6,4.0,5.498576913671456,5.862312105543303,0.464345791274616
DPA3,fcc_to_bcc,pure,POCC__bcc__POCC_45_H4C7__Hf27_Mo27_Ta27_Ti27_Zr27_n135,bcc,POCC_45_H4C7,4.0,5.425115167796466,5.762076122422394,0.4846869865422161
DPA3,fcc_to_bcc,pure,POCC__bcc__POCC_46_H4C8__Hf27_Mo27_Ta27_Ti27_Zr27_n135,bcc,POCC_46_H4C8,4.0,5.520309438178991,5.881479000706666,0.3429393846079086
DPA3,fcc_to_bcc,pure,POCC__bcc__POCC_47_H4C10__Hf27_Mo27_Ta27_Ti27_Zr27_n135,bcc,POCC_47_H4C10,4.0,5.491801119518442,5.828122098280582,0.3627213105694557
DPA3,fcc_to_bcc,pure,POCC__bcc__POCC_48_H4C12__Hf27_Mo27_Ta27_Ti27_Zr27_n135,bcc,POCC_48_H4C12,4.0,5.491008477984291,5.861969649959511,0.459151377978436
DPA3,fcc_to_bcc,pure,POCC__bcc__POCC_49_H4C14__Hf27_Mo27_Ta27_Ti27_Zr27_n135,bcc,POCC_49_H4C14,4.0,5.462055158842634,5.821975852638113,0.4909204273317474
DPA3,fcc_to_bcc,pure_pocc_seed,POCC__bcc__POCC_01_H0C0__Hf32_Mo32_Ta32_Ti32_Zr32_n160,bcc,POCC_01_H0C0,0.0,3.605939703571188,3.806094644533275,1.648178776425806
DPA3,fcc_to_bcc,pure_pocc_seed,POCC__bcc__POCC_02_H0C1__Hf32_Mo32_Ta32_Ti32_Zr32_n160,bcc,POCC_02_H0C1,0.0,3.6257679571370938,3.832965215093653,1.2452838979944445
DPA3,fcc_to_bcc,pure_pocc_seed,POCC__bcc__POCC_03_H0C2__Hf32_Mo32_Ta32_Ti32_Zr32_n160,bcc,POCC_03_H0C2,0.0,3.4414203766028204,3.845142856712527,1.2458346540877263
DPA3,fcc_to_bcc,pure_pocc_seed,POCC__bcc__POCC_04_H0C3__Hf32_Mo32_Ta32_Ti32_Zr32_n160,bcc,POCC_04_H0C3,0.0,3.560535818176704,3.8596144246302058,1.2889963886589628
DPA3,fcc_to_bcc,pure_pocc_seed,POCC__bcc__POCC_05_H0C4__Hf32_Mo32_Ta32_Ti32_Zr32_n160,bcc,POCC_05_H0C4,0.0,3.224428818414382,3.556926699112774,0.1521346278594598
DPA3,fcc_to_bcc,pure_pocc_seed,POCC__bcc__POCC_06_H0C5__Hf32_Mo32_Ta32_Ti32_Zr32_n160,bcc,POCC_06_H0C5,0.0,3.258020384130901,3.49625697033881,1.1038114605608078
DPA3,fcc_to_bcc,pure_pocc_seed,POCC__bcc__POCC_07_H0C6__Hf32_Mo32_Ta32_Ti32_Zr32_n160,bcc,POCC_07_H0C6,0.0,3.651528507323513,4.176036199949691,2.831708808172981
DPA3,fcc_to_bcc,pure_pocc_seed,POCC__bcc__POCC_08_H0C7__Hf32_Mo32_Ta32_Ti32_Zr32_n160,bcc,POCC_08_H0C7,0.0,3.6387879886336334,3.7609506217559,1.3212806326037725
DPA3,fcc_to_bcc,pure_pocc_seed,POCC__bcc__POCC_09_H0C8__Hf32_Mo32_Ta32_Ti32_Zr32_n160,bcc,POCC_09_H0C8,0.0,3.43344049491946,3.8236338582832983,1.7282841014158796
DPA3,fcc_to_bcc,pure_pocc_seed,POCC__bcc__POCC_10_H0C10__Hf32_Mo32_Ta32_Ti32_Zr32_n160,bcc,POCC_10_H0C10,0.0,3.50165458128283,3.948347024869183,1.1979912845559717
DPA3,fcc_to_bcc,pure_pocc_seed,POCC__bcc__POCC_11_H0C12__Hf32_Mo32_Ta32_Ti32_Zr32_n160,bcc,POCC_11_H0C12,0.0,3.657794283941296,4.13852321432535,1.1768936156167829
DPA3,fcc_to_bcc,pure_pocc_seed,POCC__bcc__POCC_12_H0C14__Hf32_Mo32_Ta32_Ti32_Zr32_n160,bcc,POCC_12_H0C14,0.0,3.636581111363588,3.812300035889917,1.2547560298854958
DPA3,fcc_to_bcc,pure_pocc_seed,POCC__bcc__POCC_13_H1C0__Hf20_Mo20_Ta20_Ti20_Zr20_n100,bcc,POCC_13_H1C0,1.0,2.2568992149322744,2.583116636026776,0.6749136765985749
DPA3,fcc_to_bcc,pure_pocc_seed,POCC__bcc__POCC_14_H1C1__Hf20_Mo20_Ta20_Ti20_Zr20_n100,bcc,POCC_14_H1C1,1.0,2.305596390376425,2.5972959539824823,0.7017202459890938
DPA3,fcc_to_bcc,pure_pocc_seed,POCC__bcc__POCC_15_H1C2__Hf20_Mo20_Ta20_Ti20_Zr20_n100,bcc,POCC_15_H1C2,1.0,2.284670086192091,2.599327910026078,0.7246829329719403
DPA3,fcc_to_bcc,pure_pocc_seed,POCC__bcc__POCC_16_H1C3__Hf20_Mo20_Ta20_Ti20_Zr20_n100,bcc,POCC_16_H1C3,1.0,2.298044631676593,2.5792614635661444,0.7084102623031308
DPA3,fcc_to_bcc,pure_pocc_seed,POCC__bcc__POCC_17_H1C4__Hf20_Mo20_Ta20_Ti20_Zr20_n100,bcc,POCC_17_H1C4,1.0,2.1601058364557444,2.502055866270222,0.7183672628767678
DPA3,fcc_to_bcc,pure_pocc_seed,POCC__bcc__POCC_18_H1C5__Hf20_Mo20_Ta20_Ti20_Zr20_n100,bcc,POCC_18_H1C5,1.0,2.008228623362684,2.3686534865916755,0.6479985893737703
DPA3,fcc_to_bcc,pure_pocc_seed,POCC__bcc__POCC_19_H1C6__Hf20_Mo20_Ta20_Ti20_Zr20_n100,bcc,POCC_19_H1C6,1.0,2.27053769003881,2.6066739037117697,0.7007407461949637
DPA3,fcc_to_bcc,pure_pocc_seed,POCC__bcc__POCC_20_H1C7__Hf20_Mo20_Ta20_Ti20_Zr20_n100,bcc,POCC_20_H1C7,1.0,2.2769244700750813,2.5818903713074137,0.6910953607604984
DPA3,fcc_to_bcc,pure_pocc_seed,POCC__bcc__POCC_21_H1C8__Hf20_Mo20_Ta20_Ti20_Zr20_n100,bcc,POCC_21_H1C8,1.0,2.277341313211992,2.582836513839029,0.7157861796532133
DPA3,fcc_to_bcc,pure_pocc_seed,POCC__bcc__POCC_22_H1C10__Hf20_Mo20_Ta20_Ti20_Zr20_n100,bcc,POCC_22_H1C10,1.0,2.2866393090938644,2.586540671561714,0.7261586022675429
DPA3,fcc_to_bcc,pure_pocc_seed,POCC__bcc__POCC_23_H1C12__Hf20_Mo20_Ta20_Ti20_Zr20_n100,bcc,POCC_23_H1C12,1.0,2.263748873318788,2.627125697429473,0.6813151006939734
DPA3,fcc_to_bcc,pure_pocc_seed,POCC__bcc__POCC_24_H1C14__Hf20_Mo20_Ta20_Ti20_Zr20_n100,bcc,POCC_24_H1C14,1.0,2.2459853157484764,2.5714504930356776,0.6838573422007406
DPA3,fcc_to_bcc,pure_pocc_seed,POCC__bcc__POCC_25_H2C0__Hf27_Mo27_Ta27_Ti27_Zr27_n135,bcc,POCC_25_H2C0,2.0,0.0181476384705845,0.0310745493241004,0.4003328616763327
DPA3,fcc_to_bcc,pure_pocc_seed,POCC__bcc__POCC_33_H2C8__Hf27_Mo27_Ta27_Ti27_Zr27_n135,bcc,POCC_33_H2C8,2.0,3.0163189189737256,3.5202730174549117,0.5018861463242608
DPA3,fcc_to_bcc,pure_pocc_seed,POCC__bcc__POCC_34_H2C10__Hf27_Mo27_Ta27_Ti27_Zr27_n135,bcc,POCC_34_H2C10,2.0,2.8457826114306988,3.3058688066034407,0.5703030021885308
DPA3,fcc_to_bcc,pure_pocc_seed,POCC__bcc__POCC_35_H2C12__Hf27_Mo27_Ta27_Ti27_Zr27_n135,bcc,POCC_35_H2C12,2.0,2.8350460711739207,3.4271142626189994,0.6051909966987006
DPA3,fcc_to_bcc,pure_pocc_seed,POCC__bcc__POCC_36_H2C14__Hf27_Mo27_Ta27_Ti27_Zr27_n135,bcc,POCC_36_H2C14,2.0,2.9369605921286275,3.5033131975045526,0.5725906940328882
DPA3,fcc_to_bcc,pure_pocc_seed,POCC__bcc__POCC_37_H3C0__Hf27_Mo27_Ta27_Ti27_Zr27_n135,bcc,POCC_37_H3C0,3.0,1.340655447164382,1.8556697549478405,0.6581074561364615
DPA3,fcc_to_bcc,pure_pocc_seed,POCC__bcc__POCC_38_H4C0__Hf27_Mo27_Ta27_Ti27_Zr27_n135,bcc,POCC_38_H4C0,4.0,2.579198319437646,2.9881716912023704,0.5692716117175313
DPA3,fcc_to_bcc,pure_pocc_seed,POCC__bcc__POCC_39_H4C1__Hf27_Mo27_Ta27_Ti27_Zr27_n135,bcc,POCC_39_H4C1,4.0,2.671021693451697,3.041329241686499,0.5974084425288063
DPA3,fcc_to_bcc,pure_pocc_seed,POCC__bcc__POCC_40_H4C2__Hf27_Mo27_Ta27_Ti27_Zr27_n135,bcc,POCC_40_H4C2,4.0,2.625977895136208,3.0057352007814258,0.5831673798777732
DPA3,fcc_to_bcc,pure_pocc_seed,POCC__bcc__POCC_41_H4C3__Hf27_Mo27_Ta27_Ti27_Zr27_n135,bcc,POCC_41_H4C3,4.0,2.578969895013417,3.044981942211165,0.610792204526208
DPA3,fcc_to_bcc,pure_pocc_seed,POCC__bcc__POCC_42_H4C4__Hf27_Mo27_Ta27_Ti27_Zr27_n135,bcc,POCC_42_H4C4,4.0,2.742285269413846,3.178486379284802,0.5818528350895167
DPA3,fcc_to_bcc,pure_pocc_seed,POCC__bcc__POCC_43_H4C5__Hf27_Mo27_Ta27_Ti27_Zr27_n135,bcc,POCC_43_H4C5,4.0,2.733408818624248,3.2514814270237054,0.5705234510161912
DPA3,fcc_to_bcc,pure_pocc_seed,POCC__bcc__POCC_44_H4C6__Hf27_Mo27_Ta27_Ti27_Zr27_n135,bcc,POCC_44_H4C6,4.0,2.4581440136647648,2.7357301218242216,0.6006823088862044
DPA3,fcc_to_bcc,pure_pocc_seed,POCC__bcc__POCC_45_H4C7__Hf27_Mo27_Ta27_Ti27_Zr27_n135,bcc,POCC_45_H4C7,4.0,2.647108788948511,3.109011214675103,0.5901475184210228
DPA3,fcc_to_bcc,pure_pocc_seed,POCC__bcc__POCC_46_H4C8__Hf27_Mo27_Ta27_Ti27_Zr27_n135,bcc,POCC_46_H4C8,4.0,2.444979961257528,2.806355501577594,0.5623729297481469
DPA3,fcc_to_bcc,pure_pocc_seed,POCC__bcc__POCC_47_H4C10__Hf27_Mo27_Ta27_Ti27_Zr27_n135,bcc,POCC_47_H4C10,4.0,1.6568688706154575,2.29794115584003,0.6027465607531934
DPA3,fcc_to_bcc,pure_pocc_seed,POCC__bcc__POCC_48_H4C12__Hf27_Mo27_Ta27_Ti27_Zr27_n135,bcc,POCC_48_H4C12,4.0,2.4673897860529603,2.7343750348567677,0.5881001262280912
DPA3,fcc_to_bcc,pure_pocc_seed,POCC__bcc__POCC_49_H4C14__Hf27_Mo27_Ta27_Ti27_Zr27_n135,bcc,POCC_49_H4C14,4.0,2.603772302566368,3.0491904017157463,0.5569771242766333
DPA3,fcc_to_bcc,pure_pocc_aimd,POCC__bcc__POCC_01_H0C0__Hf32_Mo32_Ta32_Ti32_Zr32_n160,bcc,POCC_01_H0C0,0.0,2.762202655887278,2.8184428668577857,0.9921730542047204
DPA3,fcc_to_bcc,pure_pocc_aimd,POCC__bcc__POCC_02_H0C1__Hf32_Mo32_Ta32_Ti32_Zr32_n160,bcc,POCC_02_H0C1,0.0,2.723062923444175,2.889567313061879,0.8519585246994787
DPA3,fcc_to_bcc,pure_pocc_aimd,POCC__bcc__POCC_03_H0C2__Hf32_Mo32_Ta32_Ti32_Zr32_n160,bcc,POCC_03_H0C2,0.0,2.6345663410070923,2.7458374200125464,4.8038591940312925
DPA3,fcc_to_bcc,pure_pocc_aimd,POCC__bcc__POCC_04_H0C3__Hf32_Mo32_Ta32_Ti32_Zr32_n160,bcc,POCC_04_H0C3,0.0,2.745001153547049,2.944268887566158,0.8157819560231998
DPA3,fcc_to_bcc,pure_pocc_aimd,POCC__bcc__POCC_05_H0C4__Hf32_Mo32_Ta32_Ti32_Zr32_n160,bcc,POCC_05_H0C4,0.0,2.5182880586008327,2.567116359931515,0.1169545897694958
DPA3,fcc_to_bcc,pure_pocc_aimd,POCC__bcc__POCC_06_H0C5__Hf32_Mo32_Ta32_Ti32_Zr32_n160,bcc,POCC_06_H0C5,0.0,2.5739159963308564,2.6361808615519893,0.724274856063557
DPA3,fcc_to_bcc,pure_pocc_aimd,POCC__bcc__POCC_07_H0C6__Hf32_Mo32_Ta32_Ti32_Zr32_n160,bcc,POCC_07_H0C6,0.0,2.9955030992126623,3.1000669867580632,8.385204895584272
DPA3,fcc_to_bcc,pure_pocc_aimd,POCC__bcc__POCC_08_H0C7__Hf32_Mo32_Ta32_Ti32_Zr32_n160,bcc,POCC_08_H0C7,0.0,2.7613247873704445,2.931758779400797,0.797409061312825
DPA3,fcc_to_bcc,pure_pocc_aimd,POCC__bcc__POCC_09_H0C8__Hf32_Mo32_Ta32_Ti32_Zr32_n160,bcc,POCC_09_H0C8,0.0,2.702376017985972,2.866631378408027,3.737267972252613
DPA3,fcc_to_bcc,pure_pocc_aimd,POCC__bcc__POCC_10_H0C10__Hf32_Mo32_Ta32_Ti32_Zr32_n160,bcc,POCC_10_H0C10,0.0,2.835831865205376,3.054230071894428,4.227817779478462
DPA3,fcc_to_bcc,pure_pocc_aimd,POCC__bcc__POCC_11_H0C12__Hf32_Mo32_Ta32_Ti32_Zr32_n160,bcc,POCC_11_H0C12,0.0,2.9286800399014856,3.086382362739239,5.949733697079318
DPA3,fcc_to_bcc,pure_pocc_aimd,POCC__bcc__POCC_12_H0C14__Hf32_Mo32_Ta32_Ti32_Zr32_n160,bcc,POCC_12_H0C14,0.0,2.808929430868067,2.971621150755668,1.0053775286149775
DPA3,fcc_to_bcc,pure_pocc_aimd,POCC__bcc__POCC_13_H1C0__Hf20_Mo20_Ta20_Ti20_Zr20_n100,bcc,POCC_13_H1C0,1.0,1.269128227100044,1.5662897847569024,0.2176691842509669
DPA3,fcc_to_bcc,pure_pocc_aimd,POCC__bcc__POCC_14_H1C1__Hf20_Mo20_Ta20_Ti20_Zr20_n100,bcc,POCC_14_H1C1,1.0,1.278680221819857,1.5364662551763084,0.2165765888192729
DPA3,fcc_to_bcc,pure_pocc_aimd,POCC__bcc__POCC_15_H1C2__Hf20_Mo20_Ta20_Ti20_Zr20_n100,bcc,POCC_15_H1C2,1.0,1.2883521046167812,1.563226207706344,0.2422555824835695
DPA3,fcc_to_bcc,pure_pocc_aimd,POCC__bcc__POCC_16_H1C3__Hf20_Mo20_Ta20_Ti20_Zr20_n100,bcc,POCC_16_H1C3,1.0,1.2730864034795004,1.514467381003521,0.243716852646703
DPA3,fcc_to_bcc,pure_pocc_aimd,POCC__bcc__POCC_17_H1C4__Hf20_Mo20_Ta20_Ti20_Zr20_n100,bcc,POCC_17_H1C4,1.0,1.1928642510968577,1.4241527190130534,0.2119387110621434
DPA3,fcc_to_bcc,pure_pocc_aimd,POCC__bcc__POCC_18_H1C5__Hf20_Mo20_Ta20_Ti20_Zr20_n100,bcc,POCC_18_H1C5,1.0,1.0130763032910366,1.2811613638668906,0.2051032578347615
DPA3,fcc_to_bcc,pure_pocc_aimd,POCC__bcc__POCC_19_H1C6__Hf20_Mo20_Ta20_Ti20_Zr20_n100,bcc,POCC_19_H1C6,1.0,1.2168157933826405,1.4829526609009749,0.2194958752835057
DPA3,fcc_to_bcc,pure_pocc_aimd,POCC__bcc__POCC_20_H1C7__Hf20_Mo20_Ta20_Ti20_Zr20_n100,bcc,POCC_20_H1C7,1.0,1.3660795235043182,1.610899963731247,0.205505406357729
DPA3,fcc_to_bcc,pure_pocc_aimd,POCC__bcc__POCC_21_H1C8__Hf20_Mo20_Ta20_Ti20_Zr20_n100,bcc,POCC_21_H1C8,1.0,1.3324618806478763,1.5738205343336829,0.2286596162846391
DPA3,fcc_to_bcc,pure_pocc_aimd,POCC__bcc__POCC_22_H1C10__Hf20_Mo20_Ta20_Ti20_Zr20_n100,bcc,POCC_22_H1C10,1.0,1.3392863460105562,1.5683726508387434,0.2271366766964499
DPA3,fcc_to_bcc,pure_pocc_aimd,POCC__bcc__POCC_23_H1C12__Hf20_Mo20_Ta20_Ti20_Zr20_n100,bcc,POCC_23_H1C12,1.0,1.2830056362647912,1.5533297161280806,0.2139938168504785
DPA3,fcc_to_bcc,pure_pocc_aimd,POCC__bcc__POCC_24_H1C14__Hf20_Mo20_Ta20_Ti20_Zr20_n100,bcc,POCC_24_H1C14,1.0,1.4242081807237934,1.637841473041285,0.2082041965815838
DPA3,fcc_to_bcc,pure_pocc_aimd,POCC__bcc__POCC_25_H2C0__Hf27_Mo27_Ta27_Ti27_Zr27_n135,bcc,POCC_25_H2C0,2.0,0.0181476384705845,0.0310745493241004,0.0680896474453624
DPA3,fcc_to_bcc,pure_pocc_aimd,POCC__bcc__POCC_33_H2C8__Hf27_Mo27_Ta27_Ti27_Zr27_n135,bcc,POCC_33_H2C8,2.0,2.634371308566012,3.262378132459617,0.1725252305990487
DPA3,fcc_to_bcc,pure_pocc_aimd,POCC__bcc__POCC_34_H2C10__Hf27_Mo27_Ta27_Ti27_Zr27_n135,bcc,POCC_34_H2C10,2.0,2.399438067531201,2.9025653857207976,0.1541119404372733
DPA3,fcc_to_bcc,pure_pocc_aimd,POCC__bcc__POCC_35_H2C12__Hf27_Mo27_Ta27_Ti27_Zr27_n135,bcc,POCC_35_H2C12,2.0,2.3383887514136763,3.044192817271653,0.1953966944472198
DPA3,fcc_to_bcc,pure_pocc_aimd,POCC__bcc__POCC_36_H2C14__Hf27_Mo27_Ta27_Ti27_Zr27_n135,bcc,POCC_36_H2C14,2.0,2.32146955381965,3.019808939948742,0.1751433164665539
DPA3,fcc_to_bcc,pure_pocc_aimd,POCC__bcc__POCC_37_H3C0__Hf27_Mo27_Ta27_Ti27_Zr27_n135,bcc,POCC_37_H3C0,3.0,0.8762346095990319,1.131033879879904,0.0954527075861625
DPA3,fcc_to_bcc,pure_pocc_aimd,POCC__bcc__POCC_38_H4C0__Hf27_Mo27_Ta27_Ti27_Zr27_n135,bcc,POCC_38_H4C0,4.0,1.933009155323147,2.2664878935390917,0.1431360938870741
DPA3,fcc_to_bcc,pure_pocc_aimd,POCC__bcc__POCC_39_H4C1__Hf27_Mo27_Ta27_Ti27_Zr27_n135,bcc,POCC_39_H4C1,4.0,1.902844060298973,2.238258006737812,0.1399445680029092
DPA3,fcc_to_bcc,pure_pocc_aimd,POCC__bcc__POCC_40_H4C2__Hf27_Mo27_Ta27_Ti27_Zr27_n135,bcc,POCC_40_H4C2,4.0,1.9543254355126092,2.303351225443593,0.1463938910667575
DPA3,fcc_to_bcc,pure_pocc_aimd,POCC__bcc__POCC_41_H4C3__Hf27_Mo27_Ta27_Ti27_Zr27_n135,bcc,POCC_41_H4C3,4.0,1.9039019629387868,2.2449369303874183,0.123363951237615
DPA3,fcc_to_bcc,pure_pocc_aimd,POCC__bcc__POCC_42_H4C4__Hf27_Mo27_Ta27_Ti27_Zr27_n135,bcc,POCC_42_H4C4,4.0,1.880150599800611,2.2081780559616244,0.1558917685074685
DPA3,fcc_to_bcc,pure_pocc_aimd,POCC__bcc__POCC_43_H4C5__Hf27_Mo27_Ta27_Ti27_Zr27_n135,bcc,POCC_43_H4C5,4.0,1.8962305024564925,2.2448050042479544,0.1709673716405237
DPA3,fcc_to_bcc,pure_pocc_aimd,POCC__bcc__POCC_44_H4C6__Hf27_Mo27_Ta27_Ti27_Zr27_n135,bcc,POCC_44_H4C6,4.0,1.896232112525006,2.277978319028013,0.1439445034635645
DPA3,fcc_to_bcc,pure_pocc_aimd,POCC__bcc__POCC_45_H4C7__Hf27_Mo27_Ta27_Ti27_Zr27_n135,bcc,POCC_45_H4C7,4.0,1.912974483597092,2.320082111051818,0.1477275636687879
DPA3,fcc_to_bcc,pure_pocc_aimd,POCC__bcc__POCC_46_H4C8__Hf27_Mo27_Ta27_Ti27_Zr27_n135,bcc,POCC_46_H4C8,4.0,1.6599298519036665,1.9707941331099847,0.1461252562089519
DPA3,fcc_to_bcc,pure_pocc_aimd,POCC__bcc__POCC_47_H4C10__Hf27_Mo27_Ta27_Ti27_Zr27_n135,bcc,POCC_47_H4C10,4.0,0.9799860504020426,1.280601170803057,0.1067575812005167
DPA3,fcc_to_bcc,pure_pocc_aimd,POCC__bcc__POCC_48_H4C12__Hf27_Mo27_Ta27_Ti27_Zr27_n135,bcc,POCC_48_H4C12,4.0,1.8687360417736896,2.265640697289356,0.1556351215819705
DPA3,fcc_to_bcc,pure_pocc_aimd,POCC__bcc__POCC_49_H4C14__Hf27_Mo27_Ta27_Ti27_Zr27_n135,bcc,POCC_49_H4C14,4.0,1.9438993959317776,2.331941767300241,0.151812766781884
DPA3,bcc_to_fcc,pure,POCC__fcc__POCC_01_H0C0__Hf27_Mo27_Ta27_Ti27_Zr27_n135,fcc,POCC_01_H0C0,0.0,3.797831784744021,4.672861586586735,0.4467478441863267
DPA3,bcc_to_fcc,pure,POCC__fcc__POCC_02_H0C1__Hf27_Mo27_Ta27_Ti27_Zr27_n135,fcc,POCC_02_H0C1,0.0,3.613411109470228,4.562524681919352,0.433064049923954
DPA3,bcc_to_fcc,pure,POCC__fcc__POCC_03_H0C2__Hf27_Mo27_Ta27_Ti27_Zr27_n135,fcc,POCC_03_H0C2,0.0,3.68521101986824,4.611953877525076,0.5344315241425251
DPA3,bcc_to_fcc,pure,POCC__fcc__POCC_04_H0C3__Hf27_Mo27_Ta27_Ti27_Zr27_n135,fcc,POCC_04_H0C3,0.0,3.656619899373652,4.722032578300243,0.4413853441232914
DPA3,bcc_to_fcc,pure,POCC__fcc__POCC_05_H0C4__Hf27_Mo27_Ta27_Ti27_Zr27_n135,fcc,POCC_05_H0C4,0.0,3.750967687948602,4.657711076528761,0.466811541608059
DPA3,bcc_to_fcc,pure,POCC__fcc__POCC_06_H0C5__Hf27_Mo27_Ta27_Ti27_Zr27_n135,fcc,POCC_06_H0C5,0.0,3.753433696195695,4.653618955924285,0.4370608395285671
DPA3,bcc_to_fcc,pure,POCC__fcc__POCC_07_H0C6__Hf27_Mo27_Ta27_Ti27_Zr27_n135,fcc,POCC_07_H0C6,0.0,3.686280272313149,4.841096137742984,0.5979126199412363
DPA3,bcc_to_fcc,pure,POCC__fcc__POCC_08_H0C7__Hf27_Mo27_Ta27_Ti27_Zr27_n135,fcc,POCC_08_H0C7,0.0,4.460461985632337,5.102148235051216,0.4768251326388017
DPA3,bcc_to_fcc,pure,POCC__fcc__POCC_09_H0C8__Hf27_Mo27_Ta27_Ti27_Zr27_n135,fcc,POCC_09_H0C8,0.0,3.9364383302166073,4.975944833256107,0.4402331469938825
DPA3,bcc_to_fcc,pure,POCC__fcc__POCC_10_H0C10__Hf27_Mo27_Ta27_Ti27_Zr27_n135,fcc,POCC_10_H0C10,0.0,3.861582018914048,4.891736834979735,0.4880966551357881
DPA3,bcc_to_fcc,pure,POCC__fcc__POCC_11_H0C12__Hf27_Mo27_Ta27_Ti27_Zr27_n135,fcc,POCC_11_H0C12,0.0,3.9207517692476896,4.893479970840791,0.5677785707482705
DPA3,bcc_to_fcc,pure,POCC__fcc__POCC_12_H0C14__Hf27_Mo27_Ta27_Ti27_Zr27_n135,fcc,POCC_12_H0C14,0.0,3.902761963012279,4.725307926784343,0.4796992938091132
DPA3,bcc_to_fcc,pure,POCC__fcc__POCC_13_H1C0__Hf27_Mo27_Ta27_Ti27_Zr27_n135,fcc,POCC_13_H1C0,1.0,4.591236371043089,5.354863382180429,0.3814595813127927
DPA3,bcc_to_fcc,pure,POCC__fcc__POCC_14_H1C1__Hf27_Mo27_Ta27_Ti27_Zr27_n135,fcc,POCC_14_H1C1,1.0,4.637904564793718,5.088275176610474,0.3427844060088587
DPA3,bcc_to_fcc,pure,POCC__fcc__POCC_15_H1C2__Hf27_Mo27_Ta27_Ti27_Zr27_n135,fcc,POCC_15_H1C2,1.0,4.590176213213372,5.259211945740711,0.3517462578453998
DPA3,bcc_to_fcc,pure,POCC__fcc__POCC_16_H1C3__Hf27_Mo27_Ta27_Ti27_Zr27_n135,fcc,POCC_16_H1C3,1.0,4.635574208776912,5.212251416530985,0.3485212944162904
DPA3,bcc_to_fcc,pure,POCC__fcc__POCC_17_H1C4__Hf27_Mo27_Ta27_Ti27_Zr27_n135,fcc,POCC_17_H1C4,1.0,4.888774620120708,5.736873297799953,0.4242195697618075
DPA3,bcc_to_fcc,pure,POCC__fcc__POCC_18_H1C5__Hf27_Mo27_Ta27_Ti27_Zr27_n135,fcc,POCC_18_H1C5,1.0,4.898780688729807,5.701684425827335,0.4574350415376579
DPA3,bcc_to_fcc,pure,POCC__fcc__POCC_19_H1C6__Hf27_Mo27_Ta27_Ti27_Zr27_n135,fcc,POCC_19_H1C6,1.0,4.644509765763365,5.225340978720215,0.3322759305532948
DPA3,bcc_to_fcc,pure,POCC__fcc__POCC_20_H1C7__Hf27_Mo27_Ta27_Ti27_Zr27_n135,fcc,POCC_20_H1C7,1.0,4.696960908069379,5.328937528295836,0.3355871840258967
DPA3,bcc_to_fcc,pure,POCC__fcc__POCC_21_H1C8__Hf27_Mo27_Ta27_Ti27_Zr27_n135,fcc,POCC_21_H1C8,1.0,4.632958616969924,5.411047715475195,0.3204128935083825
DPA3,bcc_to_fcc,pure,POCC__fcc__POCC_22_H1C10__Hf27_Mo27_Ta27_Ti27_Zr27_n135,fcc,POCC_22_H1C10,1.0,4.672065832014681,5.363733904156967,0.3159892989153032
DPA3,bcc_to_fcc,pure,POCC__fcc__POCC_23_H1C12__Hf27_Mo27_Ta27_Ti27_Zr27_n135,fcc,POCC_23_H1C12,1.0,4.63962121576174,5.420913027902722,0.3165574022733595
DPA3,bcc_to_fcc,pure,POCC__fcc__POCC_24_H1C14__Hf27_Mo27_Ta27_Ti27_Zr27_n135,fcc,POCC_24_H1C14,1.0,4.7379404198303225,5.378668354473087,0.3373067556300658
DPA3,bcc_to_fcc,pure,POCC__fcc__POCC_25_H2C0__Hf18_Mo18_Ta18_Ti18_Zr18_n90,fcc,POCC_25_H2C0,2.0,4.925002121311918,5.312730836849145,0.4810755274287187
DPA3,bcc_to_fcc,pure,POCC__fcc__POCC_26_H2C1__Hf18_Mo18_Ta18_Ti18_Zr18_n90,fcc,POCC_26_H2C1,2.0,4.913785815971577,5.303828949382442,0.4808355573327811
DPA3,bcc_to_fcc,pure,POCC__fcc__POCC_27_H2C2__Hf18_Mo18_Ta18_Ti18_Zr18_n90,fcc,POCC_27_H2C2,2.0,4.957881753754508,5.30643471365946,0.4643529167964662
DPA3,bcc_to_fcc,pure,POCC__fcc__POCC_28_H2C3__Hf18_Mo18_Ta18_Ti18_Zr18_n90,fcc,POCC_28_H2C3,2.0,4.941155028037018,5.3036544008584325,0.474505904488925
DPA3,bcc_to_fcc,pure,POCC__fcc__POCC_29_H2C4__Hf18_Mo18_Ta18_Ti18_Zr18_n90,fcc,POCC_29_H2C4,2.0,4.910908685293982,5.3025238237621055,0.4482082284788346
DPA3,bcc_to_fcc,pure,POCC__fcc__POCC_30_H2C5__Hf18_Mo18_Ta18_Ti18_Zr18_n90,fcc,POCC_30_H2C5,2.0,4.9343153342501775,5.302109851501125,0.4487616079915207
DPA3,bcc_to_fcc,pure,POCC__fcc__POCC_31_H2C6__Hf18_Mo18_Ta18_Ti18_Zr18_n90,fcc,POCC_31_H2C6,2.0,4.535763386264398,4.996207517629679,0.3802628532224432
DPA3,bcc_to_fcc,pure,POCC__fcc__POCC_32_H2C7__Hf18_Mo18_Ta18_Ti18_Zr18_n90,fcc,POCC_32_H2C7,2.0,4.942876887820386,5.310374556664931,0.4641385636818961
DPA3,bcc_to_fcc,pure,POCC__fcc__POCC_33_H2C8__Hf18_Mo18_Ta18_Ti18_Zr18_n90,fcc,POCC_33_H2C8,2.0,4.91547251399432,5.3098685424375125,0.4723806800864344
DPA3,bcc_to_fcc,pure,POCC__fcc__POCC_34_H2C10__Hf18_Mo18_Ta18_Ti18_Zr18_n90,fcc,POCC_34_H2C10,2.0,4.919434703101,5.319811696599684,0.4704810924848794
DPA3,bcc_to_fcc,pure,POCC__fcc__POCC_35_H2C12__Hf18_Mo18_Ta18_Ti18_Zr18_n90,fcc,POCC_35_H2C12,2.0,4.535583016280416,4.960171073199987,0.389413214360484
DPA3,bcc_to_fcc,pure,POCC__fcc__POCC_36_H2C14__Hf18_Mo18_Ta18_Ti18_Zr18_n90,fcc,POCC_36_H2C14,2.0,4.934715325023624,5.311291198746797,0.4878297635991807
DPA3,bcc_to_fcc,pure,POCC__fcc__POCC_37_H3C0__Hf27_Mo27_Ta27_Ti27_Zr27_n135,fcc,POCC_37_H3C0,3.0,4.838954164451376,5.460246485192805,0.366214332325925
DPA3,bcc_to_fcc,pure,POCC__fcc__POCC_38_H3C1__Hf27_Mo27_Ta27_Ti27_Zr27_n135,fcc,POCC_38_H3C1,3.0,4.744000386652012,5.410065448545575,0.3972939572038702
DPA3,bcc_to_fcc,pure,POCC__fcc__POCC_39_H3C2__Hf27_Mo27_Ta27_Ti27_Zr27_n135,fcc,POCC_39_H3C2,3.0,4.751826777137643,5.612519194878244,0.4095296579872648
DPA3,bcc_to_fcc,pure,POCC__fcc__POCC_40_H3C3__Hf27_Mo27_Ta27_Ti27_Zr27_n135,fcc,POCC_40_H3C3,3.0,4.792222834513693,5.501608828893458,0.3776640566904441
DPA3,bcc_to_fcc,pure,POCC__fcc__POCC_49_H4C0__Hf27_Mo27_Ta27_Ti27_Zr27_n135,fcc,POCC_49_H4C0,4.0,5.491299392047603,5.826887716231656,0.3594306993395714
DPA3,bcc_to_fcc,pure_pocc_seed,POCC__fcc__POCC_01_H0C0__Hf27_Mo27_Ta27_Ti27_Zr27_n135,fcc,POCC_01_H0C0,0.0,2.9547787848723623,3.204207096006521,0.7505225251202252
DPA3,bcc_to_fcc,pure_pocc_seed,POCC__fcc__POCC_02_H0C1__Hf27_Mo27_Ta27_Ti27_Zr27_n135,fcc,POCC_02_H0C1,0.0,3.00956030890246,3.4861800979995943,0.734044050724608
DPA3,bcc_to_fcc,pure_pocc_seed,POCC__fcc__POCC_03_H0C2__Hf27_Mo27_Ta27_Ti27_Zr27_n135,fcc,POCC_03_H0C2,0.0,2.894957529469599,3.417301997441135,0.6262006375448868
DPA3,bcc_to_fcc,pure_pocc_seed,POCC__fcc__POCC_04_H0C3__Hf27_Mo27_Ta27_Ti27_Zr27_n135,fcc,POCC_04_H0C3,0.0,2.8890393730533,3.8370680211978256,0.6029780406068864
DPA3,bcc_to_fcc,pure_pocc_seed,POCC__fcc__POCC_05_H0C4__Hf27_Mo27_Ta27_Ti27_Zr27_n135,fcc,POCC_05_H0C4,0.0,2.966243481945296,3.613796832072045,0.6821917811352983
DPA3,bcc_to_fcc,pure_pocc_seed,POCC__fcc__POCC_06_H0C5__Hf27_Mo27_Ta27_Ti27_Zr27_n135,fcc,POCC_06_H0C5,0.0,2.867969675769885,3.611374733681117,0.675531054348417
DPA3,bcc_to_fcc,pure_pocc_seed,POCC__fcc__POCC_07_H0C6__Hf27_Mo27_Ta27_Ti27_Zr27_n135,fcc,POCC_07_H0C6,0.0,3.02028062478212,3.6323107228601854,0.6845664804964479
DPA3,bcc_to_fcc,pure_pocc_seed,POCC__fcc__POCC_08_H0C7__Hf27_Mo27_Ta27_Ti27_Zr27_n135,fcc,POCC_08_H0C7,0.0,3.427094457151293,3.664300703043331,0.680559141627635
DPA3,bcc_to_fcc,pure_pocc_seed,POCC__fcc__POCC_09_H0C8__Hf27_Mo27_Ta27_Ti27_Zr27_n135,fcc,POCC_09_H0C8,0.0,3.169478698464788,3.4661747592382044,0.6379329887549526
DPA3,bcc_to_fcc,pure_pocc_seed,POCC__fcc__POCC_10_H0C10__Hf27_Mo27_Ta27_Ti27_Zr27_n135,fcc,POCC_10_H0C10,0.0,3.2401455248476894,3.4804840808147164,0.6463645872735458
DPA3,bcc_to_fcc,pure_pocc_seed,POCC__fcc__POCC_11_H0C12__Hf27_Mo27_Ta27_Ti27_Zr27_n135,fcc,POCC_11_H0C12,0.0,2.9301676436795057,3.1480743350004814,0.6564958989078058
DPA3,bcc_to_fcc,pure_pocc_seed,POCC__fcc__POCC_12_H0C14__Hf27_Mo27_Ta27_Ti27_Zr27_n135,fcc,POCC_12_H0C14,0.0,2.987790529007293,3.170234207519032,0.6907394782213699
DPA3,bcc_to_fcc,pure_pocc_seed,POCC__fcc__POCC_13_H1C0__Hf27_Mo27_Ta27_Ti27_Zr27_n135,fcc,POCC_13_H1C0,1.0,2.1522532827227314,3.0741780889846577,0.7027373814878163
DPA3,bcc_to_fcc,pure_pocc_seed,POCC__fcc__POCC_14_H1C1__Hf27_Mo27_Ta27_Ti27_Zr27_n135,fcc,POCC_14_H1C1,1.0,1.9211785924776992,2.839931495255809,0.6841910096933421
DPA3,bcc_to_fcc,pure_pocc_seed,POCC__fcc__POCC_15_H1C2__Hf27_Mo27_Ta27_Ti27_Zr27_n135,fcc,POCC_15_H1C2,1.0,1.973448117723984,2.8229359383143726,0.6988191626163833
DPA3,bcc_to_fcc,pure_pocc_seed,POCC__fcc__POCC_16_H1C3__Hf27_Mo27_Ta27_Ti27_Zr27_n135,fcc,POCC_16_H1C3,1.0,1.86194780225166,2.794637572025323,0.6715790424548523
DPA3,bcc_to_fcc,pure_pocc_seed,POCC__fcc__POCC_17_H1C4__Hf27_Mo27_Ta27_Ti27_Zr27_n135,fcc,POCC_17_H1C4,1.0,2.800884087183276,3.17945066157886,0.5751237994894447
DPA3,bcc_to_fcc,pure_pocc_seed,POCC__fcc__POCC_18_H1C5__Hf27_Mo27_Ta27_Ti27_Zr27_n135,fcc,POCC_18_H1C5,1.0,2.909361356700729,3.084300830872069,0.5695175150121422
DPA3,bcc_to_fcc,pure_pocc_seed,POCC__fcc__POCC_19_H1C6__Hf27_Mo27_Ta27_Ti27_Zr27_n135,fcc,POCC_19_H1C6,1.0,1.7311362200854732,2.873145294173228,0.6862661567703803
DPA3,bcc_to_fcc,pure_pocc_seed,POCC__fcc__POCC_20_H1C7__Hf27_Mo27_Ta27_Ti27_Zr27_n135,fcc,POCC_20_H1C7,1.0,2.1062420236920216,2.9823645301843413,0.6743143632837261
DPA3,bcc_to_fcc,pure_pocc_seed,POCC__fcc__POCC_21_H1C8__Hf27_Mo27_Ta27_Ti27_Zr27_n135,fcc,POCC_21_H1C8,1.0,2.096775682971808,2.984902313423192,0.6492435856500242
DPA3,bcc_to_fcc,pure_pocc_seed,POCC__fcc__POCC_22_H1C10__Hf27_Mo27_Ta27_Ti27_Zr27_n135,fcc,POCC_22_H1C10,1.0,2.083182234946628,3.009180924650979,0.6659513260468235
DPA3,bcc_to_fcc,pure_pocc_seed,POCC__fcc__POCC_23_H1C12__Hf27_Mo27_Ta27_Ti27_Zr27_n135,fcc,POCC_23_H1C12,1.0,1.853843249890791,3.0123237814088863,0.6927598881127045
DPA3,bcc_to_fcc,pure_pocc_seed,POCC__fcc__POCC_24_H1C14__Hf27_Mo27_Ta27_Ti27_Zr27_n135,fcc,POCC_24_H1C14,1.0,2.34307922577554,3.163551098928081,0.6657471593746584
DPA3,bcc_to_fcc,pure_pocc_seed,POCC__fcc__POCC_25_H2C0__Hf18_Mo18_Ta18_Ti18_Zr18_n90,fcc,POCC_25_H2C0,2.0,1.581541363287856,2.099444860538909,0.7068270647723468
DPA3,bcc_to_fcc,pure_pocc_seed,POCC__fcc__POCC_26_H2C1__Hf18_Mo18_Ta18_Ti18_Zr18_n90,fcc,POCC_26_H2C1,2.0,1.691849010222391,2.1911570474251394,0.719122409654946
DPA3,bcc_to_fcc,pure_pocc_seed,POCC__fcc__POCC_27_H2C2__Hf18_Mo18_Ta18_Ti18_Zr18_n90,fcc,POCC_27_H2C2,2.0,1.8085809014165757,2.280941225920393,0.7034553081702546
DPA3,bcc_to_fcc,pure_pocc_seed,POCC__fcc__POCC_28_H2C3__Hf18_Mo18_Ta18_Ti18_Zr18_n90,fcc,POCC_28_H2C3,2.0,1.701716863808337,2.146350179876987,0.704518707900353
DPA3,bcc_to_fcc,pure_pocc_seed,POCC__fcc__POCC_29_H2C4__Hf18_Mo18_Ta18_Ti18_Zr18_n90,fcc,POCC_29_H2C4,2.0,1.8493996274191955,2.255725512559796,0.7014624313602386
DPA3,bcc_to_fcc,pure_pocc_seed,POCC__fcc__POCC_30_H2C5__Hf18_Mo18_Ta18_Ti18_Zr18_n90,fcc,POCC_30_H2C5,2.0,1.8316162615947065,2.2892527375567737,0.7102240119581874
DPA3,bcc_to_fcc,pure_pocc_seed,POCC__fcc__POCC_31_H2C6__Hf18_Mo18_Ta18_Ti18_Zr18_n90,fcc,POCC_31_H2C6,2.0,1.9141184106174367,2.3626666430512486,0.7254456979166977
DPA3,bcc_to_fcc,pure_pocc_seed,POCC__fcc__POCC_32_H2C7__Hf18_Mo18_Ta18_Ti18_Zr18_n90,fcc,POCC_32_H2C7,2.0,1.7892552736416285,2.237816030076862,0.7151074344959187
DPA3,bcc_to_fcc,pure_pocc_seed,POCC__fcc__POCC_33_H2C8__Hf18_Mo18_Ta18_Ti18_Zr18_n90,fcc,POCC_33_H2C8,2.0,1.6865543180308464,2.2006770926953427,0.6888523199986406
DPA3,bcc_to_fcc,pure_pocc_seed,POCC__fcc__POCC_34_H2C10__Hf18_Mo18_Ta18_Ti18_Zr18_n90,fcc,POCC_34_H2C10,2.0,1.5364573226239902,2.0544021284778813,0.7029013952679805
DPA3,bcc_to_fcc,pure_pocc_seed,POCC__fcc__POCC_35_H2C12__Hf18_Mo18_Ta18_Ti18_Zr18_n90,fcc,POCC_35_H2C12,2.0,1.860904855360909,2.335358412473545,0.718264036367044
DPA3,bcc_to_fcc,pure_pocc_seed,POCC__fcc__POCC_36_H2C14__Hf18_Mo18_Ta18_Ti18_Zr18_n90,fcc,POCC_36_H2C14,2.0,1.7944086533840051,2.212087474661557,0.7153667228203667
DPA3,bcc_to_fcc,pure_pocc_seed,POCC__fcc__POCC_37_H3C0__Hf27_Mo27_Ta27_Ti27_Zr27_n135,fcc,POCC_37_H3C0,3.0,1.5615438148586884,2.303905252690595,0.644448645828777
DPA3,bcc_to_fcc,pure_pocc_seed,POCC__fcc__POCC_38_H3C1__Hf27_Mo27_Ta27_Ti27_Zr27_n135,fcc,POCC_38_H3C1,3.0,2.537710235392911,2.998389359567704,0.6327299165276683
DPA3,bcc_to_fcc,pure_pocc_seed,POCC__fcc__POCC_39_H3C2__Hf27_Mo27_Ta27_Ti27_Zr27_n135,fcc,POCC_39_H3C2,3.0,2.3866388473266804,3.2292028229190284,0.5295678596690414
DPA3,bcc_to_fcc,pure_pocc_seed,POCC__fcc__POCC_40_H3C3__Hf27_Mo27_Ta27_Ti27_Zr27_n135,fcc,POCC_40_H3C3,3.0,2.9145381323519723,3.2521387264329604,0.5878157245753588
DPA3,bcc_to_fcc,pure_pocc_seed,POCC__fcc__POCC_49_H4C0__Hf27_Mo27_Ta27_Ti27_Zr27_n135,fcc,POCC_49_H4C0,4.0,1.5875789097831183,2.252319369397029,0.6371530674086341
DPA3,bcc_to_fcc,pure_pocc_aimd,POCC__fcc__POCC_01_H0C0__Hf27_Mo27_Ta27_Ti27_Zr27_n135,fcc,POCC_01_H0C0,0.0,2.525342638399991,2.9955977890411245,1.0931884385469606
DPA3,bcc_to_fcc,pure_pocc_aimd,POCC__fcc__POCC_02_H0C1__Hf27_Mo27_Ta27_Ti27_Zr27_n135,fcc,POCC_02_H0C1,0.0,2.545131939350971,3.204848431632029,0.6356794668425971
DPA3,bcc_to_fcc,pure_pocc_aimd,POCC__fcc__POCC_03_H0C2__Hf27_Mo27_Ta27_Ti27_Zr27_n135,fcc,POCC_03_H0C2,0.0,2.528001369173995,3.3904686736027334,0.4781113756573281
DPA3,bcc_to_fcc,pure_pocc_aimd,POCC__fcc__POCC_04_H0C3__Hf27_Mo27_Ta27_Ti27_Zr27_n135,fcc,POCC_04_H0C3,0.0,2.440475234257266,3.3170487299606446,0.336773588442371
DPA3,bcc_to_fcc,pure_pocc_aimd,POCC__fcc__POCC_05_H0C4__Hf27_Mo27_Ta27_Ti27_Zr27_n135,fcc,POCC_05_H0C4,0.0,2.467071733149263,3.350738066073505,0.5572796502084546
DPA3,bcc_to_fcc,pure_pocc_aimd,POCC__fcc__POCC_06_H0C5__Hf27_Mo27_Ta27_Ti27_Zr27_n135,fcc,POCC_06_H0C5,0.0,2.36909997336356,3.318950402796052,0.6335836834455094
DPA3,bcc_to_fcc,pure_pocc_aimd,POCC__fcc__POCC_07_H0C6__Hf27_Mo27_Ta27_Ti27_Zr27_n135,fcc,POCC_07_H0C6,0.0,2.4767752824595,3.3992678201374296,0.7057388628581526
DPA3,bcc_to_fcc,pure_pocc_aimd,POCC__fcc__POCC_08_H0C7__Hf27_Mo27_Ta27_Ti27_Zr27_n135,fcc,POCC_08_H0C7,0.0,3.170947396634692,3.4359239569690687,0.4878571556112491
DPA3,bcc_to_fcc,pure_pocc_aimd,POCC__fcc__POCC_09_H0C8__Hf27_Mo27_Ta27_Ti27_Zr27_n135,fcc,POCC_09_H0C8,0.0,2.5915960068979604,3.2570438179102164,0.4323535879771222
DPA3,bcc_to_fcc,pure_pocc_aimd,POCC__fcc__POCC_10_H0C10__Hf27_Mo27_Ta27_Ti27_Zr27_n135,fcc,POCC_10_H0C10,0.0,2.6840736784742827,3.1221427685043244,0.3160083052018678
DPA3,bcc_to_fcc,pure_pocc_aimd,POCC__fcc__POCC_11_H0C12__Hf27_Mo27_Ta27_Ti27_Zr27_n135,fcc,POCC_11_H0C12,0.0,2.3943778237443336,2.780337779494124,0.5816361039445949
DPA3,bcc_to_fcc,pure_pocc_aimd,POCC__fcc__POCC_12_H0C14__Hf27_Mo27_Ta27_Ti27_Zr27_n135,fcc,POCC_12_H0C14,0.0,2.368393262781358,2.996787299158997,0.7832629918919809
DPA3,bcc_to_fcc,pure_pocc_aimd,POCC__fcc__POCC_13_H1C0__Hf27_Mo27_Ta27_Ti27_Zr27_n135,fcc,POCC_13_H1C0,1.0,1.363531342826123,2.256776683147023,0.2467271132661139
DPA3,bcc_to_fcc,pure_pocc_aimd,POCC__fcc__POCC_14_H1C1__Hf27_Mo27_Ta27_Ti27_Zr27_n135,fcc,POCC_14_H1C1,1.0,1.184112274202077,1.9603285014360452,0.2211948758453367
DPA3,bcc_to_fcc,pure_pocc_aimd,POCC__fcc__POCC_15_H1C2__Hf27_Mo27_Ta27_Ti27_Zr27_n135,fcc,POCC_15_H1C2,1.0,1.2447037993510397,1.8557124975424064,0.251056843314259
DPA3,bcc_to_fcc,pure_pocc_aimd,POCC__fcc__POCC_16_H1C3__Hf27_Mo27_Ta27_Ti27_Zr27_n135,fcc,POCC_16_H1C3,1.0,1.1180780381992206,1.78577483480186,0.2303418749219621
DPA3,bcc_to_fcc,pure_pocc_aimd,POCC__fcc__POCC_17_H1C4__Hf27_Mo27_Ta27_Ti27_Zr27_n135,fcc,POCC_17_H1C4,1.0,2.177075642375777,2.958730428701647,0.1881772403413482
DPA3,bcc_to_fcc,pure_pocc_aimd,POCC__fcc__POCC_18_H1C5__Hf27_Mo27_Ta27_Ti27_Zr27_n135,fcc,POCC_18_H1C5,1.0,2.462868892216433,3.0163057998105227,0.1982750135664938
DPA3,bcc_to_fcc,pure_pocc_aimd,POCC__fcc__POCC_19_H1C6__Hf27_Mo27_Ta27_Ti27_Zr27_n135,fcc,POCC_19_H1C6,1.0,1.1689107787422763,1.8314962669384105,0.2146611528026991
DPA3,bcc_to_fcc,pure_pocc_aimd,POCC__fcc__POCC_20_H1C7__Hf27_Mo27_Ta27_Ti27_Zr27_n135,fcc,POCC_20_H1C7,1.0,1.2858394856698738,1.920954508275389,0.2178795225433779
DPA3,bcc_to_fcc,pure_pocc_aimd,POCC__fcc__POCC_21_H1C8__Hf27_Mo27_Ta27_Ti27_Zr27_n135,fcc,POCC_21_H1C8,1.0,1.312597975770036,2.0582289250555066,0.2222397673614326
DPA3,bcc_to_fcc,pure_pocc_aimd,POCC__fcc__POCC_22_H1C10__Hf27_Mo27_Ta27_Ti27_Zr27_n135,fcc,POCC_22_H1C10,1.0,1.2900922303110396,2.001928740258058,0.2102911409888506
DPA3,bcc_to_fcc,pure_pocc_aimd,POCC__fcc__POCC_23_H1C12__Hf27_Mo27_Ta27_Ti27_Zr27_n135,fcc,POCC_23_H1C12,1.0,1.23647037369805,2.081467516491815,0.2315935481463755
DPA3,bcc_to_fcc,pure_pocc_aimd,POCC__fcc__POCC_24_H1C14__Hf27_Mo27_Ta27_Ti27_Zr27_n135,fcc,POCC_24_H1C14,1.0,1.4315958836390463,2.203985285563593,0.2369794481877155
DPA3,bcc_to_fcc,pure_pocc_aimd,POCC__fcc__POCC_25_H2C0__Hf18_Mo18_Ta18_Ti18_Zr18_n90,fcc,POCC_25_H2C0,2.0,1.1128657734783856,1.4053560267899543,0.1336446809333837
DPA3,bcc_to_fcc,pure_pocc_aimd,POCC__fcc__POCC_26_H2C1__Hf18_Mo18_Ta18_Ti18_Zr18_n90,fcc,POCC_26_H2C1,2.0,1.1917929618132603,1.4735415062351152,0.1550797395671627
DPA3,bcc_to_fcc,pure_pocc_aimd,POCC__fcc__POCC_27_H2C2__Hf18_Mo18_Ta18_Ti18_Zr18_n90,fcc,POCC_27_H2C2,2.0,1.308714533122933,1.5895106530667298,0.1543419311512839
DPA3,bcc_to_fcc,pure_pocc_aimd,POCC__fcc__POCC_28_H2C3__Hf18_Mo18_Ta18_Ti18_Zr18_n90,fcc,POCC_28_H2C3,2.0,1.252983109032168,1.4749176235731642,0.1397922329931109
DPA3,bcc_to_fcc,pure_pocc_aimd,POCC__fcc__POCC_29_H2C4__Hf18_Mo18_Ta18_Ti18_Zr18_n90,fcc,POCC_29_H2C4,2.0,1.333404492484166,1.590579295306171,0.1425067453624818
DPA3,bcc_to_fcc,pure_pocc_aimd,POCC__fcc__POCC_30_H2C5__Hf18_Mo18_Ta18_Ti18_Zr18_n90,fcc,POCC_30_H2C5,2.0,1.3538464784871378,1.597093711157133,0.1530233443871332
DPA3,bcc_to_fcc,pure_pocc_aimd,POCC__fcc__POCC_31_H2C6__Hf18_Mo18_Ta18_Ti18_Zr18_n90,fcc,POCC_31_H2C6,2.0,1.1846885314524371,1.5611843135437218,0.2191738119240584
DPA3,bcc_to_fcc,pure_pocc_aimd,POCC__fcc__POCC_32_H2C7__Hf18_Mo18_Ta18_Ti18_Zr18_n90,fcc,POCC_32_H2C7,2.0,1.3024747311255072,1.5319644220957211,0.1531642512819835
DPA3,bcc_to_fcc,pure_pocc_aimd,POCC__fcc__POCC_33_H2C8__Hf18_Mo18_Ta18_Ti18_Zr18_n90,fcc,POCC_33_H2C8,2.0,1.2057738332388537,1.4868285019343963,0.1510933785066918
DPA3,bcc_to_fcc,pure_pocc_aimd,POCC__fcc__POCC_34_H2C10__Hf18_Mo18_Ta18_Ti18_Zr18_n90,fcc,POCC_34_H2C10,2.0,1.1173276376354773,1.3934495139717769,0.128305317153601
DPA3,bcc_to_fcc,pure_pocc_aimd,POCC__fcc__POCC_35_H2C12__Hf18_Mo18_Ta18_Ti18_Zr18_n90,fcc,POCC_35_H2C12,2.0,1.2706548994764784,1.6403937261746904,0.2282815132010223
DPA3,bcc_to_fcc,pure_pocc_aimd,POCC__fcc__POCC_36_H2C14__Hf18_Mo18_Ta18_Ti18_Zr18_n90,fcc,POCC_36_H2C14,2.0,1.3059570482126577,1.53462528623517,0.1438137718152947
DPA3,bcc_to_fcc,pure_pocc_aimd,POCC__fcc__POCC_37_H3C0__Hf27_Mo27_Ta27_Ti27_Zr27_n135,fcc,POCC_37_H3C0,3.0,1.429274341368354,2.0020653747182604,0.1464814839797625
DPA3,bcc_to_fcc,pure_pocc_aimd,POCC__fcc__POCC_38_H3C1__Hf27_Mo27_Ta27_Ti27_Zr27_n135,fcc,POCC_38_H3C1,3.0,1.894425459390271,2.380231324515837,0.1976289833907939
DPA3,bcc_to_fcc,pure_pocc_aimd,POCC__fcc__POCC_39_H3C2__Hf27_Mo27_Ta27_Ti27_Zr27_n135,fcc,POCC_39_H3C2,3.0,2.022911974864259,2.680375875991876,0.1783644904582698
DPA3,bcc_to_fcc,pure_pocc_aimd,POCC__fcc__POCC_40_H3C3__Hf27_Mo27_Ta27_Ti27_Zr27_n135,fcc,POCC_40_H3C3,3.0,2.2371958200547035,2.908154381839396,0.2105236852259604
DPA3,bcc_to_fcc,pure_pocc_aimd,POCC__fcc__POCC_49_H4C0__Hf27_Mo27_Ta27_Ti27_Zr27_n135,fcc,POCC_49_H4C0,4.0,0.9636867850613507,1.269813730301124,0.0943513295075975
DPA4,fcc_to_bcc,pure,POCC__bcc__POCC_01_H0C0__Hf32_Mo32_Ta32_Ti32_Zr32_n160,bcc,POCC_01_H0C0,0.0,3.768064438661612,4.386272633123618,1.583602508060314
DPA4,fcc_to_bcc,pure,POCC__bcc__POCC_02_H0C1__Hf32_Mo32_Ta32_Ti32_Zr32_n160,bcc,POCC_02_H0C1,0.0,3.7020767236977914,4.419022728765397,1.2771878900761766
DPA4,fcc_to_bcc,pure,POCC__bcc__POCC_03_H0C2__Hf32_Mo32_Ta32_Ti32_Zr32_n160,bcc,POCC_03_H0C2,0.0,3.694110039599657,4.402514982611727,5.00020957670985
DPA4,fcc_to_bcc,pure,POCC__bcc__POCC_04_H0C3__Hf32_Mo32_Ta32_Ti32_Zr32_n160,bcc,POCC_04_H0C3,0.0,3.560535818176704,4.45235787641367,3.462460134432757
DPA4,fcc_to_bcc,pure,POCC__bcc__POCC_05_H0C4__Hf32_Mo32_Ta32_Ti32_Zr32_n160,bcc,POCC_05_H0C4,0.0,3.706039443735964,4.300724054710563,0.4776384679494494
DPA4,fcc_to_bcc,pure,POCC__bcc__POCC_06_H0C5__Hf32_Mo32_Ta32_Ti32_Zr32_n160,bcc,POCC_06_H0C5,0.0,3.722535757599767,4.299356534238391,7.365836411738296
DPA4,fcc_to_bcc,pure,POCC__bcc__POCC_07_H0C6__Hf32_Mo32_Ta32_Ti32_Zr32_n160,bcc,POCC_07_H0C6,0.0,3.651528507323513,4.453110697224573,2.317030107028472
DPA4,fcc_to_bcc,pure,POCC__bcc__POCC_08_H0C7__Hf32_Mo32_Ta32_Ti32_Zr32_n160,bcc,POCC_08_H0C7,0.0,3.6387879886336334,4.283919363563667,2.33328397594771
DPA4,fcc_to_bcc,pure,POCC__bcc__POCC_09_H0C8__Hf32_Mo32_Ta32_Ti32_Zr32_n160,bcc,POCC_09_H0C8,0.0,3.699821302448133,4.379530019145363,8.243436136686721
DPA4,fcc_to_bcc,pure,POCC__bcc__POCC_10_H0C10__Hf32_Mo32_Ta32_Ti32_Zr32_n160,bcc,POCC_10_H0C10,0.0,3.50165458128283,4.452349135698739,1.9277922821193485
DPA4,fcc_to_bcc,pure,POCC__bcc__POCC_11_H0C12__Hf32_Mo32_Ta32_Ti32_Zr32_n160,bcc,POCC_11_H0C12,0.0,3.657794283941296,4.480086196485056,0.7126845967721299
DPA4,fcc_to_bcc,pure,POCC__bcc__POCC_12_H0C14__Hf32_Mo32_Ta32_Ti32_Zr32_n160,bcc,POCC_12_H0C14,0.0,3.773485589645493,4.380392638619859,5.6297724440416745
DPA4,fcc_to_bcc,pure,POCC__bcc__POCC_13_H1C0__Hf20_Mo20_Ta20_Ti20_Zr20_n100,bcc,POCC_13_H1C0,1.0,4.614244489334372,5.019405776311129,0.5011052369882735
DPA4,fcc_to_bcc,pure,POCC__bcc__POCC_14_H1C1__Hf20_Mo20_Ta20_Ti20_Zr20_n100,bcc,POCC_14_H1C1,1.0,4.5828648690984615,5.001986529329056,0.442647802001627
DPA4,fcc_to_bcc,pure,POCC__bcc__POCC_15_H1C2__Hf20_Mo20_Ta20_Ti20_Zr20_n100,bcc,POCC_15_H1C2,1.0,4.536847796753316,5.014348380565118,0.4971118867038036
DPA4,fcc_to_bcc,pure,POCC__bcc__POCC_16_H1C3__Hf20_Mo20_Ta20_Ti20_Zr20_n100,bcc,POCC_16_H1C3,1.0,4.543459208697742,5.001405527130558,0.4314984905434901
DPA4,fcc_to_bcc,pure,POCC__bcc__POCC_17_H1C4__Hf20_Mo20_Ta20_Ti20_Zr20_n100,bcc,POCC_17_H1C4,1.0,4.538349818639587,5.000701932998768,0.3566704535806537
DPA4,fcc_to_bcc,pure,POCC__bcc__POCC_18_H1C5__Hf20_Mo20_Ta20_Ti20_Zr20_n100,bcc,POCC_18_H1C5,1.0,4.645216172711248,5.000412593132903,0.3478652381970599
DPA4,fcc_to_bcc,pure,POCC__bcc__POCC_19_H1C6__Hf20_Mo20_Ta20_Ti20_Zr20_n100,bcc,POCC_19_H1C6,1.0,4.616096836140878,5.008889826229802,0.5352073149678582
DPA4,fcc_to_bcc,pure,POCC__bcc__POCC_20_H1C7__Hf20_Mo20_Ta20_Ti20_Zr20_n100,bcc,POCC_20_H1C7,1.0,4.600806341790863,5.017382968579709,0.4403939857186433
DPA4,fcc_to_bcc,pure,POCC__bcc__POCC_21_H1C8__Hf20_Mo20_Ta20_Ti20_Zr20_n100,bcc,POCC_21_H1C8,1.0,4.559043460387983,5.013887238353126,0.481775417795912
DPA4,fcc_to_bcc,pure,POCC__bcc__POCC_22_H1C10__Hf20_Mo20_Ta20_Ti20_Zr20_n100,bcc,POCC_22_H1C10,1.0,4.552208231616457,5.023237261154416,0.4109132918046728
DPA4,fcc_to_bcc,pure,POCC__bcc__POCC_23_H1C12__Hf20_Mo20_Ta20_Ti20_Zr20_n100,bcc,POCC_23_H1C12,1.0,4.623701578215881,5.034671042150148,0.5366937484540505
DPA4,fcc_to_bcc,pure,POCC__bcc__POCC_24_H1C14__Hf20_Mo20_Ta20_Ti20_Zr20_n100,bcc,POCC_24_H1C14,1.0,4.594004810524294,5.014019256320947,0.5104560226362553
DPA4,fcc_to_bcc,pure,POCC__bcc__POCC_25_H2C0__Hf27_Mo27_Ta27_Ti27_Zr27_n135,bcc,POCC_25_H2C0,2.0,5.3689348107076444,5.750319797660855,0.458621759545341
DPA4,fcc_to_bcc,pure,POCC__bcc__POCC_33_H2C8__Hf27_Mo27_Ta27_Ti27_Zr27_n135,bcc,POCC_33_H2C8,2.0,5.263812417612762,5.778286265336714,0.5871921944417187
DPA4,fcc_to_bcc,pure,POCC__bcc__POCC_34_H2C10__Hf27_Mo27_Ta27_Ti27_Zr27_n135,bcc,POCC_34_H2C10,2.0,4.891658029854182,5.656010588408543,0.6464829235285704
DPA4,fcc_to_bcc,pure,POCC__bcc__POCC_35_H2C12__Hf27_Mo27_Ta27_Ti27_Zr27_n135,bcc,POCC_35_H2C12,2.0,4.87352903288128,5.719013471039361,0.5670955286721482
DPA4,fcc_to_bcc,pure,POCC__bcc__POCC_36_H2C14__Hf27_Mo27_Ta27_Ti27_Zr27_n135,bcc,POCC_36_H2C14,2.0,5.005874351140314,5.591559729617323,0.514444107849399
DPA4,fcc_to_bcc,pure,POCC__bcc__POCC_37_H3C0__Hf27_Mo27_Ta27_Ti27_Zr27_n135,bcc,POCC_37_H3C0,3.0,4.960231951961276,5.322036819316743,0.7003155888020008
DPA4,fcc_to_bcc,pure,POCC__bcc__POCC_38_H4C0__Hf27_Mo27_Ta27_Ti27_Zr27_n135,bcc,POCC_38_H4C0,4.0,5.432127776753763,5.80020818776122,0.6750805524105502
DPA4,fcc_to_bcc,pure,POCC__bcc__POCC_39_H4C1__Hf27_Mo27_Ta27_Ti27_Zr27_n135,bcc,POCC_39_H4C1,4.0,5.432350480167885,5.781802603395701,0.6455607343187244
DPA4,fcc_to_bcc,pure,POCC__bcc__POCC_40_H4C2__Hf27_Mo27_Ta27_Ti27_Zr27_n135,bcc,POCC_40_H4C2,4.0,5.441472759376545,5.8927046494940525,0.5815739299678995
DPA4,fcc_to_bcc,pure,POCC__bcc__POCC_41_H4C3__Hf27_Mo27_Ta27_Ti27_Zr27_n135,bcc,POCC_41_H4C3,4.0,5.4730922037283785,5.826155002573588,0.58149475696914
DPA4,fcc_to_bcc,pure,POCC__bcc__POCC_42_H4C4__Hf27_Mo27_Ta27_Ti27_Zr27_n135,bcc,POCC_42_H4C4,4.0,5.400468453212614,5.834531536336617,0.4077860167928498
DPA4,fcc_to_bcc,pure,POCC__bcc__POCC_43_H4C5__Hf27_Mo27_Ta27_Ti27_Zr27_n135,bcc,POCC_43_H4C5,4.0,5.395412733036429,5.846971073339171,0.4004835910136739
DPA4,fcc_to_bcc,pure,POCC__bcc__POCC_44_H4C6__Hf27_Mo27_Ta27_Ti27_Zr27_n135,bcc,POCC_44_H4C6,4.0,5.498576913671456,5.862312105543303,0.7182312900803706
DPA4,fcc_to_bcc,pure,POCC__bcc__POCC_45_H4C7__Hf27_Mo27_Ta27_Ti27_Zr27_n135,bcc,POCC_45_H4C7,4.0,5.425115167796466,5.762076122422394,0.6358108681227002
DPA4,fcc_to_bcc,pure,POCC__bcc__POCC_46_H4C8__Hf27_Mo27_Ta27_Ti27_Zr27_n135,bcc,POCC_46_H4C8,4.0,5.520309438178991,5.881479000706666,0.5693645557274196
DPA4,fcc_to_bcc,pure,POCC__bcc__POCC_47_H4C10__Hf27_Mo27_Ta27_Ti27_Zr27_n135,bcc,POCC_47_H4C10,4.0,5.491801119518442,5.828122098280582,0.56913190931984
DPA4,fcc_to_bcc,pure,POCC__bcc__POCC_48_H4C12__Hf27_Mo27_Ta27_Ti27_Zr27_n135,bcc,POCC_48_H4C12,4.0,5.491008477984291,5.861969649959511,0.7195651522400304
DPA4,fcc_to_bcc,pure,POCC__bcc__POCC_49_H4C14__Hf27_Mo27_Ta27_Ti27_Zr27_n135,bcc,POCC_49_H4C14,4.0,5.462055158842634,5.821975852638113,0.6574097483060479
DPA4,fcc_to_bcc,pure_pocc_seed,POCC__bcc__POCC_01_H0C0__Hf32_Mo32_Ta32_Ti32_Zr32_n160,bcc,POCC_01_H0C0,0.0,3.605939703571188,3.806094644533275,0.8226806353007224
DPA4,fcc_to_bcc,pure_pocc_seed,POCC__bcc__POCC_02_H0C1__Hf32_Mo32_Ta32_Ti32_Zr32_n160,bcc,POCC_02_H0C1,0.0,3.6257679571370938,3.832965215093653,0.8046098386904635
DPA4,fcc_to_bcc,pure_pocc_seed,POCC__bcc__POCC_03_H0C2__Hf32_Mo32_Ta32_Ti32_Zr32_n160,bcc,POCC_03_H0C2,0.0,3.4414203766028204,3.845142856712527,0.8299496766974008
DPA4,fcc_to_bcc,pure_pocc_seed,POCC__bcc__POCC_04_H0C3__Hf32_Mo32_Ta32_Ti32_Zr32_n160,bcc,POCC_04_H0C3,0.0,3.560535818176704,3.8596144246302058,0.9560166421432508
DPA4,fcc_to_bcc,pure_pocc_seed,POCC__bcc__POCC_05_H0C4__Hf32_Mo32_Ta32_Ti32_Zr32_n160,bcc,POCC_05_H0C4,0.0,3.224428818414382,3.556926699112774,0.0915229147249342
DPA4,fcc_to_bcc,pure_pocc_seed,POCC__bcc__POCC_06_H0C5__Hf32_Mo32_Ta32_Ti32_Zr32_n160,bcc,POCC_06_H0C5,0.0,3.258020384130901,3.49625697033881,0.774848890805772
DPA4,fcc_to_bcc,pure_pocc_seed,POCC__bcc__POCC_07_H0C6__Hf32_Mo32_Ta32_Ti32_Zr32_n160,bcc,POCC_07_H0C6,0.0,3.651528507323513,4.176036199949691,0.5080386771625427
DPA4,fcc_to_bcc,pure_pocc_seed,POCC__bcc__POCC_08_H0C7__Hf32_Mo32_Ta32_Ti32_Zr32_n160,bcc,POCC_08_H0C7,0.0,3.6387879886336334,3.7609506217559,0.742085941988741
DPA4,fcc_to_bcc,pure_pocc_seed,POCC__bcc__POCC_09_H0C8__Hf32_Mo32_Ta32_Ti32_Zr32_n160,bcc,POCC_09_H0C8,0.0,3.43344049491946,3.8236338582832983,0.9250276872128688
DPA4,fcc_to_bcc,pure_pocc_seed,POCC__bcc__POCC_10_H0C10__Hf32_Mo32_Ta32_Ti32_Zr32_n160,bcc,POCC_10_H0C10,0.0,3.50165458128283,3.948347024869183,0.865938227493568
DPA4,fcc_to_bcc,pure_pocc_seed,POCC__bcc__POCC_11_H0C12__Hf32_Mo32_Ta32_Ti32_Zr32_n160,bcc,POCC_11_H0C12,0.0,3.657794283941296,4.13852321432535,0.6085402499718299
DPA4,fcc_to_bcc,pure_pocc_seed,POCC__bcc__POCC_12_H0C14__Hf32_Mo32_Ta32_Ti32_Zr32_n160,bcc,POCC_12_H0C14,0.0,3.636581111363588,3.812300035889917,0.6901981383082655
DPA4,fcc_to_bcc,pure_pocc_seed,POCC__bcc__POCC_13_H1C0__Hf20_Mo20_Ta20_Ti20_Zr20_n100,bcc,POCC_13_H1C0,1.0,2.2568992149322744,2.583116636026776,0.6445131978464853
DPA4,fcc_to_bcc,pure_pocc_seed,POCC__bcc__POCC_14_H1C1__Hf20_Mo20_Ta20_Ti20_Zr20_n100,bcc,POCC_14_H1C1,1.0,2.305596390376425,2.5972959539824823,0.5482934648055564
DPA4,fcc_to_bcc,pure_pocc_seed,POCC__bcc__POCC_15_H1C2__Hf20_Mo20_Ta20_Ti20_Zr20_n100,bcc,POCC_15_H1C2,1.0,2.284670086192091,2.599327910026078,0.4960108380420741
DPA4,fcc_to_bcc,pure_pocc_seed,POCC__bcc__POCC_16_H1C3__Hf20_Mo20_Ta20_Ti20_Zr20_n100,bcc,POCC_16_H1C3,1.0,2.298044631676593,2.5792614635661444,0.4652938030273592
DPA4,fcc_to_bcc,pure_pocc_seed,POCC__bcc__POCC_17_H1C4__Hf20_Mo20_Ta20_Ti20_Zr20_n100,bcc,POCC_17_H1C4,1.0,2.1601058364557444,2.502055866270222,0.4418460896819668
DPA4,fcc_to_bcc,pure_pocc_seed,POCC__bcc__POCC_18_H1C5__Hf20_Mo20_Ta20_Ti20_Zr20_n100,bcc,POCC_18_H1C5,1.0,2.008228623362684,2.3686534865916755,0.4589340864345964
DPA4,fcc_to_bcc,pure_pocc_seed,POCC__bcc__POCC_19_H1C6__Hf20_Mo20_Ta20_Ti20_Zr20_n100,bcc,POCC_19_H1C6,1.0,2.27053769003881,2.6066739037117697,0.5065720600978398
DPA4,fcc_to_bcc,pure_pocc_seed,POCC__bcc__POCC_20_H1C7__Hf20_Mo20_Ta20_Ti20_Zr20_n100,bcc,POCC_20_H1C7,1.0,2.2769244700750813,2.5818903713074137,0.5172773905932962
DPA4,fcc_to_bcc,pure_pocc_seed,POCC__bcc__POCC_21_H1C8__Hf20_Mo20_Ta20_Ti20_Zr20_n100,bcc,POCC_21_H1C8,1.0,2.277341313211992,2.582836513839029,0.5043280944547871
DPA4,fcc_to_bcc,pure_pocc_seed,POCC__bcc__POCC_22_H1C10__Hf20_Mo20_Ta20_Ti20_Zr20_n100,bcc,POCC_22_H1C10,1.0,2.2866393090938644,2.586540671561714,0.4619466292802223
DPA4,fcc_to_bcc,pure_pocc_seed,POCC__bcc__POCC_23_H1C12__Hf20_Mo20_Ta20_Ti20_Zr20_n100,bcc,POCC_23_H1C12,1.0,2.263748873318788,2.627125697429473,0.5108501449922802
DPA4,fcc_to_bcc,pure_pocc_seed,POCC__bcc__POCC_24_H1C14__Hf20_Mo20_Ta20_Ti20_Zr20_n100,bcc,POCC_24_H1C14,1.0,2.2459853157484764,2.5714504930356776,0.495977012530332
DPA4,fcc_to_bcc,pure_pocc_seed,POCC__bcc__POCC_25_H2C0__Hf27_Mo27_Ta27_Ti27_Zr27_n135,bcc,POCC_25_H2C0,2.0,0.0181476384705845,0.0310745493241004,0.350637563903878
DPA4,fcc_to_bcc,pure_pocc_seed,POCC__bcc__POCC_33_H2C8__Hf27_Mo27_Ta27_Ti27_Zr27_n135,bcc,POCC_33_H2C8,2.0,3.0163189189737256,3.5202730174549117,0.3754439648931946
DPA4,fcc_to_bcc,pure_pocc_seed,POCC__bcc__POCC_34_H2C10__Hf27_Mo27_Ta27_Ti27_Zr27_n135,bcc,POCC_34_H2C10,2.0,2.8457826114306988,3.3058688066034407,0.4321503268411958
DPA4,fcc_to_bcc,pure_pocc_seed,POCC__bcc__POCC_35_H2C12__Hf27_Mo27_Ta27_Ti27_Zr27_n135,bcc,POCC_35_H2C12,2.0,2.8350460711739207,3.4271142626189994,0.3189197636725502
DPA4,fcc_to_bcc,pure_pocc_seed,POCC__bcc__POCC_36_H2C14__Hf27_Mo27_Ta27_Ti27_Zr27_n135,bcc,POCC_36_H2C14,2.0,2.9369605921286275,3.5033131975045526,0.327862837995364
DPA4,fcc_to_bcc,pure_pocc_seed,POCC__bcc__POCC_37_H3C0__Hf27_Mo27_Ta27_Ti27_Zr27_n135,bcc,POCC_37_H3C0,3.0,1.340655447164382,1.8556697549478405,0.3922945049540502
DPA4,fcc_to_bcc,pure_pocc_seed,POCC__bcc__POCC_38_H4C0__Hf27_Mo27_Ta27_Ti27_Zr27_n135,bcc,POCC_38_H4C0,4.0,2.579198319437646,2.9881716912023704,0.4376045746701429
DPA4,fcc_to_bcc,pure_pocc_seed,POCC__bcc__POCC_39_H4C1__Hf27_Mo27_Ta27_Ti27_Zr27_n135,bcc,POCC_39_H4C1,4.0,2.671021693451697,3.041329241686499,0.4202020747008102
DPA4,fcc_to_bcc,pure_pocc_seed,POCC__bcc__POCC_40_H4C2__Hf27_Mo27_Ta27_Ti27_Zr27_n135,bcc,POCC_40_H4C2,4.0,2.625977895136208,3.0057352007814258,0.4078200882191672
DPA4,fcc_to_bcc,pure_pocc_seed,POCC__bcc__POCC_41_H4C3__Hf27_Mo27_Ta27_Ti27_Zr27_n135,bcc,POCC_41_H4C3,4.0,2.578969895013417,3.044981942211165,0.4035083362883443
DPA4,fcc_to_bcc,pure_pocc_seed,POCC__bcc__POCC_42_H4C4__Hf27_Mo27_Ta27_Ti27_Zr27_n135,bcc,POCC_42_H4C4,4.0,2.742285269413846,3.178486379284802,0.3132814361553906
DPA4,fcc_to_bcc,pure_pocc_seed,POCC__bcc__POCC_43_H4C5__Hf27_Mo27_Ta27_Ti27_Zr27_n135,bcc,POCC_43_H4C5,4.0,2.733408818624248,3.2514814270237054,0.3133526302271948
DPA4,fcc_to_bcc,pure_pocc_seed,POCC__bcc__POCC_44_H4C6__Hf27_Mo27_Ta27_Ti27_Zr27_n135,bcc,POCC_44_H4C6,4.0,2.4581440136647648,2.7357301218242216,0.4406703245480767
DPA4,fcc_to_bcc,pure_pocc_seed,POCC__bcc__POCC_45_H4C7__Hf27_Mo27_Ta27_Ti27_Zr27_n135,bcc,POCC_45_H4C7,4.0,2.647108788948511,3.109011214675103,0.3523811753592239
DPA4,fcc_to_bcc,pure_pocc_seed,POCC__bcc__POCC_46_H4C8__Hf27_Mo27_Ta27_Ti27_Zr27_n135,bcc,POCC_46_H4C8,4.0,2.444979961257528,2.806355501577594,0.3842963623867365
DPA4,fcc_to_bcc,pure_pocc_seed,POCC__bcc__POCC_47_H4C10__Hf27_Mo27_Ta27_Ti27_Zr27_n135,bcc,POCC_47_H4C10,4.0,1.6568688706154575,2.29794115584003,0.4027804021596306
DPA4,fcc_to_bcc,pure_pocc_seed,POCC__bcc__POCC_48_H4C12__Hf27_Mo27_Ta27_Ti27_Zr27_n135,bcc,POCC_48_H4C12,4.0,2.4673897860529603,2.7343750348567677,0.4305480757115135
DPA4,fcc_to_bcc,pure_pocc_seed,POCC__bcc__POCC_49_H4C14__Hf27_Mo27_Ta27_Ti27_Zr27_n135,bcc,POCC_49_H4C14,4.0,2.603772302566368,3.0491904017157463,0.4839438631872293
DPA4,fcc_to_bcc,pure_pocc_aimd,POCC__bcc__POCC_01_H0C0__Hf32_Mo32_Ta32_Ti32_Zr32_n160,bcc,POCC_01_H0C0,0.0,2.762202655887278,2.8184428668577857,0.973841616760592
DPA4,fcc_to_bcc,pure_pocc_aimd,POCC__bcc__POCC_02_H0C1__Hf32_Mo32_Ta32_Ti32_Zr32_n160,bcc,POCC_02_H0C1,0.0,2.723062923444175,2.889567313061879,1.6972049886594345
DPA4,fcc_to_bcc,pure_pocc_aimd,POCC__bcc__POCC_03_H0C2__Hf32_Mo32_Ta32_Ti32_Zr32_n160,bcc,POCC_03_H0C2,0.0,2.6345663410070923,2.7458374200125464,2.13584490038496
DPA4,fcc_to_bcc,pure_pocc_aimd,POCC__bcc__POCC_04_H0C3__Hf32_Mo32_Ta32_Ti32_Zr32_n160,bcc,POCC_04_H0C3,0.0,2.745001153547049,2.944268887566158,2.0626079207632912
DPA4,fcc_to_bcc,pure_pocc_aimd,POCC__bcc__POCC_05_H0C4__Hf32_Mo32_Ta32_Ti32_Zr32_n160,bcc,POCC_05_H0C4,0.0,2.5182880586008327,2.567116359931515,0.1461901383830617
DPA4,fcc_to_bcc,pure_pocc_aimd,POCC__bcc__POCC_06_H0C5__Hf32_Mo32_Ta32_Ti32_Zr32_n160,bcc,POCC_06_H0C5,0.0,2.5739159963308564,2.6361808615519893,2.555946554248016
DPA4,fcc_to_bcc,pure_pocc_aimd,POCC__bcc__POCC_07_H0C6__Hf32_Mo32_Ta32_Ti32_Zr32_n160,bcc,POCC_07_H0C6,0.0,2.9955030992126623,3.1000669867580632,0.4668710036020222
DPA4,fcc_to_bcc,pure_pocc_aimd,POCC__bcc__POCC_08_H0C7__Hf32_Mo32_Ta32_Ti32_Zr32_n160,bcc,POCC_08_H0C7,0.0,2.7613247873704445,2.931758779400797,2.438960647570239
DPA4,fcc_to_bcc,pure_pocc_aimd,POCC__bcc__POCC_09_H0C8__Hf32_Mo32_Ta32_Ti32_Zr32_n160,bcc,POCC_09_H0C8,0.0,2.702376017985972,2.866631378408027,3.145708353139655
DPA4,fcc_to_bcc,pure_pocc_aimd,POCC__bcc__POCC_10_H0C10__Hf32_Mo32_Ta32_Ti32_Zr32_n160,bcc,POCC_10_H0C10,0.0,2.835831865205376,3.054230071894428,2.308977330332457
DPA4,fcc_to_bcc,pure_pocc_aimd,POCC__bcc__POCC_11_H0C12__Hf32_Mo32_Ta32_Ti32_Zr32_n160,bcc,POCC_11_H0C12,0.0,2.9286800399014856,3.086382362739239,0.4720175818365676
DPA4,fcc_to_bcc,pure_pocc_aimd,POCC__bcc__POCC_12_H0C14__Hf32_Mo32_Ta32_Ti32_Zr32_n160,bcc,POCC_12_H0C14,0.0,2.808929430868067,2.971621150755668,0.8193723017953963
DPA4,fcc_to_bcc,pure_pocc_aimd,POCC__bcc__POCC_13_H1C0__Hf20_Mo20_Ta20_Ti20_Zr20_n100,bcc,POCC_13_H1C0,1.0,1.269128227100044,1.5662897847569024,0.2038006270607628
DPA4,fcc_to_bcc,pure_pocc_aimd,POCC__bcc__POCC_14_H1C1__Hf20_Mo20_Ta20_Ti20_Zr20_n100,bcc,POCC_14_H1C1,1.0,1.278680221819857,1.5364662551763084,0.2011598115342531
DPA4,fcc_to_bcc,pure_pocc_aimd,POCC__bcc__POCC_15_H1C2__Hf20_Mo20_Ta20_Ti20_Zr20_n100,bcc,POCC_15_H1C2,1.0,1.2883521046167812,1.563226207706344,0.2225572928964911
DPA4,fcc_to_bcc,pure_pocc_aimd,POCC__bcc__POCC_16_H1C3__Hf20_Mo20_Ta20_Ti20_Zr20_n100,bcc,POCC_16_H1C3,1.0,1.2730864034795004,1.514467381003521,0.2233928305984798
DPA4,fcc_to_bcc,pure_pocc_aimd,POCC__bcc__POCC_17_H1C4__Hf20_Mo20_Ta20_Ti20_Zr20_n100,bcc,POCC_17_H1C4,1.0,1.1928642510968577,1.4241527190130534,0.2007285104259349
DPA4,fcc_to_bcc,pure_pocc_aimd,POCC__bcc__POCC_18_H1C5__Hf20_Mo20_Ta20_Ti20_Zr20_n100,bcc,POCC_18_H1C5,1.0,1.0130763032910366,1.2811613638668906,0.2024856862606909
DPA4,fcc_to_bcc,pure_pocc_aimd,POCC__bcc__POCC_19_H1C6__Hf20_Mo20_Ta20_Ti20_Zr20_n100,bcc,POCC_19_H1C6,1.0,1.2168157933826405,1.4829526609009749,0.2098321244363493
DPA4,fcc_to_bcc,pure_pocc_aimd,POCC__bcc__POCC_20_H1C7__Hf20_Mo20_Ta20_Ti20_Zr20_n100,bcc,POCC_20_H1C7,1.0,1.3660795235043182,1.610899963731247,0.1948567418844632
DPA4,fcc_to_bcc,pure_pocc_aimd,POCC__bcc__POCC_21_H1C8__Hf20_Mo20_Ta20_Ti20_Zr20_n100,bcc,POCC_21_H1C8,1.0,1.3324618806478763,1.5738205343336829,0.2092118167196925
DPA4,fcc_to_bcc,pure_pocc_aimd,POCC__bcc__POCC_22_H1C10__Hf20_Mo20_Ta20_Ti20_Zr20_n100,bcc,POCC_22_H1C10,1.0,1.3392863460105562,1.5683726508387434,0.2046944903199243
DPA4,fcc_to_bcc,pure_pocc_aimd,POCC__bcc__POCC_23_H1C12__Hf20_Mo20_Ta20_Ti20_Zr20_n100,bcc,POCC_23_H1C12,1.0,1.2830056362647912,1.5533297161280806,0.2012521710183443
DPA4,fcc_to_bcc,pure_pocc_aimd,POCC__bcc__POCC_24_H1C14__Hf20_Mo20_Ta20_Ti20_Zr20_n100,bcc,POCC_24_H1C14,1.0,1.4242081807237934,1.637841473041285,0.1914771606730778
DPA4,fcc_to_bcc,pure_pocc_aimd,POCC__bcc__POCC_25_H2C0__Hf27_Mo27_Ta27_Ti27_Zr27_n135,bcc,POCC_25_H2C0,2.0,0.0181476384705845,0.0310745493241004,0.0601036303249675
DPA4,fcc_to_bcc,pure_pocc_aimd,POCC__bcc__POCC_33_H2C8__Hf27_Mo27_Ta27_Ti27_Zr27_n135,bcc,POCC_33_H2C8,2.0,2.634371308566012,3.262378132459617,0.117457844608586
DPA4,fcc_to_bcc,pure_pocc_aimd,POCC__bcc__POCC_34_H2C10__Hf27_Mo27_Ta27_Ti27_Zr27_n135,bcc,POCC_34_H2C10,2.0,2.399438067531201,2.9025653857207976,0.1224606863080307
DPA4,fcc_to_bcc,pure_pocc_aimd,POCC__bcc__POCC_35_H2C12__Hf27_Mo27_Ta27_Ti27_Zr27_n135,bcc,POCC_35_H2C12,2.0,2.3383887514136763,3.044192817271653,0.1369576726896631
DPA4,fcc_to_bcc,pure_pocc_aimd,POCC__bcc__POCC_36_H2C14__Hf27_Mo27_Ta27_Ti27_Zr27_n135,bcc,POCC_36_H2C14,2.0,2.32146955381965,3.019808939948742,0.1245045086312589
DPA4,fcc_to_bcc,pure_pocc_aimd,POCC__bcc__POCC_37_H3C0__Hf27_Mo27_Ta27_Ti27_Zr27_n135,bcc,POCC_37_H3C0,3.0,0.8762346095990319,1.131033879879904,0.0956294876978295
DPA4,fcc_to_bcc,pure_pocc_aimd,POCC__bcc__POCC_38_H4C0__Hf27_Mo27_Ta27_Ti27_Zr27_n135,bcc,POCC_38_H4C0,4.0,1.933009155323147,2.2664878935390917,0.1449836947625961
DPA4,fcc_to_bcc,pure_pocc_aimd,POCC__bcc__POCC_39_H4C1__Hf27_Mo27_Ta27_Ti27_Zr27_n135,bcc,POCC_39_H4C1,4.0,1.902844060298973,2.238258006737812,0.144527010722449
DPA4,fcc_to_bcc,pure_pocc_aimd,POCC__bcc__POCC_40_H4C2__Hf27_Mo27_Ta27_Ti27_Zr27_n135,bcc,POCC_40_H4C2,4.0,1.9543254355126092,2.303351225443593,0.1376581510374794
DPA4,fcc_to_bcc,pure_pocc_aimd,POCC__bcc__POCC_41_H4C3__Hf27_Mo27_Ta27_Ti27_Zr27_n135,bcc,POCC_41_H4C3,4.0,1.9039019629387868,2.2449369303874183,0.1228049387652539
DPA4,fcc_to_bcc,pure_pocc_aimd,POCC__bcc__POCC_42_H4C4__Hf27_Mo27_Ta27_Ti27_Zr27_n135,bcc,POCC_42_H4C4,4.0,1.880150599800611,2.2081780559616244,0.1345463543798481
DPA4,fcc_to_bcc,pure_pocc_aimd,POCC__bcc__POCC_43_H4C5__Hf27_Mo27_Ta27_Ti27_Zr27_n135,bcc,POCC_43_H4C5,4.0,1.8962305024564925,2.2448050042479544,0.146282486951247
DPA4,fcc_to_bcc,pure_pocc_aimd,POCC__bcc__POCC_44_H4C6__Hf27_Mo27_Ta27_Ti27_Zr27_n135,bcc,POCC_44_H4C6,4.0,1.896232112525006,2.277978319028013,0.1396721949001901
DPA4,fcc_to_bcc,pure_pocc_aimd,POCC__bcc__POCC_45_H4C7__Hf27_Mo27_Ta27_Ti27_Zr27_n135,bcc,POCC_45_H4C7,4.0,1.912974483597092,2.320082111051818,0.1416356289622962
DPA4,fcc_to_bcc,pure_pocc_aimd,POCC__bcc__POCC_46_H4C8__Hf27_Mo27_Ta27_Ti27_Zr27_n135,bcc,POCC_46_H4C8,4.0,1.6599298519036665,1.9707941331099847,0.1290354394483541
DPA4,fcc_to_bcc,pure_pocc_aimd,POCC__bcc__POCC_47_H4C10__Hf27_Mo27_Ta27_Ti27_Zr27_n135,bcc,POCC_47_H4C10,4.0,0.9799860504020426,1.280601170803057,0.1030029771155929
DPA4,fcc_to_bcc,pure_pocc_aimd,POCC__bcc__POCC_48_H4C12__Hf27_Mo27_Ta27_Ti27_Zr27_n135,bcc,POCC_48_H4C12,4.0,1.8687360417736896,2.265640697289356,0.1433868139120105
DPA4,fcc_to_bcc,pure_pocc_aimd,POCC__bcc__POCC_49_H4C14__Hf27_Mo27_Ta27_Ti27_Zr27_n135,bcc,POCC_49_H4C14,4.0,1.9438993959317776,2.331941767300241,0.1464137351268812
DPA4,bcc_to_fcc,pure,POCC__fcc__POCC_01_H0C0__Hf27_Mo27_Ta27_Ti27_Zr27_n135,fcc,POCC_01_H0C0,0.0,3.797831784744021,4.672861586586735,0.4781916559338662
DPA4,bcc_to_fcc,pure,POCC__fcc__POCC_02_H0C1__Hf27_Mo27_Ta27_Ti27_Zr27_n135,fcc,POCC_02_H0C1,0.0,3.613411109470228,4.562524681919352,0.583919997603989
DPA4,bcc_to_fcc,pure,POCC__fcc__POCC_03_H0C2__Hf27_Mo27_Ta27_Ti27_Zr27_n135,fcc,POCC_03_H0C2,0.0,3.68521101986824,4.611953877525076,0.5650640462778416
DPA4,bcc_to_fcc,pure,POCC__fcc__POCC_04_H0C3__Hf27_Mo27_Ta27_Ti27_Zr27_n135,fcc,POCC_04_H0C3,0.0,3.656619899373652,4.722032578300243,0.6232014388635883
DPA4,bcc_to_fcc,pure,POCC__fcc__POCC_05_H0C4__Hf27_Mo27_Ta27_Ti27_Zr27_n135,fcc,POCC_05_H0C4,0.0,3.750967687948602,4.657711076528761,0.5530900866672998
DPA4,bcc_to_fcc,pure,POCC__fcc__POCC_06_H0C5__Hf27_Mo27_Ta27_Ti27_Zr27_n135,fcc,POCC_06_H0C5,0.0,3.753433696195695,4.653618955924285,0.515037173567082
DPA4,bcc_to_fcc,pure,POCC__fcc__POCC_07_H0C6__Hf27_Mo27_Ta27_Ti27_Zr27_n135,fcc,POCC_07_H0C6,0.0,3.686280272313149,4.841096137742984,0.5458470744705273
DPA4,bcc_to_fcc,pure,POCC__fcc__POCC_08_H0C7__Hf27_Mo27_Ta27_Ti27_Zr27_n135,fcc,POCC_08_H0C7,0.0,4.460461985632337,5.102148235051216,0.6811520490096824
DPA4,bcc_to_fcc,pure,POCC__fcc__POCC_09_H0C8__Hf27_Mo27_Ta27_Ti27_Zr27_n135,fcc,POCC_09_H0C8,0.0,3.9364383302166073,4.975944833256107,0.6219807498147131
DPA4,bcc_to_fcc,pure,POCC__fcc__POCC_10_H0C10__Hf27_Mo27_Ta27_Ti27_Zr27_n135,fcc,POCC_10_H0C10,0.0,3.861582018914048,4.891736834979735,0.655838509588803
DPA4,bcc_to_fcc,pure,POCC__fcc__POCC_11_H0C12__Hf27_Mo27_Ta27_Ti27_Zr27_n135,fcc,POCC_11_H0C12,0.0,3.9207517692476896,4.893479970840791,0.5521762131944606
DPA4,bcc_to_fcc,pure,POCC__fcc__POCC_12_H0C14__Hf27_Mo27_Ta27_Ti27_Zr27_n135,fcc,POCC_12_H0C14,0.0,3.902761963012279,4.725307926784343,0.5125294355717919
DPA4,bcc_to_fcc,pure,POCC__fcc__POCC_13_H1C0__Hf27_Mo27_Ta27_Ti27_Zr27_n135,fcc,POCC_13_H1C0,1.0,4.591236371043089,5.354863382180429,0.5222257645043151
DPA4,bcc_to_fcc,pure,POCC__fcc__POCC_14_H1C1__Hf27_Mo27_Ta27_Ti27_Zr27_n135,fcc,POCC_14_H1C1,1.0,4.637904564793718,5.088275176610474,0.4359463902074374
DPA4,bcc_to_fcc,pure,POCC__fcc__POCC_15_H1C2__Hf27_Mo27_Ta27_Ti27_Zr27_n135,fcc,POCC_15_H1C2,1.0,4.590176213213372,5.259211945740711,0.5285638188033888
DPA4,bcc_to_fcc,pure,POCC__fcc__POCC_16_H1C3__Hf27_Mo27_Ta27_Ti27_Zr27_n135,fcc,POCC_16_H1C3,1.0,4.635574208776912,5.212251416530985,0.4558097284778319
DPA4,bcc_to_fcc,pure,POCC__fcc__POCC_17_H1C4__Hf27_Mo27_Ta27_Ti27_Zr27_n135,fcc,POCC_17_H1C4,1.0,4.888774620120708,5.736873297799953,0.6339244440281449
DPA4,bcc_to_fcc,pure,POCC__fcc__POCC_18_H1C5__Hf27_Mo27_Ta27_Ti27_Zr27_n135,fcc,POCC_18_H1C5,1.0,4.898780688729807,5.701684425827335,0.6391490798180691
DPA4,bcc_to_fcc,pure,POCC__fcc__POCC_19_H1C6__Hf27_Mo27_Ta27_Ti27_Zr27_n135,fcc,POCC_19_H1C6,1.0,4.644509765763365,5.225340978720215,0.5469365549119781
DPA4,bcc_to_fcc,pure,POCC__fcc__POCC_20_H1C7__Hf27_Mo27_Ta27_Ti27_Zr27_n135,fcc,POCC_20_H1C7,1.0,4.696960908069379,5.328937528295836,0.4065504053711989
DPA4,bcc_to_fcc,pure,POCC__fcc__POCC_21_H1C8__Hf27_Mo27_Ta27_Ti27_Zr27_n135,fcc,POCC_21_H1C8,1.0,4.632958616969924,5.411047715475195,0.5109285664308065
DPA4,bcc_to_fcc,pure,POCC__fcc__POCC_22_H1C10__Hf27_Mo27_Ta27_Ti27_Zr27_n135,fcc,POCC_22_H1C10,1.0,4.672065832014681,5.363733904156967,0.406794751474972
DPA4,bcc_to_fcc,pure,POCC__fcc__POCC_23_H1C12__Hf27_Mo27_Ta27_Ti27_Zr27_n135,fcc,POCC_23_H1C12,1.0,4.63962121576174,5.420913027902722,0.5468229421806559
DPA4,bcc_to_fcc,pure,POCC__fcc__POCC_24_H1C14__Hf27_Mo27_Ta27_Ti27_Zr27_n135,fcc,POCC_24_H1C14,1.0,4.7379404198303225,5.378668354473087,0.5126554266180667
DPA4,bcc_to_fcc,pure,POCC__fcc__POCC_25_H2C0__Hf18_Mo18_Ta18_Ti18_Zr18_n90,fcc,POCC_25_H2C0,2.0,4.925002121311918,5.312730836849145,0.6978940791319784
DPA4,bcc_to_fcc,pure,POCC__fcc__POCC_26_H2C1__Hf18_Mo18_Ta18_Ti18_Zr18_n90,fcc,POCC_26_H2C1,2.0,4.913785815971577,5.303828949382442,0.7273894363793202
DPA4,bcc_to_fcc,pure,POCC__fcc__POCC_27_H2C2__Hf18_Mo18_Ta18_Ti18_Zr18_n90,fcc,POCC_27_H2C2,2.0,4.957881753754508,5.30643471365946,0.7145314346690775
DPA4,bcc_to_fcc,pure,POCC__fcc__POCC_28_H2C3__Hf18_Mo18_Ta18_Ti18_Zr18_n90,fcc,POCC_28_H2C3,2.0,4.941155028037018,5.3036544008584325,0.7091174364817628
DPA4,bcc_to_fcc,pure,POCC__fcc__POCC_29_H2C4__Hf18_Mo18_Ta18_Ti18_Zr18_n90,fcc,POCC_29_H2C4,2.0,4.910908685293982,5.3025238237621055,0.6770211831724641
DPA4,bcc_to_fcc,pure,POCC__fcc__POCC_30_H2C5__Hf18_Mo18_Ta18_Ti18_Zr18_n90,fcc,POCC_30_H2C5,2.0,4.9343153342501775,5.302109851501125,0.6844390939216096
DPA4,bcc_to_fcc,pure,POCC__fcc__POCC_31_H2C6__Hf18_Mo18_Ta18_Ti18_Zr18_n90,fcc,POCC_31_H2C6,2.0,4.535763386264398,4.996207517629679,0.3917165554086873
DPA4,bcc_to_fcc,pure,POCC__fcc__POCC_32_H2C7__Hf18_Mo18_Ta18_Ti18_Zr18_n90,fcc,POCC_32_H2C7,2.0,4.942876887820386,5.310374556664931,0.7182363451614858
DPA4,bcc_to_fcc,pure,POCC__fcc__POCC_33_H2C8__Hf18_Mo18_Ta18_Ti18_Zr18_n90,fcc,POCC_33_H2C8,2.0,4.91547251399432,5.3098685424375125,0.7129685967721633
DPA4,bcc_to_fcc,pure,POCC__fcc__POCC_34_H2C10__Hf18_Mo18_Ta18_Ti18_Zr18_n90,fcc,POCC_34_H2C10,2.0,4.919434703101,5.319811696599684,0.7056265993270366
DPA4,bcc_to_fcc,pure,POCC__fcc__POCC_35_H2C12__Hf18_Mo18_Ta18_Ti18_Zr18_n90,fcc,POCC_35_H2C12,2.0,4.535583016280416,4.960171073199987,0.393625345422903
DPA4,bcc_to_fcc,pure,POCC__fcc__POCC_36_H2C14__Hf18_Mo18_Ta18_Ti18_Zr18_n90,fcc,POCC_36_H2C14,2.0,4.934715325023624,5.311291198746797,0.7102724871467039
DPA4,bcc_to_fcc,pure,POCC__fcc__POCC_37_H3C0__Hf27_Mo27_Ta27_Ti27_Zr27_n135,fcc,POCC_37_H3C0,3.0,4.838954164451376,5.460246485192805,0.4753127471254886
DPA4,bcc_to_fcc,pure,POCC__fcc__POCC_38_H3C1__Hf27_Mo27_Ta27_Ti27_Zr27_n135,fcc,POCC_38_H3C1,3.0,4.744000386652012,5.410065448545575,0.564755012819793
DPA4,bcc_to_fcc,pure,POCC__fcc__POCC_39_H3C2__Hf27_Mo27_Ta27_Ti27_Zr27_n135,fcc,POCC_39_H3C2,3.0,4.751826777137643,5.612519194878244,0.6016200212537217
DPA4,bcc_to_fcc,pure,POCC__fcc__POCC_40_H3C3__Hf27_Mo27_Ta27_Ti27_Zr27_n135,fcc,POCC_40_H3C3,3.0,4.792222834513693,5.501608828893458,0.660658881592057
DPA4,bcc_to_fcc,pure,POCC__fcc__POCC_49_H4C0__Hf27_Mo27_Ta27_Ti27_Zr27_n135,fcc,POCC_49_H4C0,4.0,5.491299392047603,5.826887716231656,0.5672775226603343
DPA4,bcc_to_fcc,pure_pocc_seed,POCC__fcc__POCC_01_H0C0__Hf27_Mo27_Ta27_Ti27_Zr27_n135,fcc,POCC_01_H0C0,0.0,2.9547787848723623,3.204207096006521,0.421465380770872
DPA4,bcc_to_fcc,pure_pocc_seed,POCC__fcc__POCC_02_H0C1__Hf27_Mo27_Ta27_Ti27_Zr27_n135,fcc,POCC_02_H0C1,0.0,3.00956030890246,3.4861800979995943,0.449854989213927
DPA4,bcc_to_fcc,pure_pocc_seed,POCC__fcc__POCC_03_H0C2__Hf27_Mo27_Ta27_Ti27_Zr27_n135,fcc,POCC_03_H0C2,0.0,2.894957529469599,3.417301997441135,0.6722304456433593
DPA4,bcc_to_fcc,pure_pocc_seed,POCC__fcc__POCC_04_H0C3__Hf27_Mo27_Ta27_Ti27_Zr27_n135,fcc,POCC_04_H0C3,0.0,2.8890393730533,3.8370680211978256,0.6829396543556104
DPA4,bcc_to_fcc,pure_pocc_seed,POCC__fcc__POCC_05_H0C4__Hf27_Mo27_Ta27_Ti27_Zr27_n135,fcc,POCC_05_H0C4,0.0,2.966243481945296,3.613796832072045,0.5178363383202415
DPA4,bcc_to_fcc,pure_pocc_seed,POCC__fcc__POCC_06_H0C5__Hf27_Mo27_Ta27_Ti27_Zr27_n135,fcc,POCC_06_H0C5,0.0,2.867969675769885,3.611374733681117,0.4501843458196199
DPA4,bcc_to_fcc,pure_pocc_seed,POCC__fcc__POCC_07_H0C6__Hf27_Mo27_Ta27_Ti27_Zr27_n135,fcc,POCC_07_H0C6,0.0,3.02028062478212,3.6323107228601854,0.4738222691567708
DPA4,bcc_to_fcc,pure_pocc_seed,POCC__fcc__POCC_08_H0C7__Hf27_Mo27_Ta27_Ti27_Zr27_n135,fcc,POCC_08_H0C7,0.0,3.427094457151293,3.664300703043331,0.5468346313831238
DPA4,bcc_to_fcc,pure_pocc_seed,POCC__fcc__POCC_09_H0C8__Hf27_Mo27_Ta27_Ti27_Zr27_n135,fcc,POCC_09_H0C8,0.0,3.169478698464788,3.4661747592382044,0.6135076380492676
DPA4,bcc_to_fcc,pure_pocc_seed,POCC__fcc__POCC_10_H0C10__Hf27_Mo27_Ta27_Ti27_Zr27_n135,fcc,POCC_10_H0C10,0.0,3.2401455248476894,3.4804840808147164,0.6162961069268356
DPA4,bcc_to_fcc,pure_pocc_seed,POCC__fcc__POCC_11_H0C12__Hf27_Mo27_Ta27_Ti27_Zr27_n135,fcc,POCC_11_H0C12,0.0,2.9301676436795057,3.1480743350004814,0.4636635790675629
DPA4,bcc_to_fcc,pure_pocc_seed,POCC__fcc__POCC_12_H0C14__Hf27_Mo27_Ta27_Ti27_Zr27_n135,fcc,POCC_12_H0C14,0.0,2.987790529007293,3.170234207519032,0.4557495483008213
DPA4,bcc_to_fcc,pure_pocc_seed,POCC__fcc__POCC_13_H1C0__Hf27_Mo27_Ta27_Ti27_Zr27_n135,fcc,POCC_13_H1C0,1.0,2.1522532827227314,3.0741780889846577,0.8041367439636272
DPA4,bcc_to_fcc,pure_pocc_seed,POCC__fcc__POCC_14_H1C1__Hf27_Mo27_Ta27_Ti27_Zr27_n135,fcc,POCC_14_H1C1,1.0,1.9211785924776992,2.839931495255809,0.5264325388551115
DPA4,bcc_to_fcc,pure_pocc_seed,POCC__fcc__POCC_15_H1C2__Hf27_Mo27_Ta27_Ti27_Zr27_n135,fcc,POCC_15_H1C2,1.0,1.973448117723984,2.8229359383143726,0.5464058504481012
DPA4,bcc_to_fcc,pure_pocc_seed,POCC__fcc__POCC_16_H1C3__Hf27_Mo27_Ta27_Ti27_Zr27_n135,fcc,POCC_16_H1C3,1.0,1.86194780225166,2.794637572025323,0.59530275295935
DPA4,bcc_to_fcc,pure_pocc_seed,POCC__fcc__POCC_17_H1C4__Hf27_Mo27_Ta27_Ti27_Zr27_n135,fcc,POCC_17_H1C4,1.0,2.800884087183276,3.17945066157886,2.050057633660876
DPA4,bcc_to_fcc,pure_pocc_seed,POCC__fcc__POCC_18_H1C5__Hf27_Mo27_Ta27_Ti27_Zr27_n135,fcc,POCC_18_H1C5,1.0,2.909361356700729,3.084300830872069,2.148001267570642
DPA4,bcc_to_fcc,pure_pocc_seed,POCC__fcc__POCC_19_H1C6__Hf27_Mo27_Ta27_Ti27_Zr27_n135,fcc,POCC_19_H1C6,1.0,1.7311362200854732,2.873145294173228,0.5688024657919412
DPA4,bcc_to_fcc,pure_pocc_seed,POCC__fcc__POCC_20_H1C7__Hf27_Mo27_Ta27_Ti27_Zr27_n135,fcc,POCC_20_H1C7,1.0,2.1062420236920216,2.9823645301843413,0.585877807870125
DPA4,bcc_to_fcc,pure_pocc_seed,POCC__fcc__POCC_21_H1C8__Hf27_Mo27_Ta27_Ti27_Zr27_n135,fcc,POCC_21_H1C8,1.0,2.096775682971808,2.984902313423192,0.5816702541595083
DPA4,bcc_to_fcc,pure_pocc_seed,POCC__fcc__POCC_22_H1C10__Hf27_Mo27_Ta27_Ti27_Zr27_n135,fcc,POCC_22_H1C10,1.0,2.083182234946628,3.009180924650979,0.7344187360479102
DPA4,bcc_to_fcc,pure_pocc_seed,POCC__fcc__POCC_23_H1C12__Hf27_Mo27_Ta27_Ti27_Zr27_n135,fcc,POCC_23_H1C12,1.0,1.853843249890791,3.0123237814088863,0.5349697490933145
DPA4,bcc_to_fcc,pure_pocc_seed,POCC__fcc__POCC_24_H1C14__Hf27_Mo27_Ta27_Ti27_Zr27_n135,fcc,POCC_24_H1C14,1.0,2.34307922577554,3.163551098928081,0.5510475890388735
DPA4,bcc_to_fcc,pure_pocc_seed,POCC__fcc__POCC_25_H2C0__Hf18_Mo18_Ta18_Ti18_Zr18_n90,fcc,POCC_25_H2C0,2.0,1.581541363287856,2.099444860538909,1.5028964073945896
DPA4,bcc_to_fcc,pure_pocc_seed,POCC__fcc__POCC_26_H2C1__Hf18_Mo18_Ta18_Ti18_Zr18_n90,fcc,POCC_26_H2C1,2.0,1.691849010222391,2.1911570474251394,1.8008577915007091
DPA4,bcc_to_fcc,pure_pocc_seed,POCC__fcc__POCC_27_H2C2__Hf18_Mo18_Ta18_Ti18_Zr18_n90,fcc,POCC_27_H2C2,2.0,1.8085809014165757,2.280941225920393,1.9802621027224163
DPA4,bcc_to_fcc,pure_pocc_seed,POCC__fcc__POCC_28_H2C3__Hf18_Mo18_Ta18_Ti18_Zr18_n90,fcc,POCC_28_H2C3,2.0,1.701716863808337,2.146350179876987,2.2657880141411244
DPA4,bcc_to_fcc,pure_pocc_seed,POCC__fcc__POCC_29_H2C4__Hf18_Mo18_Ta18_Ti18_Zr18_n90,fcc,POCC_29_H2C4,2.0,1.8493996274191955,2.255725512559796,1.8666193130494977
DPA4,bcc_to_fcc,pure_pocc_seed,POCC__fcc__POCC_30_H2C5__Hf18_Mo18_Ta18_Ti18_Zr18_n90,fcc,POCC_30_H2C5,2.0,1.8316162615947065,2.2892527375567737,2.522325560447064
DPA4,bcc_to_fcc,pure_pocc_seed,POCC__fcc__POCC_31_H2C6__Hf18_Mo18_Ta18_Ti18_Zr18_n90,fcc,POCC_31_H2C6,2.0,1.9141184106174367,2.3626666430512486,0.7014028244279552
DPA4,bcc_to_fcc,pure_pocc_seed,POCC__fcc__POCC_32_H2C7__Hf18_Mo18_Ta18_Ti18_Zr18_n90,fcc,POCC_32_H2C7,2.0,1.7892552736416285,2.237816030076862,1.966451663554442
DPA4,bcc_to_fcc,pure_pocc_seed,POCC__fcc__POCC_33_H2C8__Hf18_Mo18_Ta18_Ti18_Zr18_n90,fcc,POCC_33_H2C8,2.0,1.6865543180308464,2.2006770926953427,0.9142741986321082
DPA4,bcc_to_fcc,pure_pocc_seed,POCC__fcc__POCC_34_H2C10__Hf18_Mo18_Ta18_Ti18_Zr18_n90,fcc,POCC_34_H2C10,2.0,1.5364573226239902,2.0544021284778813,2.0656382107982787
DPA4,bcc_to_fcc,pure_pocc_seed,POCC__fcc__POCC_35_H2C12__Hf18_Mo18_Ta18_Ti18_Zr18_n90,fcc,POCC_35_H2C12,2.0,1.860904855360909,2.335358412473545,0.5094539540833002
DPA4,bcc_to_fcc,pure_pocc_seed,POCC__fcc__POCC_36_H2C14__Hf18_Mo18_Ta18_Ti18_Zr18_n90,fcc,POCC_36_H2C14,2.0,1.7944086533840051,2.212087474661557,2.266592410704527
DPA4,bcc_to_fcc,pure_pocc_seed,POCC__fcc__POCC_37_H3C0__Hf27_Mo27_Ta27_Ti27_Zr27_n135,fcc,POCC_37_H3C0,3.0,1.5615438148586884,2.303905252690595,0.4484269294437283
DPA4,bcc_to_fcc,pure_pocc_seed,POCC__fcc__POCC_38_H3C1__Hf27_Mo27_Ta27_Ti27_Zr27_n135,fcc,POCC_38_H3C1,3.0,2.537710235392911,2.998389359567704,2.120740792880199
DPA4,bcc_to_fcc,pure_pocc_seed,POCC__fcc__POCC_39_H3C2__Hf27_Mo27_Ta27_Ti27_Zr27_n135,fcc,POCC_39_H3C2,3.0,2.3866388473266804,3.2292028229190284,0.4128251038383438
DPA4,bcc_to_fcc,pure_pocc_seed,POCC__fcc__POCC_40_H3C3__Hf27_Mo27_Ta27_Ti27_Zr27_n135,fcc,POCC_40_H3C3,3.0,2.9145381323519723,3.2521387264329604,0.5224463143213905
DPA4,bcc_to_fcc,pure_pocc_seed,POCC__fcc__POCC_49_H4C0__Hf27_Mo27_Ta27_Ti27_Zr27_n135,fcc,POCC_49_H4C0,4.0,1.5875789097831183,2.252319369397029,0.7642514965101386
DPA4,bcc_to_fcc,pure_pocc_aimd,POCC__fcc__POCC_01_H0C0__Hf27_Mo27_Ta27_Ti27_Zr27_n135,fcc,POCC_01_H0C0,0.0,2.525342638399991,2.9955977890411245,0.3165201608485156
DPA4,bcc_to_fcc,pure_pocc_aimd,POCC__fcc__POCC_02_H0C1__Hf27_Mo27_Ta27_Ti27_Zr27_n135,fcc,POCC_02_H0C1,0.0,2.545131939350971,3.204848431632029,0.3060918702240807
DPA4,bcc_to_fcc,pure_pocc_aimd,POCC__fcc__POCC_03_H0C2__Hf27_Mo27_Ta27_Ti27_Zr27_n135,fcc,POCC_03_H0C2,0.0,2.528001369173995,3.3904686736027334,0.3215223378254702
DPA4,bcc_to_fcc,pure_pocc_aimd,POCC__fcc__POCC_04_H0C3__Hf27_Mo27_Ta27_Ti27_Zr27_n135,fcc,POCC_04_H0C3,0.0,2.440475234257266,3.3170487299606446,0.2909413202246666
DPA4,bcc_to_fcc,pure_pocc_aimd,POCC__fcc__POCC_05_H0C4__Hf27_Mo27_Ta27_Ti27_Zr27_n135,fcc,POCC_05_H0C4,0.0,2.467071733149263,3.350738066073505,0.3054781472341664
DPA4,bcc_to_fcc,pure_pocc_aimd,POCC__fcc__POCC_06_H0C5__Hf27_Mo27_Ta27_Ti27_Zr27_n135,fcc,POCC_06_H0C5,0.0,2.36909997336356,3.318950402796052,0.2957777325217527
DPA4,bcc_to_fcc,pure_pocc_aimd,POCC__fcc__POCC_07_H0C6__Hf27_Mo27_Ta27_Ti27_Zr27_n135,fcc,POCC_07_H0C6,0.0,2.4767752824595,3.3992678201374296,0.325449564634929
DPA4,bcc_to_fcc,pure_pocc_aimd,POCC__fcc__POCC_08_H0C7__Hf27_Mo27_Ta27_Ti27_Zr27_n135,fcc,POCC_08_H0C7,0.0,3.170947396634692,3.4359239569690687,0.2750285410296971
DPA4,bcc_to_fcc,pure_pocc_aimd,POCC__fcc__POCC_09_H0C8__Hf27_Mo27_Ta27_Ti27_Zr27_n135,fcc,POCC_09_H0C8,0.0,2.5915960068979604,3.2570438179102164,0.3034929657873234
DPA4,bcc_to_fcc,pure_pocc_aimd,POCC__fcc__POCC_10_H0C10__Hf27_Mo27_Ta27_Ti27_Zr27_n135,fcc,POCC_10_H0C10,0.0,2.6840736784742827,3.1221427685043244,0.2768859353419359
DPA4,bcc_to_fcc,pure_pocc_aimd,POCC__fcc__POCC_11_H0C12__Hf27_Mo27_Ta27_Ti27_Zr27_n135,fcc,POCC_11_H0C12,0.0,2.3943778237443336,2.780337779494124,0.2816561293433627
DPA4,bcc_to_fcc,pure_pocc_aimd,POCC__fcc__POCC_12_H0C14__Hf27_Mo27_Ta27_Ti27_Zr27_n135,fcc,POCC_12_H0C14,0.0,2.368393262781358,2.996787299158997,0.2956066587594225
DPA4,bcc_to_fcc,pure_pocc_aimd,POCC__fcc__POCC_13_H1C0__Hf27_Mo27_Ta27_Ti27_Zr27_n135,fcc,POCC_13_H1C0,1.0,1.363531342826123,2.256776683147023,0.2147178500490126
DPA4,bcc_to_fcc,pure_pocc_aimd,POCC__fcc__POCC_14_H1C1__Hf27_Mo27_Ta27_Ti27_Zr27_n135,fcc,POCC_14_H1C1,1.0,1.184112274202077,1.9603285014360452,0.1994359784871977
DPA4,bcc_to_fcc,pure_pocc_aimd,POCC__fcc__POCC_15_H1C2__Hf27_Mo27_Ta27_Ti27_Zr27_n135,fcc,POCC_15_H1C2,1.0,1.2447037993510397,1.8557124975424064,0.2427225576704349
DPA4,bcc_to_fcc,pure_pocc_aimd,POCC__fcc__POCC_16_H1C3__Hf27_Mo27_Ta27_Ti27_Zr27_n135,fcc,POCC_16_H1C3,1.0,1.1180780381992206,1.78577483480186,0.2226534417007742
DPA4,bcc_to_fcc,pure_pocc_aimd,POCC__fcc__POCC_17_H1C4__Hf27_Mo27_Ta27_Ti27_Zr27_n135,fcc,POCC_17_H1C4,1.0,2.177075642375777,2.958730428701647,0.1709445680805665
DPA4,bcc_to_fcc,pure_pocc_aimd,POCC__fcc__POCC_18_H1C5__Hf27_Mo27_Ta27_Ti27_Zr27_n135,fcc,POCC_18_H1C5,1.0,2.462868892216433,3.0163057998105227,0.1733313687323789
DPA4,bcc_to_fcc,pure_pocc_aimd,POCC__fcc__POCC_19_H1C6__Hf27_Mo27_Ta27_Ti27_Zr27_n135,fcc,POCC_19_H1C6,1.0,1.1689107787422763,1.8314962669384105,0.2027255031842693
DPA4,bcc_to_fcc,pure_pocc_aimd,POCC__fcc__POCC_20_H1C7__Hf27_Mo27_Ta27_Ti27_Zr27_n135,fcc,POCC_20_H1C7,1.0,1.2858394856698738,1.920954508275389,0.19221173134319
DPA4,bcc_to_fcc,pure_pocc_aimd,POCC__fcc__POCC_21_H1C8__Hf27_Mo27_Ta27_Ti27_Zr27_n135,fcc,POCC_21_H1C8,1.0,1.312597975770036,2.0582289250555066,0.217310806859852
DPA4,bcc_to_fcc,pure_pocc_aimd,POCC__fcc__POCC_22_H1C10__Hf27_Mo27_Ta27_Ti27_Zr27_n135,fcc,POCC_22_H1C10,1.0,1.2900922303110396,2.001928740258058,0.2087561053020047
DPA4,bcc_to_fcc,pure_pocc_aimd,POCC__fcc__POCC_23_H1C12__Hf27_Mo27_Ta27_Ti27_Zr27_n135,fcc,POCC_23_H1C12,1.0,1.23647037369805,2.081467516491815,0.2190214017526706
DPA4,bcc_to_fcc,pure_pocc_aimd,POCC__fcc__POCC_24_H1C14__Hf27_Mo27_Ta27_Ti27_Zr27_n135,fcc,POCC_24_H1C14,1.0,1.4315958836390463,2.203985285563593,0.2083090089521974
DPA4,bcc_to_fcc,pure_pocc_aimd,POCC__fcc__POCC_25_H2C0__Hf18_Mo18_Ta18_Ti18_Zr18_n90,fcc,POCC_25_H2C0,2.0,1.1128657734783856,1.4053560267899543,0.1344749782315437
DPA4,bcc_to_fcc,pure_pocc_aimd,POCC__fcc__POCC_26_H2C1__Hf18_Mo18_Ta18_Ti18_Zr18_n90,fcc,POCC_26_H2C1,2.0,1.1917929618132603,1.4735415062351152,0.160531139972325
DPA4,bcc_to_fcc,pure_pocc_aimd,POCC__fcc__POCC_27_H2C2__Hf18_Mo18_Ta18_Ti18_Zr18_n90,fcc,POCC_27_H2C2,2.0,1.308714533122933,1.5895106530667298,0.1537359520246974
DPA4,bcc_to_fcc,pure_pocc_aimd,POCC__fcc__POCC_28_H2C3__Hf18_Mo18_Ta18_Ti18_Zr18_n90,fcc,POCC_28_H2C3,2.0,1.252983109032168,1.4749176235731642,0.1365194781177497
DPA4,bcc_to_fcc,pure_pocc_aimd,POCC__fcc__POCC_29_H2C4__Hf18_Mo18_Ta18_Ti18_Zr18_n90,fcc,POCC_29_H2C4,2.0,1.333404492484166,1.590579295306171,0.1514054630748312
DPA4,bcc_to_fcc,pure_pocc_aimd,POCC__fcc__POCC_30_H2C5__Hf18_Mo18_Ta18_Ti18_Zr18_n90,fcc,POCC_30_H2C5,2.0,1.3538464784871378,1.597093711157133,0.1577216251694458
DPA4,bcc_to_fcc,pure_pocc_aimd,POCC__fcc__POCC_31_H2C6__Hf18_Mo18_Ta18_Ti18_Zr18_n90,fcc,POCC_31_H2C6,2.0,1.1846885314524371,1.5611843135437218,0.2123159810701307
DPA4,bcc_to_fcc,pure_pocc_aimd,POCC__fcc__POCC_32_H2C7__Hf18_Mo18_Ta18_Ti18_Zr18_n90,fcc,POCC_32_H2C7,2.0,1.3024747311255072,1.5319644220957211,0.1585929260077387
DPA4,bcc_to_fcc,pure_pocc_aimd,POCC__fcc__POCC_33_H2C8__Hf18_Mo18_Ta18_Ti18_Zr18_n90,fcc,POCC_33_H2C8,2.0,1.2057738332388537,1.4868285019343963,0.1483300458093614
DPA4,bcc_to_fcc,pure_pocc_aimd,POCC__fcc__POCC_34_H2C10__Hf18_Mo18_Ta18_Ti18_Zr18_n90,fcc,POCC_34_H2C10,2.0,1.1173276376354773,1.3934495139717769,0.1284209739541082
DPA4,bcc_to_fcc,pure_pocc_aimd,POCC__fcc__POCC_35_H2C12__Hf18_Mo18_Ta18_Ti18_Zr18_n90,fcc,POCC_35_H2C12,2.0,1.2706548994764784,1.6403937261746904,0.2115270946045886
DPA4,bcc_to_fcc,pure_pocc_aimd,POCC__fcc__POCC_36_H2C14__Hf18_Mo18_Ta18_Ti18_Zr18_n90,fcc,POCC_36_H2C14,2.0,1.3059570482126577,1.53462528623517,0.1384957742346504
DPA4,bcc_to_fcc,pure_pocc_aimd,POCC__fcc__POCC_37_H3C0__Hf27_Mo27_Ta27_Ti27_Zr27_n135,fcc,POCC_37_H3C0,3.0,1.429274341368354,2.0020653747182604,0.1263440959971127
DPA4,bcc_to_fcc,pure_pocc_aimd,POCC__fcc__POCC_38_H3C1__Hf27_Mo27_Ta27_Ti27_Zr27_n135,fcc,POCC_38_H3C1,3.0,1.894425459390271,2.380231324515837,0.1505742271282617
DPA4,bcc_to_fcc,pure_pocc_aimd,POCC__fcc__POCC_39_H3C2__Hf27_Mo27_Ta27_Ti27_Zr27_n135,fcc,POCC_39_H3C2,3.0,2.022911974864259,2.680375875991876,0.1523838147950277
DPA4,bcc_to_fcc,pure_pocc_aimd,POCC__fcc__POCC_40_H3C3__Hf27_Mo27_Ta27_Ti27_Zr27_n135,fcc,POCC_40_H3C3,3.0,2.2371958200547035,2.908154381839396,0.153594649080088
DPA4,bcc_to_fcc,pure_pocc_aimd,POCC__fcc__POCC_49_H4C0__Hf27_Mo27_Ta27_Ti27_Zr27_n135,fcc,POCC_49_H4C0,4.0,0.9636867850613507,1.269813730301124,0.0922044145200476
